"","Apr","Aug","Dec","Feb","Jan","Jul","Jun","Mar","May","Nov","Oct","Sep","year","temp","dewp","NUM_CRIMES"
"1",0,0,0,0,1,0,0,0,0,0,0,0,2015,25.7,16,674
"2",0,0,0,0,1,0,0,0,0,0,0,0,2015,31.5,27,648
"3",0,0,0,0,1,0,0,0,0,0,0,0,2015,29,26.1,514
"4",0,0,0,0,1,0,0,0,0,0,0,0,2015,2.2,-7.4,523
"5",0,0,0,0,1,0,0,0,0,0,0,0,2015,8.1,-0.5,590
"6",0,0,0,0,1,0,0,0,0,0,0,0,2015,4.8,-3.9,647
"7",0,0,0,0,1,0,0,0,0,0,0,0,2015,25.8,14.1,650
"8",0,0,0,0,1,0,0,0,0,0,0,0,2015,23.1,16.3,607
"9",0,0,0,0,1,0,0,0,0,0,0,0,2015,16.9,8.7,612
"10",0,0,0,0,1,0,0,0,0,0,0,0,2015,10.5,5.8,675
"11",0,0,0,0,1,0,0,0,0,0,0,0,2015,22,14.6,763
"12",0,0,0,0,1,0,0,0,0,0,0,0,2015,28.3,22.4,710
"13",0,0,0,0,1,0,0,0,0,0,0,0,2015,34.2,26.6,741
"14",0,0,0,0,1,0,0,0,0,0,0,0,2015,36.8,29.5,698
"15",0,0,0,0,1,0,0,0,0,0,0,0,2015,31.8,26.7,709
"16",0,0,0,0,1,0,0,0,0,0,0,0,2015,33.6,30.3,793
"17",0,0,0,0,1,0,0,0,0,0,0,0,2015,30.9,27.6,746
"18",0,0,0,0,1,0,0,0,0,0,0,0,2015,29.9,22.7,752
"19",0,0,0,0,1,0,0,0,0,0,0,0,2015,29.6,23,800
"20",0,0,0,0,1,0,0,0,0,0,0,0,2015,32.7,26.4,756
"21",0,0,0,0,1,0,0,0,0,0,0,0,2015,31.1,27.5,646
"22",0,0,0,0,1,0,0,0,0,0,0,0,2015,23.2,15.8,656
"23",0,0,0,0,1,0,0,0,0,0,0,0,2015,27.4,21.8,675
"24",0,0,0,0,1,0,0,0,0,0,0,0,2015,25.8,17.5,647
"25",0,0,0,0,1,0,0,0,0,0,0,0,2015,33.3,25.2,704
"26",0,0,0,0,1,0,0,0,0,0,0,0,2015,27,12.5,714
"27",0,0,0,0,1,0,0,0,0,0,0,0,2015,27,17.9,636
"28",0,0,0,1,0,0,0,0,0,0,0,0,2015,29.1,26.8,562
"29",0,0,0,1,0,0,0,0,0,0,0,0,2015,21.1,16.4,577
"30",0,0,0,1,0,0,0,0,0,0,0,0,2015,7.4,-3,572
"31",0,0,0,1,0,0,0,0,0,0,0,0,2015,17.5,7.9,696
"32",0,0,0,1,0,0,0,0,0,0,0,0,2015,29.1,24.3,679
"33",0,0,0,1,0,0,0,0,0,0,0,0,2015,36,33.1,615
"34",0,0,0,1,0,0,0,0,0,0,0,0,2015,25.6,22.3,607
"35",0,0,0,1,0,0,0,0,0,0,0,0,2015,24.8,16.8,629
"36",0,0,0,1,0,0,0,0,0,0,0,0,2015,30.6,22.8,606
"37",0,0,0,1,0,0,0,0,0,0,0,0,2015,15.9,3.6,611
"38",0,0,0,1,0,0,0,0,0,0,0,0,2015,11,1.8,632
"39",0,0,0,1,0,0,0,0,0,0,0,0,2015,18.6,8.5,597
"40",0,0,0,1,0,0,0,0,0,0,0,0,2015,4.5,-6.2,552
"41",0,0,0,1,0,0,0,0,0,0,0,0,2015,11.8,-1.9,539
"42",0,0,0,1,0,0,0,0,0,0,0,0,2015,16.5,6.6,597
"43",0,0,0,1,0,0,0,0,0,0,0,0,2015,3.3,-6.4,651
"44",0,0,0,1,0,0,0,0,0,0,0,0,2015,21.7,12,652
"45",0,0,0,1,0,0,0,0,0,0,0,0,2015,21.4,10.8,593
"46",0,0,0,1,0,0,0,0,0,0,0,0,2015,4.2,-10.4,572
"47",0,0,0,1,0,0,0,0,0,0,0,0,2015,11.3,-0.3,628
"48",0,0,0,1,0,0,0,0,0,0,0,0,2015,21.1,7.5,572
"49",0,0,0,1,0,0,0,0,0,0,0,0,2015,16.8,10.2,518
"50",0,0,0,1,0,0,0,0,0,0,0,0,2015,6,-6.6,638
"51",0,0,0,1,0,0,0,0,0,0,0,0,2015,6,-4.6,545
"52",0,0,0,0,0,0,0,1,0,0,0,0,2015,18.3,12.8,759
"53",0,0,0,0,0,0,0,1,0,0,0,0,2015,21.3,10.5,658
"54",0,0,0,0,0,0,0,1,0,0,0,0,2015,28.2,22.2,636
"55",0,0,0,0,0,0,0,1,0,0,0,0,2015,24.1,14.5,562
"56",0,0,0,0,0,0,0,1,0,0,0,0,2015,11.6,-3.9,612
"57",0,0,0,0,0,0,0,1,0,0,0,0,2015,12.4,2,712
"58",0,0,0,0,0,0,0,1,0,0,0,0,2015,31.7,22,697
"59",0,0,0,0,0,0,0,1,0,0,0,0,2015,34.9,27.1,625
"60",0,0,0,0,0,0,0,1,0,0,0,0,2015,36.8,26.3,726
"61",0,0,0,0,0,0,0,1,0,0,0,0,2015,40.5,36.1,754
"62",0,0,0,0,0,0,0,1,0,0,0,0,2015,42.1,33.1,746
"63",0,0,0,0,0,0,0,1,0,0,0,0,2015,41.8,26.4,752
"64",0,0,0,0,0,0,0,1,0,0,0,0,2015,47,30.3,814
"65",0,0,0,0,0,0,0,1,0,0,0,0,2015,51,37.4,798
"66",0,0,0,0,0,0,0,1,0,0,0,0,2015,45.2,32,779
"67",0,0,0,0,0,0,0,1,0,0,0,0,2015,58,37.1,779
"68",0,0,0,0,0,0,0,1,0,0,0,0,2015,44.6,26.1,692
"69",0,0,0,0,0,0,0,1,0,0,0,0,2015,36.8,14.7,690
"70",0,0,0,0,0,0,0,1,0,0,0,0,2015,41.7,17.7,717
"71",0,0,0,0,0,0,0,1,0,0,0,0,2015,42.5,30.3,777
"72",0,0,0,0,0,0,0,1,0,0,0,0,2015,42.5,34.1,689
"73",0,0,0,0,0,0,0,1,0,0,0,0,2015,32.4,21.6,656
"74",0,0,0,0,0,0,0,1,0,0,0,0,2015,29.1,23.9,592
"75",0,0,0,0,0,0,0,1,0,0,0,0,2015,29.7,20.6,639
"76",0,0,0,0,0,0,0,1,0,0,0,0,2015,36.6,31.4,724
"77",0,0,0,0,0,0,0,1,0,0,0,0,2015,36.7,27.5,684
"78",0,0,0,0,0,0,0,1,0,0,0,0,2015,29,15.6,725
"79",0,0,0,0,0,0,0,1,0,0,0,0,2015,26.8,11.3,657
"80",0,0,0,0,0,0,0,1,0,0,0,0,2015,31.6,18.6,619
"81",0,0,0,0,0,0,0,1,0,0,0,0,2015,46,30.5,719
"82",0,0,0,0,0,0,0,1,0,0,0,0,2015,48.7,35.2,693
"83",1,0,0,0,0,0,0,0,0,0,0,0,2015,51.9,35.1,929
"84",1,0,0,0,0,0,0,0,0,0,0,0,2015,58.5,42.9,794
"85",1,0,0,0,0,0,0,0,0,0,0,0,2015,50.1,30.9,710
"86",1,0,0,0,0,0,0,0,0,0,0,0,2015,39.7,23.1,694
"87",1,0,0,0,0,0,0,0,0,0,0,0,2015,53.5,23.8,673
"88",1,0,0,0,0,0,0,0,0,0,0,0,2015,45.5,34.5,676
"89",1,0,0,0,0,0,0,0,0,0,0,0,2015,40.4,35.9,603
"90",1,0,0,0,0,0,0,0,0,0,0,0,2015,44.5,42.2,679
"91",1,0,0,0,0,0,0,0,0,0,0,0,2015,50.5,48.2,648
"92",1,0,0,0,0,0,0,0,0,0,0,0,2015,52.6,41.8,714
"93",1,0,0,0,0,0,0,0,0,0,0,0,2015,47.7,33.4,720
"94",1,0,0,0,0,0,0,0,0,0,0,0,2015,54.7,32.7,773
"95",1,0,0,0,0,0,0,0,0,0,0,0,2015,60.1,40.3,735
"96",1,0,0,0,0,0,0,0,0,0,0,0,2015,55.8,24.5,767
"97",1,0,0,0,0,0,0,0,0,0,0,0,2015,54,24.6,802
"98",1,0,0,0,0,0,0,0,0,0,0,0,2015,52.9,35.9,688
"99",1,0,0,0,0,0,0,0,0,0,0,0,2015,60.2,44.3,785
"100",1,0,0,0,0,0,0,0,0,0,0,0,2015,59.6,42.6,769
"101",1,0,0,0,0,0,0,0,0,0,0,0,2015,55.6,34.7,703
"102",1,0,0,0,0,0,0,0,0,0,0,0,2015,48.6,44.4,743
"103",1,0,0,0,0,0,0,0,0,0,0,0,2015,44.3,29,663
"104",1,0,0,0,0,0,0,0,0,0,0,0,2015,39.7,23.7,682
"105",1,0,0,0,0,0,0,0,0,0,0,0,2015,42.3,21.3,731
"106",1,0,0,0,0,0,0,0,0,0,0,0,2015,44.2,23,761
"107",1,0,0,0,0,0,0,0,0,0,0,0,2015,43.5,37.2,695
"108",1,0,0,0,0,0,0,0,0,0,0,0,2015,44.8,28.7,718
"109",1,0,0,0,0,0,0,0,0,0,0,0,2015,46.3,30.2,721
"110",1,0,0,0,0,0,0,0,0,0,0,0,2015,46.3,33.7,719
"111",1,0,0,0,0,0,0,0,0,0,0,0,2015,49.7,34.3,766
"112",1,0,0,0,0,0,0,0,0,0,0,0,2015,45.6,33.9,666
"113",0,0,0,0,0,0,0,0,1,0,0,0,2015,62.1,38.1,687
"114",0,0,0,0,0,0,0,0,1,0,0,0,2015,67.4,42.6,745
"115",0,0,0,0,0,0,0,0,1,0,0,0,2015,65.1,54.6,779
"116",0,0,0,0,0,0,0,0,1,0,0,0,2015,52.1,45.6,697
"117",0,0,0,0,0,0,0,0,1,0,0,0,2015,55.6,50.9,739
"118",0,0,0,0,0,0,0,0,1,0,0,0,2015,66.9,52,826
"119",0,0,0,0,0,0,0,0,1,0,0,0,2015,71.1,60.7,807
"120",0,0,0,0,0,0,0,0,1,0,0,0,2015,59.5,56.2,685
"121",0,0,0,0,0,0,0,0,1,0,0,0,2015,48.5,45.8,741
"122",0,0,0,0,0,0,0,0,1,0,0,0,2015,56.4,52.7,749
"123",0,0,0,0,0,0,0,0,1,0,0,0,2015,52,39.5,757
"124",0,0,0,0,0,0,0,0,1,0,0,0,2015,47.6,34.7,768
"125",0,0,0,0,0,0,0,0,1,0,0,0,2015,52.2,38.8,755
"126",0,0,0,0,0,0,0,0,1,0,0,0,2015,63.2,56.8,822
"127",0,0,0,0,0,0,0,0,1,0,0,0,2015,69,62.5,882
"128",0,0,0,0,0,0,0,0,1,0,0,0,2015,72.3,65,836
"129",0,0,0,0,0,0,0,0,1,0,0,0,2015,72.1,58.3,758
"130",0,0,0,0,0,0,0,0,1,0,0,0,2015,50.4,36.9,708
"131",0,0,0,0,0,0,0,0,1,0,0,0,2015,43.5,30.2,730
"132",0,0,0,0,0,0,0,0,1,0,0,0,2015,51.8,37.7,745
"133",0,0,0,0,0,0,0,0,1,0,0,0,2015,58.8,35.1,824
"134",0,0,0,0,0,0,0,0,1,0,0,0,2015,61.8,35.6,798
"135",0,0,0,0,0,0,0,0,1,0,0,0,2015,66.1,49.3,687
"136",0,0,0,0,0,0,0,0,1,0,0,0,2015,70.4,62.1,708
"137",0,0,0,0,0,0,0,0,1,0,0,0,2015,70.6,62.5,770
"138",0,0,0,0,0,0,0,0,1,0,0,0,2015,68.4,59.1,738
"139",0,0,0,0,0,0,0,0,1,0,0,0,2015,69.5,54.3,800
"140",0,0,0,0,0,0,0,0,1,0,0,0,2015,72.1,60.3,828
"141",0,0,0,0,0,0,0,0,1,0,0,0,2015,64.4,58.8,719
"142",0,0,0,0,0,0,0,0,1,0,0,0,2015,47.5,39.5,666
"143",0,0,0,0,0,0,1,0,0,0,0,0,2015,55.5,40.1,772
"144",0,0,0,0,0,0,1,0,0,0,0,0,2015,62.3,49.2,778
"145",0,0,0,0,0,0,1,0,0,0,0,0,2015,68.2,56.7,721
"146",0,0,0,0,0,0,1,0,0,0,0,0,2015,65.3,56.7,786
"147",0,0,0,0,0,0,1,0,0,0,0,0,2015,60.1,50,758
"148",0,0,0,0,0,0,1,0,0,0,0,0,2015,65.7,57.7,739
"149",0,0,0,0,0,0,1,0,0,0,0,0,2015,73.1,63.8,682
"150",0,0,0,0,0,0,1,0,0,0,0,0,2015,69.7,56.2,732
"151",0,0,0,0,0,0,1,0,0,0,0,0,2015,80.2,62.3,793
"152",0,0,0,0,0,0,1,0,0,0,0,0,2015,68.9,57,804
"153",0,0,0,0,0,0,1,0,0,0,0,0,2015,61.5,59,828
"154",0,0,0,0,0,0,1,0,0,0,0,0,2015,66.1,60.5,813
"155",0,0,0,0,0,0,1,0,0,0,0,0,2015,73.3,67.9,795
"156",0,0,0,0,0,0,1,0,0,0,0,0,2015,74.8,69.9,739
"157",0,0,0,0,0,0,1,0,0,0,0,0,2015,68.6,58.7,847
"158",0,0,0,0,0,0,1,0,0,0,0,0,2015,61.3,51,722
"159",0,0,0,0,0,0,1,0,0,0,0,0,2015,71.6,65.4,768
"160",0,0,0,0,0,0,1,0,0,0,0,0,2015,60.8,50.8,774
"161",0,0,0,0,0,0,1,0,0,0,0,0,2015,62.8,53.5,766
"162",0,0,0,0,0,0,1,0,0,0,0,0,2015,73.5,64.7,783
"163",0,0,0,0,0,0,1,0,0,0,0,0,2015,75.2,69.2,780
"164",0,0,0,0,0,0,1,0,0,0,0,0,2015,75.3,59.3,732
"165",0,0,0,0,0,0,1,0,0,0,0,0,2015,70.2,56.5,728
"166",0,0,0,0,0,0,1,0,0,0,0,0,2015,70.7,64,784
"167",0,0,0,0,0,0,1,0,0,0,0,0,2015,63.1,58.8,784
"168",0,0,0,0,0,0,1,0,0,0,0,0,2015,64,52.1,723
"169",0,0,0,0,0,0,1,0,0,0,0,0,2015,67.5,51,797
"170",0,0,0,0,0,0,1,0,0,0,0,0,2015,68.1,61.6,752
"171",0,0,0,0,0,0,1,0,0,0,0,0,2015,68.1,61.4,749
"172",0,0,0,0,0,1,0,0,0,0,0,0,2015,60.7,52.7,889
"173",0,0,0,0,0,1,0,0,0,0,0,0,2015,59.3,51.8,757
"174",0,0,0,0,0,1,0,0,0,0,0,0,2015,64.2,51.9,768
"175",0,0,0,0,0,1,0,0,0,0,0,0,2015,69.7,54.4,845
"176",0,0,0,0,0,1,0,0,0,0,0,0,2015,72.4,58.4,898
"177",0,0,0,0,0,1,0,0,0,0,0,0,2015,74.2,64.9,757
"178",0,0,0,0,0,1,0,0,0,0,0,0,2015,67.3,58.1,701
"179",0,0,0,0,0,1,0,0,0,0,0,0,2015,59.7,50.2,718
"180",0,0,0,0,0,1,0,0,0,0,0,0,2015,63.6,56,672
"181",0,0,0,0,0,1,0,0,0,0,0,0,2015,69,56.5,739
"182",0,0,0,0,0,1,0,0,0,0,0,0,2015,70.4,57.8,798
"183",0,0,0,0,0,1,0,0,0,0,0,0,2015,73.6,65.6,801
"184",0,0,0,0,0,1,0,0,0,0,0,0,2015,75.7,68.2,782
"185",0,0,0,0,0,1,0,0,0,0,0,0,2015,76.2,66.4,711
"186",0,0,0,0,0,1,0,0,0,0,0,0,2015,65.8,53.1,795
"187",0,0,0,0,0,1,0,0,0,0,0,0,2015,66,56.4,673
"188",0,0,0,0,0,1,0,0,0,0,0,0,2015,77.3,70.9,825
"189",0,0,0,0,0,1,0,0,0,0,0,0,2015,78.7,71.4,776
"190",0,0,0,0,0,1,0,0,0,0,0,0,2015,79.4,69.6,764
"191",0,0,0,0,0,1,0,0,0,0,0,0,2015,74.5,62,778
"192",0,0,0,0,0,1,0,0,0,0,0,0,2015,74.9,58.2,777
"193",0,0,0,0,0,1,0,0,0,0,0,0,2015,73.6,55.9,774
"194",0,0,0,0,0,1,0,0,0,0,0,0,2015,74.4,56.6,810
"195",0,0,0,0,0,1,0,0,0,0,0,0,2015,75.2,60.1,867
"196",0,0,0,0,0,1,0,0,0,0,0,0,2015,79.5,67.1,832
"197",0,0,0,0,0,1,0,0,0,0,0,0,2015,74.7,65.5,802
"198",0,0,0,0,0,1,0,0,0,0,0,0,2015,77.2,64,835
"199",0,0,0,0,0,1,0,0,0,0,0,0,2015,79.4,66.6,767
"200",0,0,0,0,0,1,0,0,0,0,0,0,2015,81.3,66,764
"201",0,0,0,0,0,1,0,0,0,0,0,0,2015,77.1,55.3,775
"202",0,0,0,0,0,1,0,0,0,0,0,0,2015,78.2,56.4,782
"203",0,1,0,0,0,0,0,0,0,0,0,0,2015,79.6,65.4,822
"204",0,1,0,0,0,0,0,0,0,0,0,0,2015,75.7,60.1,729
"205",0,1,0,0,0,0,0,0,0,0,0,0,2015,72.2,53.5,761
"206",0,1,0,0,0,0,0,0,0,0,0,0,2015,72.7,55.6,772
"207",0,1,0,0,0,0,0,0,0,0,0,0,2015,73.3,60.6,809
"208",0,1,0,0,0,0,0,0,0,0,0,0,2015,73.2,59.3,839
"209",0,1,0,0,0,0,0,0,0,0,0,0,2015,75.3,62.6,849
"210",0,1,0,0,0,0,0,0,0,0,0,0,2015,71.8,65.9,745
"211",0,1,0,0,0,0,0,0,0,0,0,0,2015,75.1,67.7,809
"212",0,1,0,0,0,0,0,0,0,0,0,0,2015,72.9,62.3,791
"213",0,1,0,0,0,0,0,0,0,0,0,0,2015,71.2,56.8,760
"214",0,1,0,0,0,0,0,0,0,0,0,0,2015,73.8,60.4,784
"215",0,1,0,0,0,0,0,0,0,0,0,0,2015,78.2,66.1,808
"216",0,1,0,0,0,0,0,0,0,0,0,0,2015,76.6,66.7,826
"217",0,1,0,0,0,0,0,0,0,0,0,0,2015,78.7,69.1,865
"218",0,1,0,0,0,0,0,0,0,0,0,0,2015,78.6,67.1,741
"219",0,1,0,0,0,0,0,0,0,0,0,0,2015,73.6,66.8,762
"220",0,1,0,0,0,0,0,0,0,0,0,0,2015,71.7,63.2,793
"221",0,1,0,0,0,0,0,0,0,0,0,0,2015,64.8,52.9,839
"222",0,1,0,0,0,0,0,0,0,0,0,0,2015,68.7,53,858
"223",0,1,0,0,0,0,0,0,0,0,0,0,2015,72.1,56.7,845
"224",0,1,0,0,0,0,0,0,0,0,0,0,2015,71.5,58.6,806
"225",0,1,0,0,0,0,0,0,0,0,0,0,2015,65,49,724
"226",0,1,0,0,0,0,0,0,0,0,0,0,2015,63.4,48.2,767
"227",0,1,0,0,0,0,0,0,0,0,0,0,2015,61.9,52.4,792
"228",0,1,0,0,0,0,0,0,0,0,0,0,2015,63.1,52.3,764
"229",0,1,0,0,0,0,0,0,0,0,0,0,2015,65.5,56.8,806
"230",0,1,0,0,0,0,0,0,0,0,0,0,2015,67.6,63.2,761
"231",0,1,0,0,0,0,0,0,0,0,0,0,2015,68.4,63.9,800
"232",0,1,0,0,0,0,0,0,0,0,0,0,2015,71,64.2,745
"233",0,0,0,0,0,0,0,0,0,0,0,1,2015,80.3,69.4,801
"234",0,0,0,0,0,0,0,0,0,0,0,1,2015,81,68.3,875
"235",0,0,0,0,0,0,0,0,0,0,0,1,2015,74.4,66.8,815
"236",0,0,0,0,0,0,0,0,0,0,0,1,2015,75.4,67.3,767
"237",0,0,0,0,0,0,0,0,0,0,0,1,2015,79.9,66.6,818
"238",0,0,0,0,0,0,0,0,0,0,0,1,2015,81.5,66.9,808
"239",0,0,0,0,0,0,0,0,0,0,0,1,2015,77,69.6,717
"240",0,0,0,0,0,0,0,0,0,0,0,1,2015,70.2,60.4,711
"241",0,0,0,0,0,0,0,0,0,0,0,1,2015,64,56,659
"242",0,0,0,0,0,0,0,0,0,0,0,1,2015,61.9,56.5,691
"243",0,0,0,0,0,0,0,0,0,0,0,1,2015,57.6,45.8,724
"244",0,0,0,0,0,0,0,0,0,0,0,1,2015,58.1,44.5,734
"245",0,0,0,0,0,0,0,0,0,0,0,1,2015,65.3,48.8,791
"246",0,0,0,0,0,0,0,0,0,0,0,1,2015,72.9,53.9,813
"247",0,0,0,0,0,0,0,0,0,0,0,1,2015,70.5,52.8,766
"248",0,0,0,0,0,0,0,0,0,0,0,1,2015,71.7,58.5,717
"249",0,0,0,0,0,0,0,0,0,0,0,1,2015,72,67.2,791
"250",0,0,0,0,0,0,0,0,0,0,0,1,2015,65.5,57.4,792
"251",0,0,0,0,0,0,0,0,0,0,0,1,2015,60.4,48.6,811
"252",0,0,0,0,0,0,0,0,0,0,0,1,2015,62.1,49.4,735
"253",0,0,0,0,0,0,0,0,0,0,0,1,2015,64.6,51.5,777
"254",0,0,0,0,0,0,0,0,0,0,0,1,2015,68.2,52.1,833
"255",0,0,0,0,0,0,0,0,0,0,0,1,2015,66.7,56.6,718
"256",0,0,0,0,0,0,0,0,0,0,0,1,2015,65.5,59.6,811
"257",0,0,0,0,0,0,0,0,0,0,0,1,2015,67,58.5,792
"258",0,0,0,0,0,0,0,0,0,0,0,1,2015,67.4,59.5,802
"259",0,0,0,0,0,0,0,0,0,0,0,1,2015,69.6,63.6,753
"260",0,0,0,0,0,0,0,0,0,0,0,1,2015,64.4,59.6,670
"261",0,0,0,0,0,0,0,0,0,0,0,1,2015,56.7,44.1,678
"262",0,0,0,0,0,0,0,0,0,0,1,0,2015,55.2,42.4,889
"263",0,0,0,0,0,0,0,0,0,0,1,0,2015,55,41.7,799
"264",0,0,0,0,0,0,0,0,0,0,1,0,2015,52.1,39.6,709
"265",0,0,0,0,0,0,0,0,0,0,1,0,2015,51.9,47.4,654
"266",0,0,0,0,0,0,0,0,0,0,1,0,2015,57,53.8,755
"267",0,0,0,0,0,0,0,0,0,0,1,0,2015,60.2,53.8,752
"268",0,0,0,0,0,0,0,0,0,0,1,0,2015,62,54.9,718
"269",0,0,0,0,0,0,0,0,0,0,1,0,2015,61.7,52.4,701
"270",0,0,0,0,0,0,0,0,0,0,1,0,2015,60.4,52.1,795
"271",0,0,0,0,0,0,0,0,0,0,1,0,2015,53.2,43.7,729
"272",0,0,0,0,0,0,0,0,0,0,1,0,2015,61.5,46.7,735
"273",0,0,0,0,0,0,0,0,0,0,1,0,2015,67.1,48.6,732
"274",0,0,0,0,0,0,0,0,0,0,1,0,2015,55.7,41.3,741
"275",0,0,0,0,0,0,0,0,0,0,1,0,2015,52.3,39.3,764
"276",0,0,0,0,0,0,0,0,0,0,1,0,2015,54.8,36.3,816
"277",0,0,0,0,0,0,0,0,0,0,1,0,2015,48.9,30,734
"278",0,0,0,0,0,0,0,0,0,0,1,0,2015,42.5,23.1,706
"279",0,0,0,0,0,0,0,0,0,0,1,0,2015,44.6,26.8,675
"280",0,0,0,0,0,0,0,0,0,0,1,0,2015,54.9,30.7,788
"281",0,0,0,0,0,0,0,0,0,0,1,0,2015,63.7,37.7,785
"282",0,0,0,0,0,0,0,0,0,0,1,0,2015,62.7,51.9,794
"283",0,0,0,0,0,0,0,0,0,0,1,0,2015,59.8,48.8,774
"284",0,0,0,0,0,0,0,0,0,0,1,0,2015,55,44.5,777
"285",0,0,0,0,0,0,0,0,0,0,1,0,2015,61.8,57.9,765
"286",0,0,0,0,0,0,0,0,0,0,1,0,2015,51.3,39.1,728
"287",0,0,0,0,0,0,0,0,0,0,1,0,2015,49.2,38.7,781
"288",0,0,0,0,0,0,0,0,0,0,1,0,2015,53.2,42.9,651
"289",0,0,0,0,0,0,0,0,0,0,1,0,2015,52.7,50.5,682
"290",0,0,0,0,0,0,0,0,0,0,1,0,2015,40.6,32.8,669
"291",0,0,0,0,0,0,0,0,0,0,1,0,2015,45.5,37,776
"292",0,0,0,0,0,0,0,0,0,0,1,0,2015,46.8,42.1,721
"293",0,0,0,0,0,0,0,0,0,1,0,0,2015,57.9,43.4,785
"294",0,0,0,0,0,0,0,0,0,1,0,0,2015,58.4,47.9,749
"295",0,0,0,0,0,0,0,0,0,1,0,0,2015,57.5,54.5,791
"296",0,0,0,0,0,0,0,0,0,1,0,0,2015,63.8,56.8,755
"297",0,0,0,0,0,0,0,0,0,1,0,0,2015,55.5,48.3,747
"298",0,0,0,0,0,0,0,0,0,1,0,0,2015,44.3,34.5,691
"299",0,0,0,0,0,0,0,0,0,1,0,0,2015,40.8,28.1,705
"300",0,0,0,0,0,0,0,0,0,1,0,0,2015,41.7,28.2,684
"301",0,0,0,0,0,0,0,0,0,1,0,0,2015,45.1,32.3,640
"302",0,0,0,0,0,0,0,0,0,1,0,0,2015,47.9,36.8,688
"303",0,0,0,0,0,0,0,0,0,1,0,0,2015,48.4,42,693
"304",0,0,0,0,0,0,0,0,0,1,0,0,2015,41.7,27.6,679
"305",0,0,0,0,0,0,0,0,0,1,0,0,2015,38.9,26.1,696
"306",0,0,0,0,0,0,0,0,0,1,0,0,2015,52.5,33.5,722
"307",0,0,0,0,0,0,0,0,0,1,0,0,2015,51.6,35.8,744
"308",0,0,0,0,0,0,0,0,0,1,0,0,2015,51,48,668
"309",0,0,0,0,0,0,0,0,0,1,0,0,2015,58.4,50.7,683
"310",0,0,0,0,0,0,0,0,0,1,0,0,2015,44.6,31.7,696
"311",0,0,0,0,0,0,0,0,0,1,0,0,2015,35.9,17.5,714
"312",0,0,0,0,0,0,0,0,0,1,0,0,2015,31.9,29.5,528
"313",0,0,0,0,0,0,0,0,0,1,0,0,2015,19.1,13.2,520
"314",0,0,0,0,0,0,0,0,0,1,0,0,2015,28.4,22,650
"315",0,0,0,0,0,0,0,0,0,1,0,0,2015,31.6,26.8,607
"316",0,0,0,0,0,0,0,0,0,1,0,0,2015,38.3,30.9,620
"317",0,0,0,0,0,0,0,0,0,1,0,0,2015,52,46.4,589
"318",0,0,0,0,0,0,0,0,0,1,0,0,2015,45.5,42.5,613
"319",0,0,0,0,0,0,0,0,0,1,0,0,2015,34.7,28.5,658
"320",0,0,0,0,0,0,0,0,0,1,0,0,2015,32.7,25.7,612
"321",0,0,0,0,0,0,0,0,0,1,0,0,2015,40.1,31.7,668
"322",0,0,1,0,0,0,0,0,0,0,0,0,2015,41.6,36,797
"323",0,0,1,0,0,0,0,0,0,0,0,0,2015,34.8,31,716
"324",0,0,1,0,0,0,0,0,0,0,0,0,2015,33,28.4,710
"325",0,0,1,0,0,0,0,0,0,0,0,0,2015,36.6,32.2,700
"326",0,0,1,0,0,0,0,0,0,0,0,0,2015,35.8,32.1,707
"327",0,0,1,0,0,0,0,0,0,0,0,0,2015,35.8,31.6,687
"328",0,0,1,0,0,0,0,0,0,0,0,0,2015,33.7,32,689
"329",0,0,1,0,0,0,0,0,0,0,0,0,2015,40,36.6,733
"330",0,0,1,0,0,0,0,0,0,0,0,0,2015,46,40.7,685
"331",0,0,1,0,0,0,0,0,0,0,0,0,2015,48.3,38.4,690
"332",0,0,1,0,0,0,0,0,0,0,0,0,2015,45.9,35.1,742
"333",0,0,1,0,0,0,0,0,0,0,0,0,2015,49.7,45.2,752
"334",0,0,1,0,0,0,0,0,0,0,0,0,2015,55,52.9,652
"335",0,0,1,0,0,0,0,0,0,0,0,0,2015,54.7,51.1,739
"336",0,0,1,0,0,0,0,0,0,0,0,0,2015,41.3,35.8,793
"337",0,0,1,0,0,0,0,0,0,0,0,0,2015,43.3,38.4,722
"338",0,0,1,0,0,0,0,0,0,0,0,0,2015,33.4,24,728
"339",0,0,1,0,0,0,0,0,0,0,0,0,2015,27.7,17.1,653
"340",0,0,1,0,0,0,0,0,0,0,0,0,2015,23.3,12.8,666
"341",0,0,1,0,0,0,0,0,0,0,0,0,2015,34.2,23,693
"342",0,0,1,0,0,0,0,0,0,0,0,0,2015,46.3,40.1,650
"343",0,0,1,0,0,0,0,0,0,0,0,0,2015,39.3,37.3,694
"344",0,0,1,0,0,0,0,0,0,0,0,0,2015,47.1,45.5,754
"345",0,0,1,0,0,0,0,0,0,0,0,0,2015,42.1,34.5,675
"346",0,0,1,0,0,0,0,0,0,0,0,0,2015,39.1,34.8,640
"347",0,0,1,0,0,0,0,0,0,0,0,0,2015,38.4,36,627
"348",0,0,1,0,0,0,0,0,0,0,0,0,2015,33.5,27.4,516
"349",0,0,1,0,0,0,0,0,0,0,0,0,2015,33.5,31.1,624
"350",0,0,1,0,0,0,0,0,0,0,0,0,2015,28.8,23.6,603
"351",0,0,1,0,0,0,0,0,0,0,0,0,2015,27,21.3,611
"352",0,0,0,0,1,0,0,0,0,0,0,0,2016,27,19.4,576
"353",0,0,0,0,1,0,0,0,0,0,0,0,2016,26.8,19.3,618
"354",0,0,0,0,1,0,0,0,0,0,0,0,2016,26.9,18.5,626
"355",0,0,0,0,1,0,0,0,0,0,0,0,2016,25.5,17,627
"356",0,0,0,0,1,0,0,0,0,0,0,0,2016,28.3,20.9,628
"357",0,0,0,0,1,0,0,0,0,0,0,0,2016,36,26.4,707
"358",0,0,0,0,1,0,0,0,0,0,0,0,2016,38.5,34.2,743
"359",0,0,0,0,1,0,0,0,0,0,0,0,2016,37.1,36.6,650
"360",0,0,0,0,1,0,0,0,0,0,0,0,2016,19,14.2,597
"361",0,0,0,0,1,0,0,0,0,0,0,0,2016,5.1,-1.6,513
"362",0,0,0,0,1,0,0,0,0,0,0,0,2016,14,7.1,548
"363",0,0,0,0,1,0,0,0,0,0,0,0,2016,6.7,-0.8,654
"364",0,0,0,0,1,0,0,0,0,0,0,0,2016,30.6,23.7,734
"365",0,0,0,0,1,0,0,0,0,0,0,0,2016,39.9,35.4,734
"366",0,0,0,0,1,0,0,0,0,0,0,0,2016,28.4,21.3,652
"367",0,0,0,0,1,0,0,0,0,0,0,0,2016,7.5,-3,537
"368",0,0,0,0,1,0,0,0,0,0,0,0,2016,0.6,-9.9,515
"369",0,0,0,0,1,0,0,0,0,0,0,0,2016,5.8,-4.7,610
"370",0,0,0,0,1,0,0,0,0,0,0,0,2016,16.7,9.2,619
"371",0,0,0,0,1,0,0,0,0,0,0,0,2016,19,12.8,634
"372",0,0,0,0,1,0,0,0,0,0,0,0,2016,23.7,18.3,701
"373",0,0,0,0,1,0,0,0,0,0,0,0,2016,27.8,21,722
"374",0,0,0,0,1,0,0,0,0,0,0,0,2016,27.1,19,675
"375",0,0,0,0,1,0,0,0,0,0,0,0,2016,30.6,25.2,744
"376",0,0,0,0,1,0,0,0,0,0,0,0,2016,32.7,28.5,640
"377",0,0,0,0,1,0,0,0,0,0,0,0,2016,27.6,17.5,669
"378",0,0,0,0,1,0,0,0,0,0,0,0,2016,34.1,26.7,751
"379",0,0,0,0,1,0,0,0,0,0,0,0,2016,28.3,14.4,746
"380",0,0,0,0,1,0,0,0,0,0,0,0,2016,37.5,29.1,743
"381",0,0,0,0,1,0,0,0,0,0,0,0,2016,42.2,38.5,665
"382",0,0,0,1,0,0,0,0,0,0,0,0,2016,36,31.1,853
"383",0,0,0,1,0,0,0,0,0,0,0,0,2016,34.5,31.6,614
"384",0,0,0,1,0,0,0,0,0,0,0,0,2016,35.6,33.4,682
"385",0,0,0,1,0,0,0,0,0,0,0,0,2016,26.7,18,670
"386",0,0,0,1,0,0,0,0,0,0,0,0,2016,28.9,20.8,660
"387",0,0,0,1,0,0,0,0,0,0,0,0,2016,30.5,23.1,695
"388",0,0,0,1,0,0,0,0,0,0,0,0,2016,37.6,29.1,617
"389",0,0,0,1,0,0,0,0,0,0,0,0,2016,30.9,24.9,570
"390",0,0,0,1,0,0,0,0,0,0,0,0,2016,19.3,12.6,545
"391",0,0,0,1,0,0,0,0,0,0,0,0,2016,13.6,3.4,565
"392",0,0,0,1,0,0,0,0,0,0,0,0,2016,13,0.2,582
"393",0,0,0,1,0,0,0,0,0,0,0,0,2016,19.1,6.3,647
"394",0,0,0,1,0,0,0,0,0,0,0,0,2016,9.4,-7.7,597
"395",0,0,0,1,0,0,0,0,0,0,0,0,2016,13.9,2.2,514
"396",0,0,0,1,0,0,0,0,0,0,0,0,2016,20.7,17.9,553
"397",0,0,0,1,0,0,0,0,0,0,0,0,2016,27.5,21.9,625
"398",0,0,0,1,0,0,0,0,0,0,0,0,2016,28.4,20.3,641
"399",0,0,0,1,0,0,0,0,0,0,0,0,2016,29.6,21.5,681
"400",0,0,0,1,0,0,0,0,0,0,0,0,2016,47.5,35.3,775
"401",0,0,0,1,0,0,0,0,0,0,0,0,2016,49.1,32,702
"402",0,0,0,1,0,0,0,0,0,0,0,0,2016,39.6,31.6,707
"403",0,0,0,1,0,0,0,0,0,0,0,0,2016,35.1,27.1,639
"404",0,0,0,1,0,0,0,0,0,0,0,0,2016,35.6,26.1,630
"405",0,0,0,1,0,0,0,0,0,0,0,0,2016,34.8,27.3,578
"406",0,0,0,1,0,0,0,0,0,0,0,0,2016,33.4,23.9,699
"407",0,0,0,1,0,0,0,0,0,0,0,0,2016,31.1,16.4,740
"408",0,0,0,1,0,0,0,0,0,0,0,0,2016,36.7,24.3,692
"409",0,0,0,1,0,0,0,0,0,0,0,0,2016,51.7,36,624
"410",0,0,0,1,0,0,0,0,0,0,0,0,2016,40.8,30.6,646
"411",0,0,0,0,0,0,0,1,0,0,0,0,2016,28.3,23.2,817
"412",0,0,0,0,0,0,0,1,0,0,0,0,2016,20.6,6.8,608
"413",0,0,0,0,0,0,0,1,0,0,0,0,2016,30.1,24.1,617
"414",0,0,0,0,0,0,0,1,0,0,0,0,2016,30.1,19.1,704
"415",0,0,0,0,0,0,0,1,0,0,0,0,2016,33.5,28.4,700
"416",0,0,0,0,0,0,0,1,0,0,0,0,2016,38.8,29.1,714
"417",0,0,0,0,0,0,0,1,0,0,0,0,2016,51.3,39.9,795
"418",0,0,0,0,0,0,0,1,0,0,0,0,2016,61.8,49.6,723
"419",0,0,0,0,0,0,0,1,0,0,0,0,2016,61.1,55.1,679
"420",0,0,0,0,0,0,0,1,0,0,0,0,2016,49,40.9,716
"421",0,0,0,0,0,0,0,1,0,0,0,0,2016,42.7,34.4,733
"422",0,0,0,0,0,0,0,1,0,0,0,0,2016,43.3,36.6,746
"423",0,0,0,0,0,0,0,1,0,0,0,0,2016,46.8,42.8,628
"424",0,0,0,0,0,0,0,1,0,0,0,0,2016,46.9,44.1,684
"425",0,0,0,0,0,0,0,1,0,0,0,0,2016,49.5,45.2,713
"426",0,0,0,0,0,0,0,1,0,0,0,0,2016,52.6,42.1,745
"427",0,0,0,0,0,0,0,1,0,0,0,0,2016,47.4,29.3,738
"428",0,0,0,0,0,0,0,1,0,0,0,0,2016,41.3,27.6,791
"429",0,0,0,0,0,0,0,1,0,0,0,0,2016,38.5,30.4,699
"430",0,0,0,0,0,0,0,1,0,0,0,0,2016,36.8,25.7,685
"431",0,0,0,0,0,0,0,1,0,0,0,0,2016,38.4,23.6,699
"432",0,0,0,0,0,0,0,1,0,0,0,0,2016,47.8,31.3,722
"433",0,0,0,0,0,0,0,1,0,0,0,0,2016,41.6,35.3,686
"434",0,0,0,0,0,0,0,1,0,0,0,0,2016,37.1,35.9,677
"435",0,0,0,0,0,0,0,1,0,0,0,0,2016,34.5,26.5,717
"436",0,0,0,0,0,0,0,1,0,0,0,0,2016,40.1,31.9,735
"437",0,0,0,0,0,0,0,1,0,0,0,0,2016,46.9,37.8,631
"438",0,0,0,0,0,0,0,1,0,0,0,0,2016,45.1,36.9,741
"439",0,0,0,0,0,0,0,1,0,0,0,0,2016,43.7,31.2,739
"440",0,0,0,0,0,0,0,1,0,0,0,0,2016,48.9,35,716
"441",0,0,0,0,0,0,0,1,0,0,0,0,2016,59.8,54.5,754
"442",1,0,0,0,0,0,0,0,0,0,0,0,2016,44.9,37,826
"443",1,0,0,0,0,0,0,0,0,0,0,0,2016,35.2,25.1,651
"444",1,0,0,0,0,0,0,0,0,0,0,0,2016,40.1,21.6,706
"445",1,0,0,0,0,0,0,0,0,0,0,0,2016,40.6,28.5,660
"446",1,0,0,0,0,0,0,0,0,0,0,0,2016,33.5,18.2,677
"447",1,0,0,0,0,0,0,0,0,0,0,0,2016,44.5,37.6,660
"448",1,0,0,0,0,0,0,0,0,0,0,0,2016,40,33.8,742
"449",1,0,0,0,0,0,0,0,0,0,0,0,2016,36.9,27.7,626
"450",1,0,0,0,0,0,0,0,0,0,0,0,2016,30,15.1,689
"451",1,0,0,0,0,0,0,0,0,0,0,0,2016,37.1,27.1,704
"452",1,0,0,0,0,0,0,0,0,0,0,0,2016,47.7,38.8,676
"453",1,0,0,0,0,0,0,0,0,0,0,0,2016,39.7,21.5,701
"454",1,0,0,0,0,0,0,0,0,0,0,0,2016,42.7,26.8,715
"455",1,0,0,0,0,0,0,0,0,0,0,0,2016,47.7,29,691
"456",1,0,0,0,0,0,0,0,0,0,0,0,2016,53.5,31.7,811
"457",1,0,0,0,0,0,0,0,0,0,0,0,2016,57.6,38.4,734
"458",1,0,0,0,0,0,0,0,0,0,0,0,2016,62.5,39.5,708
"459",1,0,0,0,0,0,0,0,0,0,0,0,2016,65.7,39.7,738
"460",1,0,0,0,0,0,0,0,0,0,0,0,2016,54,40.6,703
"461",1,0,0,0,0,0,0,0,0,0,0,0,2016,58.1,41.6,690
"462",1,0,0,0,0,0,0,0,0,0,0,0,2016,61.6,52.8,714
"463",1,0,0,0,0,0,0,0,0,0,0,0,2016,51.2,44,731
"464",1,0,0,0,0,0,0,0,0,0,0,0,2016,47.6,37.8,694
"465",1,0,0,0,0,0,0,0,0,0,0,0,2016,56.2,42.6,756
"466",1,0,0,0,0,0,0,0,0,0,0,0,2016,69,52,758
"467",1,0,0,0,0,0,0,0,0,0,0,0,2016,53.4,46,693
"468",1,0,0,0,0,0,0,0,0,0,0,0,2016,44,38.4,661
"469",1,0,0,0,0,0,0,0,0,0,0,0,2016,44.9,40.7,731
"470",1,0,0,0,0,0,0,0,0,0,0,0,2016,44.3,39.9,719
"471",1,0,0,0,0,0,0,0,0,0,0,0,2016,44.8,39.9,605
"472",0,0,0,0,0,0,0,0,1,0,0,0,2016,45.2,43.6,820
"473",0,0,0,0,0,0,0,0,1,0,0,0,2016,49.3,38.7,757
"474",0,0,0,0,0,0,0,0,1,0,0,0,2016,52.8,36,735
"475",0,0,0,0,0,0,0,0,1,0,0,0,2016,52.3,40.3,682
"476",0,0,0,0,0,0,0,0,1,0,0,0,2016,48.8,36.7,701
"477",0,0,0,0,0,0,0,0,1,0,0,0,2016,59.2,41.2,794
"478",0,0,0,0,0,0,0,0,1,0,0,0,2016,64.6,42.6,742
"479",0,0,0,0,0,0,0,0,1,0,0,0,2016,55,31.3,729
"480",0,0,0,0,0,0,0,0,1,0,0,0,2016,55.9,43.4,732
"481",0,0,0,0,0,0,0,0,1,0,0,0,2016,54.2,52.9,713
"482",0,0,0,0,0,0,0,0,1,0,0,0,2016,58.2,55.3,758
"483",0,0,0,0,0,0,0,0,1,0,0,0,2016,61.2,56.3,690
"484",0,0,0,0,0,0,0,0,1,0,0,0,2016,57.6,44.5,808
"485",0,0,0,0,0,0,0,0,1,0,0,0,2016,46.3,37,723
"486",0,0,0,0,0,0,0,0,1,0,0,0,2016,45,28.4,739
"487",0,0,0,0,0,0,0,0,1,0,0,0,2016,55.7,34.6,782
"488",0,0,0,0,0,0,0,0,1,0,0,0,2016,54.3,41.7,692
"489",0,0,0,0,0,0,0,0,1,0,0,0,2016,52,36.4,801
"490",0,0,0,0,0,0,0,0,1,0,0,0,2016,55.2,35.1,764
"491",0,0,0,0,0,0,0,0,1,0,0,0,2016,58.5,37.3,805
"492",0,0,0,0,0,0,0,0,1,0,0,0,2016,62.5,35.9,792
"493",0,0,0,0,0,0,0,0,1,0,0,0,2016,66.2,41.2,750
"494",0,0,0,0,0,0,0,0,1,0,0,0,2016,66.1,43.9,782
"495",0,0,0,0,0,0,0,0,1,0,0,0,2016,71.9,46.9,803
"496",0,0,0,0,0,0,0,0,1,0,0,0,2016,75.9,59.7,721
"497",0,0,0,0,0,0,0,0,1,0,0,0,2016,71.1,64.1,767
"498",0,0,0,0,0,0,0,0,1,0,0,0,2016,74.2,64.9,800
"499",0,0,0,0,0,0,0,0,1,0,0,0,2016,73,64.9,791
"500",0,0,0,0,0,0,0,0,1,0,0,0,2016,71.8,61.1,798
"501",0,0,0,0,0,0,0,0,1,0,0,0,2016,74.5,57.5,820
"502",0,0,0,0,0,0,0,0,1,0,0,0,2016,72.6,56.4,756
"503",0,0,0,0,0,0,1,0,0,0,0,0,2016,68.1,62.4,937
"504",0,0,0,0,0,0,1,0,0,0,0,0,2016,70.1,54,800
"505",0,0,0,0,0,0,1,0,0,0,0,0,2016,70.1,53.3,822
"506",0,0,0,0,0,0,1,0,0,0,0,0,2016,68.8,58.4,827
"507",0,0,0,0,0,0,1,0,0,0,0,0,2016,68.2,58.3,777
"508",0,0,0,0,0,0,1,0,0,0,0,0,2016,71.2,54.2,792
"509",0,0,0,0,0,0,1,0,0,0,0,0,2016,63.3,47.9,754
"510",0,0,0,0,0,0,1,0,0,0,0,0,2016,60.7,47.3,744
"511",0,0,0,0,0,0,1,0,0,0,0,0,2016,61,50.9,727
"512",0,0,0,0,0,0,1,0,0,0,0,0,2016,73.8,63.2,765
"513",0,0,0,0,0,0,1,0,0,0,0,0,2016,82.4,63.1,816
"514",0,0,0,0,0,0,1,0,0,0,0,0,2016,71.4,49.1,852
"515",0,0,0,0,0,0,1,0,0,0,0,0,2016,67.9,47.8,794
"516",0,0,0,0,0,0,1,0,0,0,0,0,2016,74.1,58.5,835
"517",0,0,0,0,0,0,1,0,0,0,0,0,2016,78.4,68.2,790
"518",0,0,0,0,0,0,1,0,0,0,0,0,2016,74.4,62.5,821
"519",0,0,0,0,0,0,1,0,0,0,0,0,2016,70.8,54.8,830
"520",0,0,0,0,0,0,1,0,0,0,0,0,2016,74.3,51.2,763
"521",0,0,0,0,0,0,1,0,0,0,0,0,2016,77.7,56,811
"522",0,0,0,0,0,0,1,0,0,0,0,0,2016,83.4,65.5,857
"523",0,0,0,0,0,0,1,0,0,0,0,0,2016,75.5,50.7,825
"524",0,0,0,0,0,0,1,0,0,0,0,0,2016,71.8,58.6,749
"525",0,0,0,0,0,0,1,0,0,0,0,0,2016,70.3,65.6,801
"526",0,0,0,0,0,0,1,0,0,0,0,0,2016,70.9,56.8,807
"527",0,0,0,0,0,0,1,0,0,0,0,0,2016,76.7,61.4,813
"528",0,0,0,0,0,0,1,0,0,0,0,0,2016,81.3,68.7,775
"529",0,0,0,0,0,0,1,0,0,0,0,0,2016,79.6,60,771
"530",0,0,0,0,0,0,1,0,0,0,0,0,2016,68.2,53.5,767
"531",0,0,0,0,0,0,1,0,0,0,0,0,2016,66.8,50.2,804
"532",0,0,0,0,0,0,1,0,0,0,0,0,2016,69.4,50.6,847
"533",0,0,0,0,0,1,0,0,0,0,0,0,2016,65.5,47.8,756
"534",0,0,0,0,0,1,0,0,0,0,0,0,2016,68,51.4,782
"535",0,0,0,0,0,1,0,0,0,0,0,0,2016,70.8,60.1,848
"536",0,0,0,0,0,1,0,0,0,0,0,0,2016,75.5,64.5,895
"537",0,0,0,0,0,1,0,0,0,0,0,0,2016,77.4,66.9,742
"538",0,0,0,0,0,1,0,0,0,0,0,0,2016,76.8,68.8,790
"539",0,0,0,0,0,1,0,0,0,0,0,0,2016,75.9,66.7,790
"540",0,0,0,0,0,1,0,0,0,0,0,0,2016,73.1,58.9,729
"541",0,0,0,0,0,1,0,0,0,0,0,0,2016,72.4,56.5,760
"542",0,0,0,0,0,1,0,0,0,0,0,0,2016,78.3,65.6,701
"543",0,0,0,0,0,1,0,0,0,0,0,0,2016,81.1,69.3,780
"544",0,0,0,0,0,1,0,0,0,0,0,0,2016,77.8,68.9,726
"545",0,0,0,0,0,1,0,0,0,0,0,0,2016,76,64.1,769
"546",0,0,0,0,0,1,0,0,0,0,0,0,2016,70.8,58.2,846
"547",0,0,0,0,0,1,0,0,0,0,0,0,2016,67.3,56.1,780
"548",0,0,0,0,0,1,0,0,0,0,0,0,2016,70.5,59.4,789
"549",0,0,0,0,0,1,0,0,0,0,0,0,2016,78.6,67.1,799
"550",0,0,0,0,0,1,0,0,0,0,0,0,2016,78.6,62.9,791
"551",0,0,0,0,0,1,0,0,0,0,0,0,2016,78.8,65.7,825
"552",0,0,0,0,0,1,0,0,0,0,0,0,2016,81,72.2,785
"553",0,0,0,0,0,1,0,0,0,0,0,0,2016,79.2,70.9,792
"554",0,0,0,0,0,1,0,0,0,0,0,0,2016,84.6,74.6,814
"555",0,0,0,0,0,1,0,0,0,0,0,0,2016,78.5,72.6,790
"556",0,0,0,0,0,1,0,0,0,0,0,0,2016,79,66.4,827
"557",0,0,0,0,0,1,0,0,0,0,0,0,2016,78.9,63.5,877
"558",0,0,0,0,0,1,0,0,0,0,0,0,2016,79.3,63.2,795
"559",0,0,0,0,0,1,0,0,0,0,0,0,2016,76.8,67.2,774
"560",0,0,0,0,0,1,0,0,0,0,0,0,2016,73.2,68.8,802
"561",0,0,0,0,0,1,0,0,0,0,0,0,2016,72.3,65.6,927
"562",0,0,0,0,0,1,0,0,0,0,0,0,2016,72.7,63.9,813
"563",0,1,0,0,0,0,0,0,0,0,0,0,2016,74.7,64.9,882
"564",0,1,0,0,0,0,0,0,0,0,0,0,2016,77.2,65.7,793
"565",0,1,0,0,0,0,0,0,0,0,0,0,2016,79.6,66.1,772
"566",0,1,0,0,0,0,0,0,0,0,0,0,2016,80.7,65.4,793
"567",0,1,0,0,0,0,0,0,0,0,0,0,2016,78.2,67.7,862
"568",0,1,0,0,0,0,0,0,0,0,0,0,2016,75.7,60.1,828
"569",0,1,0,0,0,0,0,0,0,0,0,0,2016,74.7,59,838
"570",0,1,0,0,0,0,0,0,0,0,0,0,2016,76.9,61,804
"571",0,1,0,0,0,0,0,0,0,0,0,0,2016,77.7,60.8,725
"572",0,1,0,0,0,0,0,0,0,0,0,0,2016,80.4,65.5,722
"573",0,1,0,0,0,0,0,0,0,0,0,0,2016,81.7,68.7,852
"574",0,1,0,0,0,0,0,0,0,0,0,0,2016,79.9,72.8,746
"575",0,1,0,0,0,0,0,0,0,0,0,0,2016,77,71.3,827
"576",0,1,0,0,0,0,0,0,0,0,0,0,2016,76.7,63.7,843
"577",0,1,0,0,0,0,0,0,0,0,0,0,2016,74.5,66.1,843
"578",0,1,0,0,0,0,0,0,0,0,0,0,2016,76.5,67.1,816
"579",0,1,0,0,0,0,0,0,0,0,0,0,2016,77,65.6,862
"580",0,1,0,0,0,0,0,0,0,0,0,0,2016,76.9,69,767
"581",0,1,0,0,0,0,0,0,0,0,0,0,2016,75.3,66.2,793
"582",0,1,0,0,0,0,0,0,0,0,0,0,2016,74.7,68.4,844
"583",0,1,0,0,0,0,0,0,0,0,0,0,2016,66.4,55.3,786
"584",0,1,0,0,0,0,0,0,0,0,0,0,2016,67.1,52,728
"585",0,1,0,0,0,0,0,0,0,0,0,0,2016,70.5,58.1,753
"586",0,1,0,0,0,0,0,0,0,0,0,0,2016,74.9,66.5,823
"587",0,1,0,0,0,0,0,0,0,0,0,0,2016,76.4,69,770
"588",0,1,0,0,0,0,0,0,0,0,0,0,2016,72.4,61.3,803
"589",0,1,0,0,0,0,0,0,0,0,0,0,2016,73.6,67.2,819
"590",0,1,0,0,0,0,0,0,0,0,0,0,2016,76.9,69.4,805
"591",0,1,0,0,0,0,0,0,0,0,0,0,2016,75.7,69.3,884
"592",0,1,0,0,0,0,0,0,0,0,0,0,2016,75.6,70.6,755
"593",0,1,0,0,0,0,0,0,0,0,0,0,2016,72.9,62.5,780
"594",0,0,0,0,0,0,0,0,0,0,0,1,2016,67.6,55.3,799
"595",0,0,0,0,0,0,0,0,0,0,0,1,2016,67.9,56,830
"596",0,0,0,0,0,0,0,0,0,0,0,1,2016,69,57.6,779
"597",0,0,0,0,0,0,0,0,0,0,0,1,2016,73.2,62.4,822
"598",0,0,0,0,0,0,0,0,0,0,0,1,2016,82.2,71.6,761
"599",0,0,0,0,0,0,0,0,0,0,0,1,2016,82.5,72.4,723
"600",0,0,0,0,0,0,0,0,0,0,0,1,2016,76.3,70,795
"601",0,0,0,0,0,0,0,0,0,0,0,1,2016,73.8,66.4,818
"602",0,0,0,0,0,0,0,0,0,0,0,1,2016,68.8,59.9,767
"603",0,0,0,0,0,0,0,0,0,0,0,1,2016,64.7,51.4,758
"604",0,0,0,0,0,0,0,0,0,0,0,1,2016,66.5,51.9,793
"605",0,0,0,0,0,0,0,0,0,0,0,1,2016,72.2,58.3,786
"606",0,0,0,0,0,0,0,0,0,0,0,1,2016,69.4,59.2,820
"607",0,0,0,0,0,0,0,0,0,0,0,1,2016,68.2,57.5,823
"608",0,0,0,0,0,0,0,0,0,0,0,1,2016,72,60.8,807
"609",0,0,0,0,0,0,0,0,0,0,0,1,2016,73.9,62.3,834
"610",0,0,0,0,0,0,0,0,0,0,0,1,2016,69.1,54.7,781
"611",0,0,0,0,0,0,0,0,0,0,0,1,2016,71.4,53.2,712
"612",0,0,0,0,0,0,0,0,0,0,0,1,2016,74.8,54.9,792
"613",0,0,0,0,0,0,0,0,0,0,0,1,2016,70.2,60.9,731
"614",0,0,0,0,0,0,0,0,0,0,0,1,2016,71.4,63.4,831
"615",0,0,0,0,0,0,0,0,0,0,0,1,2016,71.7,65.4,845
"616",0,0,0,0,0,0,0,0,0,0,0,1,2016,68.5,62.5,833
"617",0,0,0,0,0,0,0,0,0,0,0,1,2016,71.7,62.7,809
"618",0,0,0,0,0,0,0,0,0,0,0,1,2016,65.9,48.1,764
"619",0,0,0,0,0,0,0,0,0,0,0,1,2016,60.1,35.5,735
"620",0,0,0,0,0,0,0,0,0,0,0,1,2016,56,45.4,634
"621",0,0,0,0,0,0,0,0,0,0,0,1,2016,60.7,55.9,702
"622",0,0,0,0,0,0,0,0,0,0,0,1,2016,61.8,58.4,772
"623",0,0,0,0,0,0,0,0,0,0,1,0,2016,61,57.7,862
"624",0,0,0,0,0,0,0,0,0,0,1,0,2016,59.7,57,707
"625",0,0,0,0,0,0,0,0,0,0,1,0,2016,61.9,56.4,772
"626",0,0,0,0,0,0,0,0,0,0,1,0,2016,65.2,56.4,743
"627",0,0,0,0,0,0,0,0,0,0,1,0,2016,68.7,57.7,805
"628",0,0,0,0,0,0,0,0,0,0,1,0,2016,65.8,59.7,754
"629",0,0,0,0,0,0,0,0,0,0,1,0,2016,65.2,57.4,863
"630",0,0,0,0,0,0,0,0,0,0,1,0,2016,52.4,38,715
"631",0,0,0,0,0,0,0,0,0,0,1,0,2016,55.9,45.7,682
"632",0,0,0,0,0,0,0,0,0,0,1,0,2016,56,45.4,724
"633",0,0,0,0,0,0,0,0,0,0,1,0,2016,63,49.9,697
"634",0,0,0,0,0,0,0,0,0,0,1,0,2016,62.3,53.6,746
"635",0,0,0,0,0,0,0,0,0,0,1,0,2016,47.9,36.9,693
"636",0,0,0,0,0,0,0,0,0,0,1,0,2016,50.2,39.9,821
"637",0,0,0,0,0,0,0,0,0,0,1,0,2016,58,52.6,823
"638",0,0,0,0,0,0,0,0,0,0,1,0,2016,68.5,62.7,790
"639",0,0,0,0,0,0,0,0,0,0,1,0,2016,71.8,64.5,817
"640",0,0,0,0,0,0,0,0,0,0,1,0,2016,73.9,58.8,774
"641",0,0,0,0,0,0,0,0,0,0,1,0,2016,60.4,46,712
"642",0,0,0,0,0,0,0,0,0,0,1,0,2016,54.8,47.2,717
"643",0,0,0,0,0,0,0,0,0,0,1,0,2016,47.7,33.9,760
"644",0,0,0,0,0,0,0,0,0,0,1,0,2016,46.6,32.2,773
"645",0,0,0,0,0,0,0,0,0,0,1,0,2016,55,43.7,785
"646",0,0,0,0,0,0,0,0,0,0,1,0,2016,53.7,40.3,770
"647",0,0,0,0,0,0,0,0,0,0,1,0,2016,46,36.8,736
"648",0,0,0,0,0,0,0,0,0,0,1,0,2016,47.8,42.1,699
"649",0,0,0,0,0,0,0,0,0,0,1,0,2016,47.6,42.6,730
"650",0,0,0,0,0,0,0,0,0,0,1,0,2016,48.9,43.4,802
"651",0,0,0,0,0,0,0,0,0,0,1,0,2016,65.8,58.1,831
"652",0,0,0,0,0,0,0,0,0,0,1,0,2016,54.5,49.3,786
"653",0,0,0,0,0,0,0,0,0,0,1,0,2016,47.9,41.4,867
"654",0,0,0,0,0,0,0,0,0,1,0,0,2016,65.3,55.7,910
"655",0,0,0,0,0,0,0,0,0,1,0,0,2016,62.3,57.5,749
"656",0,0,0,0,0,0,0,0,0,1,0,0,2016,56,50.5,783
"657",0,0,0,0,0,0,0,0,0,1,0,0,2016,52.8,44.1,783
"658",0,0,0,0,0,0,0,0,0,1,0,0,2016,54.7,44.3,821
"659",0,0,0,0,0,0,0,0,0,1,0,0,2016,56.1,46.5,753
"660",0,0,0,0,0,0,0,0,0,1,0,0,2016,53.8,42.7,738
"661",0,0,0,0,0,0,0,0,0,1,0,0,2016,55.7,45.4,644
"662",0,0,0,0,0,0,0,0,0,1,0,0,2016,49.5,35.4,680
"663",0,0,0,0,0,0,0,0,0,1,0,0,2016,49.4,33.8,723
"664",0,0,0,0,0,0,0,0,0,1,0,0,2016,49.4,36.1,797
"665",0,0,0,0,0,0,0,0,0,1,0,0,2016,41.8,31.4,780
"666",0,0,0,0,0,0,0,0,0,1,0,0,2016,44.6,30.4,660
"667",0,0,0,0,0,0,0,0,0,1,0,0,2016,48.4,35.5,670
"668",0,0,0,0,0,0,0,0,0,1,0,0,2016,46,42.3,712
"669",0,0,0,0,0,0,0,0,0,1,0,0,2016,48.1,41.7,770
"670",0,0,0,0,0,0,0,0,0,1,0,0,2016,54.6,45.8,811
"671",0,0,0,0,0,0,0,0,0,1,0,0,2016,62,49.2,794
"672",0,0,0,0,0,0,0,0,0,1,0,0,2016,37.9,24.8,677
"673",0,0,0,0,0,0,0,0,0,1,0,0,2016,29.2,15.9,663
"674",0,0,0,0,0,0,0,0,0,1,0,0,2016,30.1,17.2,683
"675",0,0,0,0,0,0,0,0,0,1,0,0,2016,32.8,25.5,722
"676",0,0,0,0,0,0,0,0,0,1,0,0,2016,39.8,35.6,699
"677",0,0,0,0,0,0,0,0,0,1,0,0,2016,40.3,36.5,534
"678",0,0,0,0,0,0,0,0,0,1,0,0,2016,37.3,32.6,689
"679",0,0,0,0,0,0,0,0,0,1,0,0,2016,37.8,32.2,719
"680",0,0,0,0,0,0,0,0,0,1,0,0,2016,37.8,35,693
"681",0,0,0,0,0,0,0,0,0,1,0,0,2016,44.1,40.5,693
"682",0,0,0,0,0,0,0,0,0,1,0,0,2016,49.7,42.7,698
"683",0,0,0,0,0,0,0,0,0,1,0,0,2016,40.8,34.8,697
"684",0,0,1,0,0,0,0,0,0,0,0,0,2016,37.5,31.8,822
"685",0,0,1,0,0,0,0,0,0,0,0,0,2016,37.4,30,835
"686",0,0,1,0,0,0,0,0,0,0,0,0,2016,33.3,23.2,758
"687",0,0,1,0,0,0,0,0,0,0,0,0,2016,31.5,26.8,595
"688",0,0,1,0,0,0,0,0,0,0,0,0,2016,31.9,30.2,678
"689",0,0,1,0,0,0,0,0,0,0,0,0,2016,32.9,30.3,688
"690",0,0,1,0,0,0,0,0,0,0,0,0,2016,26.2,18.3,660
"691",0,0,1,0,0,0,0,0,0,0,0,0,2016,21.3,12.7,606
"692",0,0,1,0,0,0,0,0,0,0,0,0,2016,22.9,15.3,668
"693",0,0,1,0,0,0,0,0,0,0,0,0,2016,20.1,12.5,612
"694",0,0,1,0,0,0,0,0,0,0,0,0,2016,25.2,21,629
"695",0,0,1,0,0,0,0,0,0,0,0,0,2016,15,7,574
"696",0,0,1,0,0,0,0,0,0,0,0,0,2016,9.6,-0.3,610
"697",0,0,1,0,0,0,0,0,0,0,0,0,2016,3.9,-6.7,580
"698",0,0,1,0,0,0,0,0,0,0,0,0,2016,11.7,2.5,695
"699",0,0,1,0,0,0,0,0,0,0,0,0,2016,20.4,16.3,614
"700",0,0,1,0,0,0,0,0,0,0,0,0,2016,11.3,4.4,526
"701",0,0,1,0,0,0,0,0,0,0,0,0,2016,-0.6,-10.3,660
"702",0,0,1,0,0,0,0,0,0,0,0,0,2016,19.6,7.6,693
"703",0,0,1,0,0,0,0,0,0,0,0,0,2016,26,18.7,728
"704",0,0,1,0,0,0,0,0,0,0,0,0,2016,34.1,25.7,702
"705",0,0,1,0,0,0,0,0,0,0,0,0,2016,30.6,25.2,728
"706",0,0,1,0,0,0,0,0,0,0,0,0,2016,34.9,31.3,604
"707",0,0,1,0,0,0,0,0,0,0,0,0,2016,45.1,39.2,647
"708",0,0,1,0,0,0,0,0,0,0,0,0,2016,28,18.5,663
"709",0,0,1,0,0,0,0,0,0,0,0,0,2016,29.6,22,722
"710",0,0,1,0,0,0,0,0,0,0,0,0,2016,33.6,25.3,647
"711",0,0,1,0,0,0,0,0,0,0,0,0,2016,29.3,17.1,742
"712",0,0,1,0,0,0,0,0,0,0,0,0,2016,35.5,21.4,704
"713",0,0,0,0,1,0,0,0,0,0,0,0,2017,34,27.9,613
"714",0,0,0,0,1,0,0,0,0,0,0,0,2017,38.2,36.9,718
"715",0,0,0,0,1,0,0,0,0,0,0,0,2017,18.2,9,612
"716",0,0,0,0,1,0,0,0,0,0,0,0,2017,9.3,-1.5,611
"717",0,0,0,0,1,0,0,0,0,0,0,0,2017,4.4,-6.4,601
"718",0,0,0,0,1,0,0,0,0,0,0,0,2017,6.5,-4.8,618
"719",0,0,0,0,1,0,0,0,0,0,0,0,2017,9.2,-4.2,591
"720",0,0,0,0,1,0,0,0,0,0,0,0,2017,21.5,10.5,713
"721",0,0,0,0,1,0,0,0,0,0,0,0,2017,37.5,32.2,705
"722",0,0,0,0,1,0,0,0,0,0,0,0,2017,31.6,26.3,663
"723",0,0,0,0,1,0,0,0,0,0,0,0,2017,26.1,23.2,644
"724",0,0,0,0,1,0,0,0,0,0,0,0,2017,19.9,9.7,800
"725",0,0,0,0,1,0,0,0,0,0,0,0,2017,28.9,19.3,685
"726",0,0,0,0,1,0,0,0,0,0,0,0,2017,26,17.5,656
"727",0,0,0,0,1,0,0,0,0,0,0,0,2017,32.6,28.2,652
"728",0,0,0,0,1,0,0,0,0,0,0,0,2017,37.2,36.2,705
"729",0,0,0,0,1,0,0,0,0,0,0,0,2017,34.7,32.9,707
"730",0,0,0,0,1,0,0,0,0,0,0,0,2017,35.8,33.4,738
"731",0,0,0,0,1,0,0,0,0,0,0,0,2017,39,37.6,783
"732",0,0,0,0,1,0,0,0,0,0,0,0,2017,48.2,44.3,786
"733",0,0,0,0,1,0,0,0,0,0,0,0,2017,42.8,39.6,742
"734",0,0,0,0,1,0,0,0,0,0,0,0,2017,39.4,36.1,789
"735",0,0,0,0,1,0,0,0,0,0,0,0,2017,36.6,32.7,736
"736",0,0,0,0,1,0,0,0,0,0,0,0,2017,37.2,34.3,748
"737",0,0,0,0,1,0,0,0,0,0,0,0,2017,33.2,29.6,675
"738",0,0,0,0,1,0,0,0,0,0,0,0,2017,27.8,20.6,784
"739",0,0,0,0,1,0,0,0,0,0,0,0,2017,26.7,20.2,731
"740",0,0,0,0,1,0,0,0,0,0,0,0,2017,26.8,16.5,634
"741",0,0,0,0,1,0,0,0,0,0,0,0,2017,22.1,9.7,756
"742",0,0,0,0,1,0,0,0,0,0,0,0,2017,36,29.3,734
"743",0,0,0,1,0,0,0,0,0,0,0,0,2017,34.6,25.7,847
"744",0,0,0,1,0,0,0,0,0,0,0,0,2017,20.6,6.9,671
"745",0,0,0,1,0,0,0,0,0,0,0,0,2017,19.1,3.5,670
"746",0,0,0,1,0,0,0,0,0,0,0,0,2017,21.6,5.5,638
"747",0,0,0,1,0,0,0,0,0,0,0,0,2017,32.7,17.2,695
"748",0,0,0,1,0,0,0,0,0,0,0,0,2017,33.5,26.3,762
"749",0,0,0,1,0,0,0,0,0,0,0,0,2017,43.8,43.1,693
"750",0,0,0,1,0,0,0,0,0,0,0,0,2017,30.7,23.1,666
"751",0,0,0,1,0,0,0,0,0,0,0,0,2017,19,4.2,668
"752",0,0,0,1,0,0,0,0,0,0,0,0,2017,25.7,13.5,745
"753",0,0,0,1,0,0,0,0,0,0,0,0,2017,40.9,33.2,704
"754",0,0,0,1,0,0,0,0,0,0,0,0,2017,39.3,28.8,678
"755",0,0,0,1,0,0,0,0,0,0,0,0,2017,34.6,19.9,718
"756",0,0,0,1,0,0,0,0,0,0,0,0,2017,39.7,26.4,713
"757",0,0,0,1,0,0,0,0,0,0,0,0,2017,33.2,17.2,673
"758",0,0,0,1,0,0,0,0,0,0,0,0,2017,33.4,12.8,671
"759",0,0,0,1,0,0,0,0,0,0,0,0,2017,43.2,28.4,832
"760",0,0,0,1,0,0,0,0,0,0,0,0,2017,57.5,35.4,748
"761",0,0,0,1,0,0,0,0,0,0,0,0,2017,51.1,33.6,674
"762",0,0,0,1,0,0,0,0,0,0,0,0,2017,53,39.8,711
"763",0,0,0,1,0,0,0,0,0,0,0,0,2017,60.1,49.8,679
"764",0,0,0,1,0,0,0,0,0,0,0,0,2017,57.7,51.9,703
"765",0,0,0,1,0,0,0,0,0,0,0,0,2017,51.6,44.2,655
"766",0,0,0,1,0,0,0,0,0,0,0,0,2017,39.4,36.7,660
"767",0,0,0,1,0,0,0,0,0,0,0,0,2017,29.3,21.6,599
"768",0,0,0,1,0,0,0,0,0,0,0,0,2017,32.3,17.2,576
"769",0,0,0,1,0,0,0,0,0,0,0,0,2017,41.1,27.7,633
"770",0,0,0,1,0,0,0,0,0,0,0,0,2017,51.3,44.6,631
"771",0,0,0,0,0,0,0,1,0,0,0,0,2017,47.1,43.8,741
"772",0,0,0,0,0,0,0,1,0,0,0,0,2017,32,20.8,629
"773",0,0,0,0,0,0,0,1,0,0,0,0,2017,27.5,7.5,673
"774",0,0,0,0,0,0,0,1,0,0,0,0,2017,33.2,22.3,633
"775",0,0,0,0,0,0,0,1,0,0,0,0,2017,41.4,28.8,662
"776",0,0,0,0,0,0,0,1,0,0,0,0,2017,54.8,46.9,683
"777",0,0,0,0,0,0,0,1,0,0,0,0,2017,55.1,40.9,682
"778",0,0,0,0,0,0,0,1,0,0,0,0,2017,46.3,20.1,667
"779",0,0,0,0,0,0,0,1,0,0,0,0,2017,39,19.4,676
"780",0,0,0,0,0,0,0,1,0,0,0,0,2017,31.8,7.7,666
"781",0,0,0,0,0,0,0,1,0,0,0,0,2017,24,-5,659
"782",0,0,0,0,0,0,0,1,0,0,0,0,2017,26.5,3,553
"783",0,0,0,0,0,0,0,1,0,0,0,0,2017,29.5,22.1,541
"784",0,0,0,0,0,0,0,1,0,0,0,0,2017,23.5,7,607
"785",0,0,0,0,0,0,0,1,0,0,0,0,2017,29,10.9,668
"786",0,0,0,0,0,0,0,1,0,0,0,0,2017,38.2,30.1,709
"787",0,0,0,0,0,0,0,1,0,0,0,0,2017,42.3,32,674
"788",0,0,0,0,0,0,0,1,0,0,0,0,2017,40.8,29.5,605
"789",0,0,0,0,0,0,0,1,0,0,0,0,2017,48.6,38.3,696
"790",0,0,0,0,0,0,0,1,0,0,0,0,2017,43.7,29,650
"791",0,0,0,0,0,0,0,1,0,0,0,0,2017,33.5,19.3,647
"792",0,0,0,0,0,0,0,1,0,0,0,0,2017,36.8,20.4,666
"793",0,0,0,0,0,0,0,1,0,0,0,0,2017,58.3,39.3,779
"794",0,0,0,0,0,0,0,1,0,0,0,0,2017,42.7,37.9,695
"795",0,0,0,0,0,0,0,1,0,0,0,0,2017,51.3,47.2,702
"796",0,0,0,0,0,0,0,1,0,0,0,0,2017,50.4,46.8,722
"797",0,0,0,0,0,0,0,1,0,0,0,0,2017,43.8,36.6,673
"798",0,0,0,0,0,0,0,1,0,0,0,0,2017,40.9,34.7,669
"799",0,0,0,0,0,0,0,1,0,0,0,0,2017,43.3,39.1,691
"800",0,0,0,0,0,0,0,1,0,0,0,0,2017,39.3,35.8,777
"801",1,0,0,0,0,0,0,0,0,0,0,0,2017,44.6,26.3,831
"802",1,0,0,0,0,0,0,0,0,0,0,0,2017,49.7,27.1,690
"803",1,0,0,0,0,0,0,0,0,0,0,0,2017,50.4,39.7,697
"804",1,0,0,0,0,0,0,0,0,0,0,0,2017,48.9,43.3,712
"805",1,0,0,0,0,0,0,0,0,0,0,0,2017,44.8,39.3,633
"806",1,0,0,0,0,0,0,0,0,0,0,0,2017,42.9,33.8,668
"807",1,0,0,0,0,0,0,0,0,0,0,0,2017,43.8,22.4,705
"808",1,0,0,0,0,0,0,0,0,0,0,0,2017,49.9,27.1,696
"809",1,0,0,0,0,0,0,0,0,0,0,0,2017,64.1,44.1,761
"810",1,0,0,0,0,0,0,0,0,0,0,0,2017,68.8,53.2,683
"811",1,0,0,0,0,0,0,0,0,0,0,0,2017,46.8,39.6,703
"812",1,0,0,0,0,0,0,0,0,0,0,0,2017,47.7,35.7,726
"813",1,0,0,0,0,0,0,0,0,0,0,0,2017,49.7,33.7,665
"814",1,0,0,0,0,0,0,0,0,0,0,0,2017,54.1,41.1,773
"815",1,0,0,0,0,0,0,0,0,0,0,0,2017,69.7,54.7,817
"816",1,0,0,0,0,0,0,0,0,0,0,0,2017,68.1,52.5,687
"817",1,0,0,0,0,0,0,0,0,0,0,0,2017,58.8,35.5,752
"818",1,0,0,0,0,0,0,0,0,0,0,0,2017,55.4,39.2,735
"819",1,0,0,0,0,0,0,0,0,0,0,0,2017,64.7,52.7,758
"820",1,0,0,0,0,0,0,0,0,0,0,0,2017,56.5,46.6,713
"821",1,0,0,0,0,0,0,0,0,0,0,0,2017,50.4,35.4,815
"822",1,0,0,0,0,0,0,0,0,0,0,0,2017,49.7,29.8,701
"823",1,0,0,0,0,0,0,0,0,0,0,0,2017,54.5,26.3,703
"824",1,0,0,0,0,0,0,0,0,0,0,0,2017,55.3,34.4,736
"825",1,0,0,0,0,0,0,0,0,0,0,0,2017,63.7,43.5,757
"826",1,0,0,0,0,0,0,0,0,0,0,0,2017,69.5,54.1,758
"827",1,0,0,0,0,0,0,0,0,0,0,0,2017,54.3,48.3,716
"828",1,0,0,0,0,0,0,0,0,0,0,0,2017,48.4,38.2,832
"829",1,0,0,0,0,0,0,0,0,0,0,0,2017,45.5,36.9,616
"830",1,0,0,0,0,0,0,0,0,0,0,0,2017,43.6,41.3,657
"831",0,0,0,0,0,0,0,0,1,0,0,0,2017,49.6,43.5,863
"832",0,0,0,0,0,0,0,0,1,0,0,0,2017,45.8,37.8,689
"833",0,0,0,0,0,0,0,0,1,0,0,0,2017,47.6,33.4,739
"834",0,0,0,0,0,0,0,0,1,0,0,0,2017,48.7,34.5,741
"835",0,0,0,0,0,0,0,0,1,0,0,0,2017,49.1,37.3,799
"836",0,0,0,0,0,0,0,0,1,0,0,0,2017,51,36.2,713
"837",0,0,0,0,0,0,0,0,1,0,0,0,2017,48.3,24.6,630
"838",0,0,0,0,0,0,0,0,1,0,0,0,2017,46.1,25.8,705
"839",0,0,0,0,0,0,0,0,1,0,0,0,2017,48.1,33.2,707
"840",0,0,0,0,0,0,0,0,1,0,0,0,2017,55,38.7,663
"841",0,0,0,0,0,0,0,0,1,0,0,0,2017,54.8,46.7,737
"842",0,0,0,0,0,0,0,0,1,0,0,0,2017,58.6,41.2,849
"843",0,0,0,0,0,0,0,0,1,0,0,0,2017,62.1,44,724
"844",0,0,0,0,0,0,0,0,1,0,0,0,2017,62.4,43.9,712
"845",0,0,0,0,0,0,0,0,1,0,0,0,2017,62.5,42.9,871
"846",0,0,0,0,0,0,0,0,1,0,0,0,2017,74.1,57.7,748
"847",0,0,0,0,0,0,0,0,1,0,0,0,2017,78.3,58.2,835
"848",0,0,0,0,0,0,0,0,1,0,0,0,2017,74,57.7,775
"849",0,0,0,0,0,0,0,0,1,0,0,0,2017,48,40.7,776
"850",0,0,0,0,0,0,0,0,1,0,0,0,2017,51.4,44.6,664
"851",0,0,0,0,0,0,0,0,1,0,0,0,2017,60.8,52.9,791
"852",0,0,0,0,0,0,0,0,1,0,0,0,2017,57.5,42.6,795
"853",0,0,0,0,0,0,0,0,1,0,0,0,2017,60.7,53.3,739
"854",0,0,0,0,0,0,0,0,1,0,0,0,2017,56.9,51.7,762
"855",0,0,0,0,0,0,0,0,1,0,0,0,2017,58.8,50.7,763
"856",0,0,0,0,0,0,0,0,1,0,0,0,2017,60.2,51.4,767
"857",0,0,0,0,0,0,0,0,1,0,0,0,2017,61.7,52.8,800
"858",0,0,0,0,0,0,0,0,1,0,0,0,2017,67.6,55,705
"859",0,0,0,0,0,0,0,0,1,0,0,0,2017,68.7,46.6,768
"860",0,0,0,0,0,0,0,0,1,0,0,0,2017,64.2,44.3,814
"861",0,0,0,0,0,0,0,0,1,0,0,0,2017,63.8,43.5,739
"862",0,0,0,0,0,0,1,0,0,0,0,0,2017,66.4,40.6,895
"863",0,0,0,0,0,0,1,0,0,0,0,0,2017,70.5,41.5,841
"864",0,0,0,0,0,0,1,0,0,0,0,0,2017,73.4,48.6,823
"865",0,0,0,0,0,0,1,0,0,0,0,0,2017,80.1,58.5,820
"866",0,0,0,0,0,0,1,0,0,0,0,0,2017,70,55.7,737
"867",0,0,0,0,0,0,1,0,0,0,0,0,2017,64.5,44.5,826
"868",0,0,0,0,0,0,1,0,0,0,0,0,2017,66.7,43.7,787
"869",0,0,0,0,0,0,1,0,0,0,0,0,2017,69.1,42.9,769
"870",0,0,0,0,0,0,1,0,0,0,0,0,2017,74.3,52.7,816
"871",0,0,0,0,0,0,1,0,0,0,0,0,2017,75.6,53.9,785
"872",0,0,0,0,0,0,1,0,0,0,0,0,2017,81.8,55.9,813
"873",0,0,0,0,0,0,1,0,0,0,0,0,2017,85,60.5,742
"874",0,0,0,0,0,0,1,0,0,0,0,0,2017,79.9,62.5,808
"875",0,0,0,0,0,0,1,0,0,0,0,0,2017,77.3,64.4,769
"876",0,0,0,0,0,0,1,0,0,0,0,0,2017,76.2,64.4,823
"877",0,0,0,0,0,0,1,0,0,0,0,0,2017,76.8,59.9,835
"878",0,0,0,0,0,0,1,0,0,0,0,0,2017,78,66.7,827
"879",0,0,0,0,0,0,1,0,0,0,0,0,2017,74.4,63.6,786
"880",0,0,0,0,0,0,1,0,0,0,0,0,2017,70.2,54.4,745
"881",0,0,0,0,0,0,1,0,0,0,0,0,2017,67.2,52.8,802
"882",0,0,0,0,0,0,1,0,0,0,0,0,2017,67.7,53.1,786
"883",0,0,0,0,0,0,1,0,0,0,0,0,2017,78.5,63.5,818
"884",0,0,0,0,0,0,1,0,0,0,0,0,2017,76.9,62.2,778
"885",0,0,0,0,0,0,1,0,0,0,0,0,2017,69.6,51.5,819
"886",0,0,0,0,0,0,1,0,0,0,0,0,2017,64,46.6,796
"887",0,0,0,0,0,0,1,0,0,0,0,0,2017,64,46.1,787
"888",0,0,0,0,0,0,1,0,0,0,0,0,2017,64.6,44.4,772
"889",0,0,0,0,0,0,1,0,0,0,0,0,2017,67.6,50.8,707
"890",0,0,0,0,0,0,1,0,0,0,0,0,2017,74.4,63.8,776
"891",0,0,0,0,0,0,1,0,0,0,0,0,2017,73,65.3,778
"892",0,0,0,0,0,1,0,0,0,0,0,0,2017,75.1,60.1,934
"893",0,0,0,0,0,1,0,0,0,0,0,0,2017,74.4,56.3,780
"894",0,0,0,0,0,1,0,0,0,0,0,0,2017,73,62.2,864
"895",0,0,0,0,0,1,0,0,0,0,0,0,2017,72.3,61.2,796
"896",0,0,0,0,0,1,0,0,0,0,0,0,2017,76.2,61.3,859
"897",0,0,0,0,0,1,0,0,0,0,0,0,2017,80.7,64,781
"898",0,0,0,0,0,1,0,0,0,0,0,0,2017,80.9,66,758
"899",0,0,0,0,0,1,0,0,0,0,0,0,2017,70.5,55.3,759
"900",0,0,0,0,0,1,0,0,0,0,0,0,2017,73.4,51.8,823
"901",0,0,0,0,0,1,0,0,0,0,0,0,2017,77,66.1,779
"902",0,0,0,0,0,1,0,0,0,0,0,0,2017,76.4,68.3,769
"903",0,0,0,0,0,1,0,0,0,0,0,0,2017,75.4,70,691
"904",0,0,0,0,0,1,0,0,0,0,0,0,2017,78.2,69.2,820
"905",0,0,0,0,0,1,0,0,0,0,0,0,2017,70.9,59.7,798
"906",0,0,0,0,0,1,0,0,0,0,0,0,2017,69.7,58.2,889
"907",0,0,0,0,0,1,0,0,0,0,0,0,2017,71.8,61.5,812
"908",0,0,0,0,0,1,0,0,0,0,0,0,2017,67.4,56.2,847
"909",0,0,0,0,0,1,0,0,0,0,0,0,2017,73.7,59.2,792
"910",0,0,0,0,0,1,0,0,0,0,0,0,2017,80.5,68.1,769
"911",0,0,0,0,0,1,0,0,0,0,0,0,2017,76.7,69,761
"912",0,0,0,0,0,1,0,0,0,0,0,0,2017,79.7,69.7,758
"913",0,0,0,0,0,1,0,0,0,0,0,0,2017,77.4,69.7,755
"914",0,0,0,0,0,1,0,0,0,0,0,0,2017,78.8,67.5,842
"915",0,0,0,0,0,1,0,0,0,0,0,0,2017,70.6,60.1,782
"916",0,0,0,0,0,1,0,0,0,0,0,0,2017,71.2,57.7,850
"917",0,0,0,0,0,1,0,0,0,0,0,0,2017,74.9,62.1,752
"918",0,0,0,0,0,1,0,0,0,0,0,0,2017,77.9,68,790
"919",0,0,0,0,0,1,0,0,0,0,0,0,2017,73.6,60.1,851
"920",0,0,0,0,0,1,0,0,0,0,0,0,2017,72,53.6,800
"921",0,0,0,0,0,1,0,0,0,0,0,0,2017,73.3,57.5,818
"922",0,0,0,0,0,1,0,0,0,0,0,0,2017,75.7,57.2,794
"923",0,1,0,0,0,0,0,0,0,0,0,0,2017,76.7,63,774
"924",0,1,0,0,0,0,0,0,0,0,0,0,2017,74.7,66.6,849
"925",0,1,0,0,0,0,0,0,0,0,0,0,2017,63.1,54,924
"926",0,1,0,0,0,0,0,0,0,0,0,0,2017,67.7,53.3,928
"927",0,1,0,0,0,0,0,0,0,0,0,0,2017,70.7,56.7,865
"928",0,1,0,0,0,0,0,0,0,0,0,0,2017,69.5,57,773
"929",0,1,0,0,0,0,0,0,0,0,0,0,2017,70.2,50.4,768
"930",0,1,0,0,0,0,0,0,0,0,0,0,2017,72.9,55.9,769
"931",0,1,0,0,0,0,0,0,0,0,0,0,2017,73.8,57.8,790
"932",0,1,0,0,0,0,0,0,0,0,0,0,2017,71.3,61,765
"933",0,1,0,0,0,0,0,0,0,0,0,0,2017,68.4,56.4,813
"934",0,1,0,0,0,0,0,0,0,0,0,0,2017,68.8,53.3,730
"935",0,1,0,0,0,0,0,0,0,0,0,0,2017,72.4,56.9,815
"936",0,1,0,0,0,0,0,0,0,0,0,0,2017,75.4,63.8,795
"937",0,1,0,0,0,0,0,0,0,0,0,0,2017,75,64.2,795
"938",0,1,0,0,0,0,0,0,0,0,0,0,2017,77.3,68.8,768
"939",0,1,0,0,0,0,0,0,0,0,0,0,2017,74.2,61.3,859
"940",0,1,0,0,0,0,0,0,0,0,0,0,2017,74.2,58,892
"941",0,1,0,0,0,0,0,0,0,0,0,0,2017,75.1,59.5,776
"942",0,1,0,0,0,0,0,0,0,0,0,0,2017,78.1,68.7,754
"943",0,1,0,0,0,0,0,0,0,0,0,0,2017,75.9,63.6,780
"944",0,1,0,0,0,0,0,0,0,0,0,0,2017,69.6,49.6,747
"945",0,1,0,0,0,0,0,0,0,0,0,0,2017,66.7,53.2,801
"946",0,1,0,0,0,0,0,0,0,0,0,0,2017,63.6,47.9,772
"947",0,1,0,0,0,0,0,0,0,0,0,0,2017,66.9,50.2,779
"948",0,1,0,0,0,0,0,0,0,0,0,0,2017,68.4,54.8,756
"949",0,1,0,0,0,0,0,0,0,0,0,0,2017,69.8,60.1,688
"950",0,1,0,0,0,0,0,0,0,0,0,0,2017,67.7,62.2,724
"951",0,1,0,0,0,0,0,0,0,0,0,0,2017,70.3,58.5,788
"952",0,1,0,0,0,0,0,0,0,0,0,0,2017,69.3,56.8,736
"953",0,0,0,0,0,0,0,0,0,0,0,1,2017,64.2,49.1,920
"954",0,0,0,0,0,0,0,0,0,0,0,1,2017,62.3,46,772
"955",0,0,0,0,0,0,0,0,0,0,0,1,2017,68.1,54.6,757
"956",0,0,0,0,0,0,0,0,0,0,0,1,2017,73.3,56.8,716
"957",0,0,0,0,0,0,0,0,0,0,0,1,2017,63.2,48.4,704
"958",0,0,0,0,0,0,0,0,0,0,0,1,2017,57.8,43.9,648
"959",0,0,0,0,0,0,0,0,0,0,0,1,2017,59.8,45.3,728
"960",0,0,0,0,0,0,0,0,0,0,0,1,2017,62.4,49.1,702
"961",0,0,0,0,0,0,0,0,0,0,0,1,2017,63.5,47.7,736
"962",0,0,0,0,0,0,0,0,0,0,0,1,2017,60.8,45.7,739
"963",0,0,0,0,0,0,0,0,0,0,0,1,2017,62.2,47.9,691
"964",0,0,0,0,0,0,0,0,0,0,0,1,2017,65,51.8,726
"965",0,0,0,0,0,0,0,0,0,0,0,1,2017,65.8,57.5,706
"966",0,0,0,0,0,0,0,0,0,0,0,1,2017,68.4,60.5,734
"967",0,0,0,0,0,0,0,0,0,0,0,1,2017,73.4,59.4,808
"968",0,0,0,0,0,0,0,0,0,0,0,1,2017,76.9,60.3,826
"969",0,0,0,0,0,0,0,0,0,0,0,1,2017,76.6,61.8,812
"970",0,0,0,0,0,0,0,0,0,0,0,1,2017,67.7,54.3,772
"971",0,0,0,0,0,0,0,0,0,0,0,1,2017,69.9,62.1,708
"972",0,0,0,0,0,0,0,0,0,0,0,1,2017,74.8,63.9,827
"973",0,0,0,0,0,0,0,0,0,0,0,1,2017,83.4,65.4,807
"974",0,0,0,0,0,0,0,0,0,0,0,1,2017,83.7,66.4,798
"975",0,0,0,0,0,0,0,0,0,0,0,1,2017,82.7,64.7,830
"976",0,0,0,0,0,0,0,0,0,0,0,1,2017,81.1,62.8,811
"977",0,0,0,0,0,0,0,0,0,0,0,1,2017,79.4,58.2,821
"978",0,0,0,0,0,0,0,0,0,0,0,1,2017,80,58.5,749
"979",0,0,0,0,0,0,0,0,0,0,0,1,2017,69.9,53.9,726
"980",0,0,0,0,0,0,0,0,0,0,0,1,2017,62,43.5,717
"981",0,0,0,0,0,0,0,0,0,0,0,1,2017,64.1,45.3,810
"982",0,0,0,0,0,0,0,0,0,0,0,1,2017,61.1,43.7,745
"983",0,0,0,0,0,0,0,0,0,0,1,0,2017,59.1,40.5,852
"984",0,0,0,0,0,0,0,0,0,0,1,0,2017,69.3,47.2,752
"985",0,0,0,0,0,0,0,0,0,0,1,0,2017,72.8,57.1,738
"986",0,0,0,0,0,0,0,0,0,0,1,0,2017,71.4,61,742
"987",0,0,0,0,0,0,0,0,0,0,1,0,2017,64.6,47.9,747
"988",0,0,0,0,0,0,0,0,0,0,1,0,2017,64.2,59,748
"989",0,0,0,0,0,0,0,0,0,0,1,0,2017,69.5,61.1,712
"990",0,0,0,0,0,0,0,0,0,0,1,0,2017,64.6,53.3,718
"991",0,0,0,0,0,0,0,0,0,0,1,0,2017,66.1,51.6,746
"992",0,0,0,0,0,0,0,0,0,0,1,0,2017,61.6,54.1,703
"993",0,0,0,0,0,0,0,0,0,0,1,0,2017,58.8,55.8,617
"994",0,0,0,0,0,0,0,0,0,0,1,0,2017,57.8,53.1,765
"995",0,0,0,0,0,0,0,0,0,0,1,0,2017,61.4,54.1,768
"996",0,0,0,0,0,0,0,0,0,0,1,0,2017,63.6,59.5,647
"997",0,0,0,0,0,0,0,0,0,0,1,0,2017,60.2,53.7,639
"998",0,0,0,0,0,0,0,0,0,0,1,0,2017,51.7,39,763
"999",0,0,0,0,0,0,0,0,0,0,1,0,2017,57,38.8,719
"1000",0,0,0,0,0,0,0,0,0,0,1,0,2017,59.4,41.3,774
"1001",0,0,0,0,0,0,0,0,0,0,1,0,2017,61.4,37,773
"1002",0,0,0,0,0,0,0,0,0,0,1,0,2017,61.4,44.1,849
"1003",0,0,0,0,0,0,0,0,0,0,1,0,2017,67.5,51,814
"1004",0,0,0,0,0,0,0,0,0,0,1,0,2017,65.6,56.1,739
"1005",0,0,0,0,0,0,0,0,0,0,1,0,2017,52.3,49,740
"1006",0,0,0,0,0,0,0,0,0,0,1,0,2017,48.4,43.6,689
"1007",0,0,0,0,0,0,0,0,0,0,1,0,2017,44.1,32.5,714
"1008",0,0,0,0,0,0,0,0,0,0,1,0,2017,46.5,36.4,754
"1009",0,0,0,0,0,0,0,0,0,0,1,0,2017,45,32.9,819
"1010",0,0,0,0,0,0,0,0,0,0,1,0,2017,38.5,29.9,717
"1011",0,0,0,0,0,0,0,0,0,0,1,0,2017,39.9,26.6,696
"1012",0,0,0,0,0,0,0,0,0,0,1,0,2017,44.8,29.6,708
"1013",0,0,0,0,0,0,0,0,0,0,1,0,2017,37.8,21.9,757
"1014",0,0,0,0,0,0,0,0,0,1,0,0,2017,38.7,28.6,824
"1015",0,0,0,0,0,0,0,0,0,1,0,0,2017,46.6,43.8,722
"1016",0,0,0,0,0,0,0,0,0,1,0,0,2017,44.4,37.1,789
"1017",0,0,0,0,0,0,0,0,0,1,0,0,2017,45.7,39.9,756
"1018",0,0,0,0,0,0,0,0,0,1,0,0,2017,49.5,47,773
"1019",0,0,0,0,0,0,0,0,0,1,0,0,2017,41,30.6,717
"1020",0,0,0,0,0,0,0,0,0,1,0,0,2017,40,29,678
"1021",0,0,0,0,0,0,0,0,0,1,0,0,2017,36.6,25.5,758
"1022",0,0,0,0,0,0,0,0,0,1,0,0,2017,38.8,25.6,656
"1023",0,0,0,0,0,0,0,0,0,1,0,0,2017,24,9.5,678
"1024",0,0,0,0,0,0,0,0,0,1,0,0,2017,29.5,16.7,688
"1025",0,0,0,0,0,0,0,0,0,1,0,0,2017,37.6,29.7,666
"1026",0,0,0,0,0,0,0,0,0,1,0,0,2017,36.4,32.5,718
"1027",0,0,0,0,0,0,0,0,0,1,0,0,2017,38.9,32.5,700
"1028",0,0,0,0,0,0,0,0,0,1,0,0,2017,47.6,39.5,709
"1029",0,0,0,0,0,0,0,0,0,1,0,0,2017,36.2,26.8,765
"1030",0,0,0,0,0,0,0,0,0,1,0,0,2017,38.4,30.4,741
"1031",0,0,0,0,0,0,0,0,0,1,0,0,2017,42.8,39.5,698
"1032",0,0,0,0,0,0,0,0,0,1,0,0,2017,34.6,22.3,690
"1033",0,0,0,0,0,0,0,0,0,1,0,0,2017,38.1,24.8,762
"1034",0,0,0,0,0,0,0,0,0,1,0,0,2017,42.9,27.7,673
"1035",0,0,0,0,0,0,0,0,0,1,0,0,2017,28.7,14.7,656
"1036",0,0,0,0,0,0,0,0,0,1,0,0,2017,36.3,20.1,543
"1037",0,0,0,0,0,0,0,0,0,1,0,0,2017,44,29.9,683
"1038",0,0,0,0,0,0,0,0,0,1,0,0,2017,48.9,35.3,714
"1039",0,0,0,0,0,0,0,0,0,1,0,0,2017,37.5,24.2,665
"1040",0,0,0,0,0,0,0,0,0,1,0,0,2017,44.2,32.6,774
"1041",0,0,0,0,0,0,0,0,0,1,0,0,2017,55.3,34.6,783
"1042",0,0,0,0,0,0,0,0,0,1,0,0,2017,43.3,25.7,771
"1043",0,0,0,0,0,0,0,0,0,1,0,0,2017,46.3,28.8,751
"1044",0,0,1,0,0,0,0,0,0,0,0,0,2017,41.2,26.3,918
"1045",0,0,1,0,0,0,0,0,0,0,0,0,2017,42.1,28.4,758
"1046",0,0,1,0,0,0,0,0,0,0,0,0,2017,42.8,29.7,676
"1047",0,0,1,0,0,0,0,0,0,0,0,0,2017,55.4,39.9,809
"1048",0,0,1,0,0,0,0,0,0,0,0,0,2017,41.4,27.2,710
"1049",0,0,1,0,0,0,0,0,0,0,0,0,2017,30.6,12.9,712
"1050",0,0,1,0,0,0,0,0,0,0,0,0,2017,25.1,12.7,625
"1051",0,0,1,0,0,0,0,0,0,0,0,0,2017,24.7,9,735
"1052",0,0,1,0,0,0,0,0,0,0,0,0,2017,29.8,19.5,659
"1053",0,0,1,0,0,0,0,0,0,0,0,0,2017,25.9,15.4,664
"1054",0,0,1,0,0,0,0,0,0,0,0,0,2017,30.6,20.8,740
"1055",0,0,1,0,0,0,0,0,0,0,0,0,2017,24.1,13.6,684
"1056",0,0,1,0,0,0,0,0,0,0,0,0,2017,26.5,14.9,700
"1057",0,0,1,0,0,0,0,0,0,0,0,0,2017,24.1,13,718
"1058",0,0,1,0,0,0,0,0,0,0,0,0,2017,25.7,15.1,768
"1059",0,0,1,0,0,0,0,0,0,0,0,0,2017,38.1,23.3,772
"1060",0,0,1,0,0,0,0,0,0,0,0,0,2017,35.5,30.9,729
"1061",0,0,1,0,0,0,0,0,0,0,0,0,2017,42.4,35.2,727
"1062",0,0,1,0,0,0,0,0,0,0,0,0,2017,43.4,32.3,764
"1063",0,0,1,0,0,0,0,0,0,0,0,0,2017,34,17.3,704
"1064",0,0,1,0,0,0,0,0,0,0,0,0,2017,34.9,24.2,747
"1065",0,0,1,0,0,0,0,0,0,0,0,0,2017,37.8,29.6,784
"1066",0,0,1,0,0,0,0,0,0,0,0,0,2017,30.6,21,714
"1067",0,0,1,0,0,0,0,0,0,0,0,0,2017,2.5,-8.6,526
"1068",0,0,1,0,0,0,0,0,0,0,0,0,2017,1.1,-9.2,523
"1069",0,0,1,0,0,0,0,0,0,0,0,0,2017,6.2,-2.9,601
"1070",0,0,1,0,0,0,0,0,0,0,0,0,2017,12.2,5.9,574
"1071",0,0,1,0,0,0,0,0,0,0,0,0,2017,9.7,0.8,621
"1072",0,0,1,0,0,0,0,0,0,0,0,0,2017,0.4,-10,541
"1073",0,0,0,0,1,0,0,0,0,0,0,0,2018,-2.4,-12,562
"1074",0,0,0,0,1,0,0,0,0,0,0,0,2018,11.4,1.8,576
"1075",0,0,0,0,1,0,0,0,0,0,0,0,2018,7,-4.3,602
"1076",0,0,0,0,1,0,0,0,0,0,0,0,2018,4.6,-6.2,664
"1077",0,0,0,0,1,0,0,0,0,0,0,0,2018,5.3,-6.9,586
"1078",0,0,0,0,1,0,0,0,0,0,0,0,2018,16.9,5.6,533
"1079",0,0,0,0,1,0,0,0,0,0,0,0,2018,33.6,28.3,621
"1080",0,0,0,0,1,0,0,0,0,0,0,0,2018,30.9,26.9,652
"1081",0,0,0,0,1,0,0,0,0,0,0,0,2018,36.9,34.6,720
"1082",0,0,0,0,1,0,0,0,0,0,0,0,2018,55.5,51.3,701
"1083",0,0,0,0,1,0,0,0,0,0,0,0,2018,23.4,15.7,707
"1084",0,0,0,0,1,0,0,0,0,0,0,0,2018,12.9,-1.9,617
"1085",0,0,0,0,1,0,0,0,0,0,0,0,2018,11.8,-0.8,564
"1086",0,0,0,0,1,0,0,0,0,0,0,0,2018,19,13.9,531
"1087",0,0,0,0,1,0,0,0,0,0,0,0,2018,15.5,8.7,614
"1088",0,0,0,0,1,0,0,0,0,0,0,0,2018,13.2,5.8,649
"1089",0,0,0,0,1,0,0,0,0,0,0,0,2018,21.2,11,626
"1090",0,0,0,0,1,0,0,0,0,0,0,0,2018,32.2,20.2,709
"1091",0,0,0,0,1,0,0,0,0,0,0,0,2018,39.2,28.6,731
"1092",0,0,0,0,1,0,0,0,0,0,0,0,2018,40.2,36.8,718
"1093",0,0,0,0,1,0,0,0,0,0,0,0,2018,47.2,44.6,724
"1094",0,0,0,0,1,0,0,0,0,0,0,0,2018,35.5,30,719
"1095",0,0,0,0,1,0,0,0,0,0,0,0,2018,28.6,21.3,613
"1096",0,0,0,0,1,0,0,0,0,0,0,0,2018,31.2,23.6,641
"1097",0,0,0,0,1,0,0,0,0,0,0,0,2018,41,31.1,763
"1098",0,0,0,0,1,0,0,0,0,0,0,0,2018,47.2,30,754
"1099",0,0,0,0,1,0,0,0,0,0,0,0,2018,35.3,26.9,671
"1100",0,0,0,0,1,0,0,0,0,0,0,0,2018,27.3,18.8,652
"1101",0,0,0,0,1,0,0,0,0,0,0,0,2018,21,9.9,637
"1102",0,0,0,0,1,0,0,0,0,0,0,0,2018,34.6,20.4,708
"1103",0,0,0,1,0,0,0,0,0,0,0,0,2018,27.8,13.9,741
"1104",0,0,0,1,0,0,0,0,0,0,0,0,2018,10.7,-6,674
"1105",0,0,0,1,0,0,0,0,0,0,0,0,2018,26.2,8.1,630
"1106",0,0,0,1,0,0,0,0,0,0,0,0,2018,25.8,17.8,513
"1107",0,0,0,1,0,0,0,0,0,0,0,0,2018,5.9,-4.4,543
"1108",0,0,0,1,0,0,0,0,0,0,0,0,2018,11.9,4.6,588
"1109",0,0,0,1,0,0,0,0,0,0,0,0,2018,16.7,9.7,544
"1110",0,0,0,1,0,0,0,0,0,0,0,0,2018,13.2,4.4,557
"1111",0,0,0,1,0,0,0,0,0,0,0,0,2018,18.8,11.1,534
"1112",0,0,0,1,0,0,0,0,0,0,0,0,2018,19.5,13.4,537
"1113",0,0,0,1,0,0,0,0,0,0,0,0,2018,15.2,2.5,572
"1114",0,0,0,1,0,0,0,0,0,0,0,0,2018,20,8.8,645
"1115",0,0,0,1,0,0,0,0,0,0,0,0,2018,32.1,25.1,661
"1116",0,0,0,1,0,0,0,0,0,0,0,0,2018,40.8,39.1,698
"1117",0,0,0,1,0,0,0,0,0,0,0,0,2018,35.7,25,664
"1118",0,0,0,1,0,0,0,0,0,0,0,0,2018,24.7,14.6,605
"1119",0,0,0,1,0,0,0,0,0,0,0,0,2018,27.1,21.9,587
"1120",0,0,0,1,0,0,0,0,0,0,0,0,2018,42.3,37.9,624
"1121",0,0,0,1,0,0,0,0,0,0,0,0,2018,58.8,55.4,645
"1122",0,0,0,1,0,0,0,0,0,0,0,0,2018,32.1,24.4,639
"1123",0,0,0,1,0,0,0,0,0,0,0,0,2018,33.3,24.5,677
"1124",0,0,0,1,0,0,0,0,0,0,0,0,2018,39.8,35.6,671
"1125",0,0,0,1,0,0,0,0,0,0,0,0,2018,36.2,30.1,681
"1126",0,0,0,1,0,0,0,0,0,0,0,0,2018,40.5,30.4,657
"1127",0,0,0,1,0,0,0,0,0,0,0,0,2018,40.4,25.8,625
"1128",0,0,0,1,0,0,0,0,0,0,0,0,2018,48.2,31.6,691
"1129",0,0,0,1,0,0,0,0,0,0,0,0,2018,51.1,38.3,646
"1130",0,0,0,0,0,0,0,1,0,0,0,0,2018,39.4,33,830
"1131",0,0,0,0,0,0,0,1,0,0,0,0,2018,37.5,23.2,692
"1132",0,0,0,0,0,0,0,1,0,0,0,0,2018,37.8,20.2,664
"1133",0,0,0,0,0,0,0,1,0,0,0,0,2018,37.7,20.4,649
"1134",0,0,0,0,0,0,0,1,0,0,0,0,2018,36.8,19.9,665
"1135",0,0,0,0,0,0,0,1,0,0,0,0,2018,35.1,30.6,653
"1136",0,0,0,0,0,0,0,1,0,0,0,0,2018,30.9,22.2,656
"1137",0,0,0,0,0,0,0,1,0,0,0,0,2018,27.9,14.3,660
"1138",0,0,0,0,0,0,0,1,0,0,0,0,2018,29.8,15.4,745
"1139",0,0,0,0,0,0,0,1,0,0,0,0,2018,32.5,17.3,684
"1140",0,0,0,0,0,0,0,1,0,0,0,0,2018,34.3,20,619
"1141",0,0,0,0,0,0,0,1,0,0,0,0,2018,36.7,21.6,661
"1142",0,0,0,0,0,0,0,1,0,0,0,0,2018,31.9,20.1,638
"1143",0,0,0,0,0,0,0,1,0,0,0,0,2018,30.1,14.4,665
"1144",0,0,0,0,0,0,0,1,0,0,0,0,2018,39.6,24.6,691
"1145",0,0,0,0,0,0,0,1,0,0,0,0,2018,32.4,21.4,703
"1146",0,0,0,0,0,0,0,1,0,0,0,0,2018,37.2,21.8,777
"1147",0,0,0,0,0,0,0,1,0,0,0,0,2018,39.9,19.3,689
"1148",0,0,0,0,0,0,0,1,0,0,0,0,2018,40.7,24.8,660
"1149",0,0,0,0,0,0,0,1,0,0,0,0,2018,33.1,21.9,712
"1150",0,0,0,0,0,0,0,1,0,0,0,0,2018,33.3,20,689
"1151",0,0,0,0,0,0,0,1,0,0,0,0,2018,34.3,17.7,670
"1152",0,0,0,0,0,0,0,1,0,0,0,0,2018,35.6,21.1,752
"1153",0,0,0,0,0,0,0,1,0,0,0,0,2018,35.6,21.6,649
"1154",0,0,0,0,0,0,0,1,0,0,0,0,2018,33.8,16.3,677
"1155",0,0,0,0,0,0,0,1,0,0,0,0,2018,39.3,20.6,696
"1156",0,0,0,0,0,0,0,1,0,0,0,0,2018,48.9,44,674
"1157",0,0,0,0,0,0,0,1,0,0,0,0,2018,44.7,35.3,689
"1158",0,0,0,0,0,0,0,1,0,0,0,0,2018,45,38.4,629
"1159",0,0,0,0,0,0,0,1,0,0,0,0,2018,38.8,27.2,704
"1160",0,0,0,0,0,0,0,1,0,0,0,0,2018,44,31.1,690
"1161",1,0,0,0,0,0,0,0,0,0,0,0,2018,32.3,15.1,736
"1162",1,0,0,0,0,0,0,0,0,0,0,0,2018,31.6,15.4,674
"1163",1,0,0,0,0,0,0,0,0,0,0,0,2018,38.9,32.4,605
"1164",1,0,0,0,0,0,0,0,0,0,0,0,2018,31.8,23.9,701
"1165",1,0,0,0,0,0,0,0,0,0,0,0,2018,31.6,16,672
"1166",1,0,0,0,0,0,0,0,0,0,0,0,2018,35.1,25,695
"1167",1,0,0,0,0,0,0,0,0,0,0,0,2018,28.2,8,635
"1168",1,0,0,0,0,0,0,0,0,0,0,0,2018,30.7,11.5,618
"1169",1,0,0,0,0,0,0,0,0,0,0,0,2018,32.8,26.6,661
"1170",1,0,0,0,0,0,0,0,0,0,0,0,2018,35.7,24,714
"1171",1,0,0,0,0,0,0,0,0,0,0,0,2018,47.8,30.8,769
"1172",1,0,0,0,0,0,0,0,0,0,0,0,2018,55.6,41.2,751
"1173",1,0,0,0,0,0,0,0,0,0,0,0,2018,43.4,37.1,781
"1174",1,0,0,0,0,0,0,0,0,0,0,0,2018,38.8,35.9,689
"1175",1,0,0,0,0,0,0,0,0,0,0,0,2018,35.2,32.1,603
"1176",1,0,0,0,0,0,0,0,0,0,0,0,2018,30.5,24.6,733
"1177",1,0,0,0,0,0,0,0,0,0,0,0,2018,34.7,21.1,699
"1178",1,0,0,0,0,0,0,0,0,0,0,0,2018,34.8,25.4,627
"1179",1,0,0,0,0,0,0,0,0,0,0,0,2018,39.3,29,724
"1180",1,0,0,0,0,0,0,0,0,0,0,0,2018,46.6,21.6,803
"1181",1,0,0,0,0,0,0,0,0,0,0,0,2018,47.4,19.2,677
"1182",1,0,0,0,0,0,0,0,0,0,0,0,2018,50.1,22,698
"1183",1,0,0,0,0,0,0,0,0,0,0,0,2018,50.8,27.9,716
"1184",1,0,0,0,0,0,0,0,0,0,0,0,2018,54.6,37.7,713
"1185",1,0,0,0,0,0,0,0,0,0,0,0,2018,49.1,34.4,750
"1186",1,0,0,0,0,0,0,0,0,0,0,0,2018,48.4,28.8,733
"1187",1,0,0,0,0,0,0,0,0,0,0,0,2018,53.2,30.9,772
"1188",1,0,0,0,0,0,0,0,0,0,0,0,2018,42.4,29.2,679
"1189",1,0,0,0,0,0,0,0,0,0,0,0,2018,43.3,21,725
"1190",1,0,0,0,0,0,0,0,0,0,0,0,2018,56.2,19.4,790
"1191",0,0,0,0,0,0,0,0,1,0,0,0,2018,76.9,51,789
"1192",0,0,0,0,0,0,0,0,1,0,0,0,2018,64.3,59.2,742
"1193",0,0,0,0,0,0,0,0,1,0,0,0,2018,65.4,53.7,814
"1194",0,0,0,0,0,0,0,0,1,0,0,0,2018,69.7,44.1,853
"1195",0,0,0,0,0,0,0,0,1,0,0,0,2018,62.3,42.4,716
"1196",0,0,0,0,0,0,0,0,1,0,0,0,2018,59.1,40.1,805
"1197",0,0,0,0,0,0,0,0,1,0,0,0,2018,68.5,40,805
"1198",0,0,0,0,0,0,0,0,1,0,0,0,2018,69.7,48.1,792
"1199",0,0,0,0,0,0,0,0,1,0,0,0,2018,66,53.3,779
"1200",0,0,0,0,0,0,0,0,1,0,0,0,2018,51.7,42.3,729
"1201",0,0,0,0,0,0,0,0,1,0,0,0,2018,46.4,41.8,699
"1202",0,0,0,0,0,0,0,0,1,0,0,0,2018,52.2,47.5,690
"1203",0,0,0,0,0,0,0,0,1,0,0,0,2018,62.1,54.7,788
"1204",0,0,0,0,0,0,0,0,1,0,0,0,2018,63.8,57.4,743
"1205",0,0,0,0,0,0,0,0,1,0,0,0,2018,61.8,43.4,759
"1206",0,0,0,0,0,0,0,0,1,0,0,0,2018,63.2,46.3,795
"1207",0,0,0,0,0,0,0,0,1,0,0,0,2018,57,44.1,800
"1208",0,0,0,0,0,0,0,0,1,0,0,0,2018,60.1,55.9,759
"1209",0,0,0,0,0,0,0,0,1,0,0,0,2018,51.2,45.6,764
"1210",0,0,0,0,0,0,0,0,1,0,0,0,2018,52.8,48.4,714
"1211",0,0,0,0,0,0,0,0,1,0,0,0,2018,59,54.9,797
"1212",0,0,0,0,0,0,0,0,1,0,0,0,2018,63.8,52,781
"1213",0,0,0,0,0,0,0,0,1,0,0,0,2018,71.3,52.5,820
"1214",0,0,0,0,0,0,0,0,1,0,0,0,2018,77.6,54.8,805
"1215",0,0,0,0,0,0,0,0,1,0,0,0,2018,78.9,62.1,854
"1216",0,0,0,0,0,0,0,0,1,0,0,0,2018,82.8,61.4,882
"1217",0,0,0,0,0,0,0,0,1,0,0,0,2018,82.7,61.3,888
"1218",0,0,0,0,0,0,0,0,1,0,0,0,2018,76.6,59.8,875
"1219",0,0,0,0,0,0,0,0,1,0,0,0,2018,75.3,63.5,847
"1220",0,0,0,0,0,0,0,0,1,0,0,0,2018,76.9,66,841
"1221",0,0,0,0,0,0,1,0,0,0,0,0,2018,59.5,50.8,820
"1222",0,0,0,0,0,0,1,0,0,0,0,0,2018,66.6,53.6,835
"1223",0,0,0,0,0,0,1,0,0,0,0,0,2018,66.5,47.9,790
"1224",0,0,0,0,0,0,1,0,0,0,0,0,2018,67,47.8,752
"1225",0,0,0,0,0,0,1,0,0,0,0,0,2018,60.9,46.5,815
"1226",0,0,0,0,0,0,1,0,0,0,0,0,2018,71.4,56.1,767
"1227",0,0,0,0,0,0,1,0,0,0,0,0,2018,64.2,53.3,774
"1228",0,0,0,0,0,0,1,0,0,0,0,0,2018,66.1,58.5,816
"1229",0,0,0,0,0,0,1,0,0,0,0,0,2018,64.5,61,731
"1230",0,0,0,0,0,0,1,0,0,0,0,0,2018,64,60.2,748
"1231",0,0,0,0,0,0,1,0,0,0,0,0,2018,69.3,63.8,794
"1232",0,0,0,0,0,0,1,0,0,0,0,0,2018,74.7,60.5,751
"1233",0,0,0,0,0,0,1,0,0,0,0,0,2018,73,50.3,758
"1234",0,0,0,0,0,0,1,0,0,0,0,0,2018,74.4,55,842
"1235",0,0,0,0,0,0,1,0,0,0,0,0,2018,80.8,67.8,826
"1236",0,0,0,0,0,0,1,0,0,0,0,0,2018,85.9,69.8,828
"1237",0,0,0,0,0,0,1,0,0,0,0,0,2018,86.5,70.3,846
"1238",0,0,0,0,0,0,1,0,0,0,0,0,2018,70.9,65.5,795
"1239",0,0,0,0,0,0,1,0,0,0,0,0,2018,69,62.2,891
"1240",0,0,0,0,0,0,1,0,0,0,0,0,2018,65.8,61.5,667
"1241",0,0,0,0,0,0,1,0,0,0,0,0,2018,62.4,58.4,723
"1242",0,0,0,0,0,0,1,0,0,0,0,0,2018,68.1,57,839
"1243",0,0,0,0,0,0,1,0,0,0,0,0,2018,72.7,59.1,870
"1244",0,0,0,0,0,0,1,0,0,0,0,0,2018,68.9,59.1,854
"1245",0,0,0,0,0,0,1,0,0,0,0,0,2018,73.3,62.4,795
"1246",0,0,0,0,0,0,1,0,0,0,0,0,2018,72.8,66.4,827
"1247",0,0,0,0,0,0,1,0,0,0,0,0,2018,76.2,64.6,822
"1248",0,0,0,0,0,0,1,0,0,0,0,0,2018,82.1,68.8,780
"1249",0,0,0,0,0,0,1,0,0,0,0,0,2018,87.1,74.7,867
"1250",0,0,0,0,0,1,0,0,0,0,0,0,2018,77,63.2,860
"1251",0,0,0,0,0,1,0,0,0,0,0,0,2018,77.7,61.3,826
"1252",0,0,0,0,0,1,0,0,0,0,0,0,2018,83.4,71,829
"1253",0,0,0,0,0,1,0,0,0,0,0,0,2018,81.4,70.9,841
"1254",0,0,0,0,0,1,0,0,0,0,0,0,2018,74,58.2,890
"1255",0,0,0,0,0,1,0,0,0,0,0,0,2018,70.6,48.1,831
"1256",0,0,0,0,0,1,0,0,0,0,0,0,2018,74.8,51.7,825
"1257",0,0,0,0,0,1,0,0,0,0,0,0,2018,79.4,58.7,802
"1258",0,0,0,0,0,1,0,0,0,0,0,0,2018,82.1,61.8,810
"1259",0,0,0,0,0,1,0,0,0,0,0,0,2018,77.2,54,737
"1260",0,0,0,0,0,1,0,0,0,0,0,0,2018,78.6,58.7,798
"1261",0,0,0,0,0,1,0,0,0,0,0,0,2018,81.9,61.1,819
"1262",0,0,0,0,0,1,0,0,0,0,0,0,2018,78.3,66.5,788
"1263",0,0,0,0,0,1,0,0,0,0,0,0,2018,80.2,68.6,812
"1264",0,0,0,0,0,1,0,0,0,0,0,0,2018,82.3,70.6,786
"1265",0,0,0,0,0,1,0,0,0,0,0,0,2018,76.6,57.3,745
"1266",0,0,0,0,0,1,0,0,0,0,0,0,2018,72.1,54,840
"1267",0,0,0,0,0,1,0,0,0,0,0,0,2018,75.8,55.4,778
"1268",0,0,0,0,0,1,0,0,0,0,0,0,2018,75.7,63.8,823
"1269",0,0,0,0,0,1,0,0,0,0,0,0,2018,71.5,65.9,800
"1270",0,0,0,0,0,1,0,0,0,0,0,0,2018,70.7,65.7,795
"1271",0,0,0,0,0,1,0,0,0,0,0,0,2018,72.3,62.4,846
"1272",0,0,0,0,0,1,0,0,0,0,0,0,2018,75.1,62.8,798
"1273",0,0,0,0,0,1,0,0,0,0,0,0,2018,78.8,58.3,808
"1274",0,0,0,0,0,1,0,0,0,0,0,0,2018,76.6,59.2,801
"1275",0,0,0,0,0,1,0,0,0,0,0,0,2018,70.2,54.4,800
"1276",0,0,0,0,0,1,0,0,0,0,0,0,2018,71.2,52.4,808
"1277",0,0,0,0,0,1,0,0,0,0,0,0,2018,71.9,55.2,776
"1278",0,0,0,0,0,1,0,0,0,0,0,0,2018,72.5,58.5,782
"1279",0,0,0,0,0,1,0,0,0,0,0,0,2018,72.9,60.8,830
"1280",0,1,0,0,0,0,0,0,0,0,0,0,2018,73.3,58.9,942
"1281",0,1,0,0,0,0,0,0,0,0,0,0,2018,76.8,61.9,854
"1282",0,1,0,0,0,0,0,0,0,0,0,0,2018,77.1,60,891
"1283",0,1,0,0,0,0,0,0,0,0,0,0,2018,82,63.3,904
"1284",0,1,0,0,0,0,0,0,0,0,0,0,2018,84.7,64.3,860
"1285",0,1,0,0,0,0,0,0,0,0,0,0,2018,77.6,67,803
"1286",0,1,0,0,0,0,0,0,0,0,0,0,2018,75.3,67.5,785
"1287",0,1,0,0,0,0,0,0,0,0,0,0,2018,74,65,792
"1288",0,1,0,0,0,0,0,0,0,0,0,0,2018,77.9,65,769
"1289",0,1,0,0,0,0,0,0,0,0,0,0,2018,76.1,67.1,858
"1290",0,1,0,0,0,0,0,0,0,0,0,0,2018,76.9,61.8,860
"1291",0,1,0,0,0,0,0,0,0,0,0,0,2018,78.7,60.4,843
"1292",0,1,0,0,0,0,0,0,0,0,0,0,2018,77.1,61.1,824
"1293",0,1,0,0,0,0,0,0,0,0,0,0,2018,79.2,61.3,829
"1294",0,1,0,0,0,0,0,0,0,0,0,0,2018,79.8,65.2,799
"1295",0,1,0,0,0,0,0,0,0,0,0,0,2018,77.3,68,836
"1296",0,1,0,0,0,0,0,0,0,0,0,0,2018,74.9,67.1,810
"1297",0,1,0,0,0,0,0,0,0,0,0,0,2018,75.3,67.2,912
"1298",0,1,0,0,0,0,0,0,0,0,0,0,2018,75.6,65.8,793
"1299",0,1,0,0,0,0,0,0,0,0,0,0,2018,75.1,66.6,748
"1300",0,1,0,0,0,0,0,0,0,0,0,0,2018,71.7,66,722
"1301",0,1,0,0,0,0,0,0,0,0,0,0,2018,69.4,54.1,850
"1302",0,1,0,0,0,0,0,0,0,0,0,0,2018,69.9,51.6,728
"1303",0,1,0,0,0,0,0,0,0,0,0,0,2018,68.4,55.6,790
"1304",0,1,0,0,0,0,0,0,0,0,0,0,2018,70.9,65.6,837
"1305",0,1,0,0,0,0,0,0,0,0,0,0,2018,80.8,72.4,792
"1306",0,1,0,0,0,0,0,0,0,0,0,0,2018,85.4,70.9,825
"1307",0,1,0,0,0,0,0,0,0,0,0,0,2018,82.2,70.6,802
"1308",0,1,0,0,0,0,0,0,0,0,0,0,2018,71.6,65.3,751
"1309",0,1,0,0,0,0,0,0,0,0,0,0,2018,67.7,56.6,821
"1310",0,1,0,0,0,0,0,0,0,0,0,0,2018,69.9,59,833
"1311",0,0,0,0,0,0,0,0,0,0,0,1,2018,79.8,69.3,832
"1312",0,0,0,0,0,0,0,0,0,0,0,1,2018,77.1,69.4,776
"1313",0,0,0,0,0,0,0,0,0,0,0,1,2018,79.3,69.5,820
"1314",0,0,0,0,0,0,0,0,0,0,0,1,2018,82.5,68.1,717
"1315",0,0,0,0,0,0,0,0,0,0,0,1,2018,68.5,63,741
"1316",0,0,0,0,0,0,0,0,0,0,0,1,2018,67.1,58.8,730
"1317",0,0,0,0,0,0,0,0,0,0,0,1,2018,66.7,52.3,790
"1318",0,0,0,0,0,0,0,0,0,0,0,1,2018,64.3,51.8,665
"1319",0,0,0,0,0,0,0,0,0,0,0,1,2018,64.9,55.2,716
"1320",0,0,0,0,0,0,0,0,0,0,0,1,2018,66.9,56.5,692
"1321",0,0,0,0,0,0,0,0,0,0,0,1,2018,70.8,56.9,714
"1322",0,0,0,0,0,0,0,0,0,0,0,1,2018,69,56.6,687
"1323",0,0,0,0,0,0,0,0,0,0,0,1,2018,73.1,60.2,869
"1324",0,0,0,0,0,0,0,0,0,0,0,1,2018,73.5,61.3,809
"1325",0,0,0,0,0,0,0,0,0,0,0,1,2018,76.1,65.3,819
"1326",0,0,0,0,0,0,0,0,0,0,0,1,2018,79,64.3,786
"1327",0,0,0,0,0,0,0,0,0,0,0,1,2018,73.3,63.9,737
"1328",0,0,0,0,0,0,0,0,0,0,0,1,2018,69.5,62.1,762
"1329",0,0,0,0,0,0,0,0,0,0,0,1,2018,75.3,67.1,829
"1330",0,0,0,0,0,0,0,0,0,0,0,1,2018,79,60.7,825
"1331",0,0,0,0,0,0,0,0,0,0,0,1,2018,58.6,42.8,799
"1332",0,0,0,0,0,0,0,0,0,0,0,1,2018,59.7,48.7,735
"1333",0,0,0,0,0,0,0,0,0,0,0,1,2018,65,57.3,796
"1334",0,0,0,0,0,0,0,0,0,0,0,1,2018,72.9,64.5,751
"1335",0,0,0,0,0,0,0,0,0,0,0,1,2018,60.9,49.2,752
"1336",0,0,0,0,0,0,0,0,0,0,0,1,2018,58.7,43.3,708
"1337",0,0,0,0,0,0,0,0,0,0,0,1,2018,58.3,44.5,793
"1338",0,0,0,0,0,0,0,0,0,0,0,1,2018,50.4,38.7,732
"1339",0,0,0,0,0,0,0,0,0,0,0,1,2018,56.6,49.4,741
"1340",0,0,0,0,0,0,0,0,0,0,1,0,2018,60.8,55.7,918
"1341",0,0,0,0,0,0,0,0,0,0,1,0,2018,62.1,57.8,717
"1342",0,0,0,0,0,0,0,0,0,0,1,0,2018,69.7,60.3,676
"1343",0,0,0,0,0,0,0,0,0,0,1,0,2018,65.9,53.6,698
"1344",0,0,0,0,0,0,0,0,0,0,1,0,2018,57.3,51.2,654
"1345",0,0,0,0,0,0,0,0,0,0,1,0,2018,63.6,61,726
"1346",0,0,0,0,0,0,0,0,0,0,1,0,2018,57.9,53.4,718
"1347",0,0,0,0,0,0,0,0,0,0,1,0,2018,69.4,63.5,743
"1348",0,0,0,0,0,0,0,0,0,0,1,0,2018,76.3,65.2,746
"1349",0,0,0,0,0,0,0,0,0,0,1,0,2018,72.8,64.7,724
"1350",0,0,0,0,0,0,0,0,0,0,1,0,2018,50.3,38.1,679
"1351",0,0,0,0,0,0,0,0,0,0,1,0,2018,40.5,30.9,707
"1352",0,0,0,0,0,0,0,0,0,0,1,0,2018,40.9,33.3,744
"1353",0,0,0,0,0,0,0,0,0,0,1,0,2018,46.4,38.4,702
"1354",0,0,0,0,0,0,0,0,0,0,1,0,2018,43.8,34.4,705
"1355",0,0,0,0,0,0,0,0,0,0,1,0,2018,43.4,29.2,667
"1356",0,0,0,0,0,0,0,0,0,0,1,0,2018,47.7,30.9,690
"1357",0,0,0,0,0,0,0,0,0,0,1,0,2018,45,26.5,725
"1358",0,0,0,0,0,0,0,0,0,0,1,0,2018,49.4,35.3,766
"1359",0,0,0,0,0,0,0,0,0,0,1,0,2018,47.6,37,806
"1360",0,0,0,0,0,0,0,0,0,0,1,0,2018,37.4,20.4,644
"1361",0,0,0,0,0,0,0,0,0,0,1,0,2018,48,29.2,716
"1362",0,0,0,0,0,0,0,0,0,0,1,0,2018,49.2,32,736
"1363",0,0,0,0,0,0,0,0,0,0,1,0,2018,43.7,35.3,805
"1364",0,0,0,0,0,0,0,0,0,0,1,0,2018,43.9,34.3,721
"1365",0,0,0,0,0,0,0,0,0,0,1,0,2018,48.4,38.1,830
"1366",0,0,0,0,0,0,0,0,0,0,1,0,2018,49.1,40.1,788
"1367",0,0,0,0,0,0,0,0,0,0,1,0,2018,47.2,42.5,717
"1368",0,0,0,0,0,0,0,0,0,0,1,0,2018,46.9,38.7,723
"1369",0,0,0,0,0,0,0,0,0,0,1,0,2018,51.5,42.9,766
"1370",0,0,0,0,0,0,0,0,0,0,1,0,2018,53.5,46,885
"1371",0,0,0,0,0,0,0,0,0,1,0,0,2018,50.5,37.3,939
"1372",0,0,0,0,0,0,0,0,0,1,0,0,2018,44.1,34.9,786
"1373",0,0,0,0,0,0,0,0,0,1,0,0,2018,42.2,31.8,784
"1374",0,0,0,0,0,0,0,0,0,1,0,0,2018,48,41.8,685
"1375",0,0,0,0,0,0,0,0,0,1,0,0,2018,48.1,42.1,706
"1376",0,0,0,0,0,0,0,0,0,1,0,0,2018,47.7,43.2,763
"1377",0,0,0,0,0,0,0,0,0,1,0,0,2018,38.3,27.9,685
"1378",0,0,0,0,0,0,0,0,0,1,0,0,2018,35.2,24.2,676
"1379",0,0,0,0,0,0,0,0,0,1,0,0,2018,34.1,27,718
"1380",0,0,0,0,0,0,0,0,0,1,0,0,2018,25,12.9,651
"1381",0,0,0,0,0,0,0,0,0,1,0,0,2018,32.5,19.8,648
"1382",0,0,0,0,0,0,0,0,0,1,0,0,2018,33,23.5,687
"1383",0,0,0,0,0,0,0,0,0,1,0,0,2018,24.6,11.5,609
"1384",0,0,0,0,0,0,0,0,0,1,0,0,2018,24.7,12.8,639
"1385",0,0,0,0,0,0,0,0,0,1,0,0,2018,31,25.9,692
"1386",0,0,0,0,0,0,0,0,0,1,0,0,2018,34.1,28.7,733
"1387",0,0,0,0,0,0,0,0,0,1,0,0,2018,33.8,29.8,670
"1388",0,0,0,0,0,0,0,0,0,1,0,0,2018,32.8,24.7,630
"1389",0,0,0,0,0,0,0,0,0,1,0,0,2018,27.7,22.2,639
"1390",0,0,0,0,0,0,0,0,0,1,0,0,2018,31.4,21.9,699
"1391",0,0,0,0,0,0,0,0,0,1,0,0,2018,32.2,23.1,741
"1392",0,0,0,0,0,0,0,0,0,1,0,0,2018,34.1,24.1,542
"1393",0,0,0,0,0,0,0,0,0,1,0,0,2018,39.7,32.5,750
"1394",0,0,0,0,0,0,0,0,0,1,0,0,2018,44.9,40.8,697
"1395",0,0,0,0,0,0,0,0,0,1,0,0,2018,38.4,34,574
"1396",0,0,0,0,0,0,0,0,0,1,0,0,2018,30.1,26.7,561
"1397",0,0,0,0,0,0,0,0,0,1,0,0,2018,23.6,16.7,637
"1398",0,0,0,0,0,0,0,0,0,1,0,0,2018,21.7,15.1,715
"1399",0,0,0,0,0,0,0,0,0,1,0,0,2018,29.9,23.6,675
"1400",0,0,0,0,0,0,0,0,0,1,0,0,2018,33.8,27.8,752
"1401",0,0,1,0,0,0,0,0,0,0,0,0,2018,37.7,34.7,818
"1402",0,0,1,0,0,0,0,0,0,0,0,0,2018,41.4,38.6,711
"1403",0,0,1,0,0,0,0,0,0,0,0,0,2018,34.4,29.4,771
"1404",0,0,1,0,0,0,0,0,0,0,0,0,2018,30.5,22.1,724
"1405",0,0,1,0,0,0,0,0,0,0,0,0,2018,28.3,19.5,712
"1406",0,0,1,0,0,0,0,0,0,0,0,0,2018,30.7,21.7,719
"1407",0,0,1,0,0,0,0,0,0,0,0,0,2018,20.7,11.2,747
"1408",0,0,1,0,0,0,0,0,0,0,0,0,2018,24.3,13.2,739
"1409",0,0,1,0,0,0,0,0,0,0,0,0,2018,24.3,17,691
"1410",0,0,1,0,0,0,0,0,0,0,0,0,2018,23.2,17.9,718
"1411",0,0,1,0,0,0,0,0,0,0,0,0,2018,29.6,23.7,671
"1412",0,0,1,0,0,0,0,0,0,0,0,0,2018,33.9,27.7,759
"1413",0,0,1,0,0,0,0,0,0,0,0,0,2018,32.6,26.4,712
"1414",0,0,1,0,0,0,0,0,0,0,0,0,2018,38.8,38.2,793
"1415",0,0,1,0,0,0,0,0,0,0,0,0,2018,35.2,31.4,744
"1416",0,0,1,0,0,0,0,0,0,0,0,0,2018,35.1,30.4,751
"1417",0,0,1,0,0,0,0,0,0,0,0,0,2018,36.6,24.7,712
"1418",0,0,1,0,0,0,0,0,0,0,0,0,2018,32.9,23.4,717
"1419",0,0,1,0,0,0,0,0,0,0,0,0,2018,39.1,30.3,740
"1420",0,0,1,0,0,0,0,0,0,0,0,0,2018,43.7,40.2,788
"1421",0,0,1,0,0,0,0,0,0,0,0,0,2018,34.9,31.8,802
"1422",0,0,1,0,0,0,0,0,0,0,0,0,2018,29.9,24.1,760
"1423",0,0,1,0,0,0,0,0,0,0,0,0,2018,32.8,26.1,637
"1424",0,0,1,0,0,0,0,0,0,0,0,0,2018,28.8,17.8,610
"1425",0,0,1,0,0,0,0,0,0,0,0,0,2018,34.4,28.7,630
"1426",0,0,1,0,0,0,0,0,0,0,0,0,2018,42,35.6,628
"1427",0,0,1,0,0,0,0,0,0,0,0,0,2018,41.9,38.2,725
"1428",0,0,1,0,0,0,0,0,0,0,0,0,2018,28.8,26.1,696
"1429",0,0,1,0,0,0,0,0,0,0,0,0,2018,25.5,19.1,671
"1430",0,0,1,0,0,0,0,0,0,0,0,0,2018,34.3,31.6,648
"1431",0,0,0,0,1,0,0,0,0,0,0,0,2019,27.6,24.5,655
"1432",0,0,0,0,1,0,0,0,0,0,0,0,2019,29.2,22.9,752
"1433",0,0,0,0,1,0,0,0,0,0,0,0,2019,37,28.1,769
"1434",0,0,0,0,1,0,0,0,0,0,0,0,2019,38.9,32,792
"1435",0,0,0,0,1,0,0,0,0,0,0,0,2019,37.9,31.7,664
"1436",0,0,0,0,1,0,0,0,0,0,0,0,2019,43.6,38.7,676
"1437",0,0,0,0,1,0,0,0,0,0,0,0,2019,41.4,35.4,701
"1438",0,0,0,0,1,0,0,0,0,0,0,0,2019,23.2,11.6,631
"1439",0,0,0,0,1,0,0,0,0,0,0,0,2019,17.9,8.7,686
"1440",0,0,0,0,1,0,0,0,0,0,0,0,2019,23.4,17.4,784
"1441",0,0,0,0,1,0,0,0,0,0,0,0,2019,30.2,23.8,673
"1442",0,0,0,0,1,0,0,0,0,0,0,0,2019,29.7,24,573
"1443",0,0,0,0,1,0,0,0,0,0,0,0,2019,25.4,20.4,635
"1444",0,0,0,0,1,0,0,0,0,0,0,0,2019,25.5,21.8,696
"1445",0,0,0,0,1,0,0,0,0,0,0,0,2019,31.2,24.9,700
"1446",0,0,0,0,1,0,0,0,0,0,0,0,2019,30.3,24,653
"1447",0,0,0,0,1,0,0,0,0,0,0,0,2019,29.7,23.5,668
"1448",0,0,0,0,1,0,0,0,0,0,0,0,2019,26.4,23.3,521
"1449",0,0,0,0,1,0,0,0,0,0,0,0,2019,9.4,0.2,556
"1450",0,0,0,0,1,0,0,0,0,0,0,0,2019,18.7,8.7,626
"1451",0,0,0,0,1,0,0,0,0,0,0,0,2019,29.5,27.9,662
"1452",0,0,0,0,1,0,0,0,0,0,0,0,2019,16.6,12.3,607
"1453",0,0,0,0,1,0,0,0,0,0,0,0,2019,1.3,-5.5,586
"1454",0,0,0,0,1,0,0,0,0,0,0,0,2019,2.1,-4.7,532
"1455",0,0,0,0,1,0,0,0,0,0,0,0,2019,3.8,-2.4,524
"1456",0,0,0,0,1,0,0,0,0,0,0,0,2019,18.4,12.9,521
"1457",0,0,0,1,0,0,0,0,0,0,0,0,2019,6.9,1.6,774
"1458",0,0,0,1,0,0,0,0,0,0,0,0,2019,25.6,21,722
"1459",0,0,0,1,0,0,0,0,0,0,0,0,2019,42.3,40.1,596
"1460",0,0,0,1,0,0,0,0,0,0,0,0,2019,47.3,44.2,736
"1461",0,0,0,1,0,0,0,0,0,0,0,0,2019,29.5,24.3,653
"1462",0,0,0,1,0,0,0,0,0,0,0,0,2019,32.8,31.4,636
"1463",0,0,0,1,0,0,0,0,0,0,0,0,2019,35.6,34,670
"1464",0,0,0,1,0,0,0,0,0,0,0,0,2019,11.4,2.5,642
"1465",0,0,0,1,0,0,0,0,0,0,0,0,2019,11.8,2.2,756
"1466",0,0,0,1,0,0,0,0,0,0,0,0,2019,23.4,15.9,638
"1467",0,0,0,1,0,0,0,0,0,0,0,0,2019,28,25.3,626
"1468",0,0,0,1,0,0,0,0,0,0,0,0,2019,32,29.3,665
"1469",0,0,0,1,0,0,0,0,0,0,0,0,2019,18.5,14.6,643
"1470",0,0,0,1,0,0,0,0,0,0,0,0,2019,36.1,27.2,742
"1471",0,0,0,1,0,0,0,0,0,0,0,0,2019,22.8,15.3,741
"1472",0,0,0,1,0,0,0,0,0,0,0,0,2019,18.6,11.4,677
"1473",0,0,0,1,0,0,0,0,0,0,0,0,2019,25.3,20.4,618
"1474",0,0,0,1,0,0,0,0,0,0,0,0,2019,25.1,20.6,590
"1475",0,0,0,1,0,0,0,0,0,0,0,0,2019,21.8,12.9,612
"1476",0,0,0,1,0,0,0,0,0,0,0,0,2019,31.1,25.9,635
"1477",0,0,0,1,0,0,0,0,0,0,0,0,2019,30.9,21.3,696
"1478",0,0,0,1,0,0,0,0,0,0,0,0,2019,28.6,19,712
"1479",0,0,0,1,0,0,0,0,0,0,0,0,2019,35.6,29,647
"1480",0,0,0,1,0,0,0,0,0,0,0,0,2019,37.4,30.7,547
"1481",0,0,0,1,0,0,0,0,0,0,0,0,2019,12.3,0.5,597
"1482",0,0,0,1,0,0,0,0,0,0,0,0,2019,16.9,8,609
"1483",0,0,0,1,0,0,0,0,0,0,0,0,2019,24.6,17.4,649
"1484",0,0,0,1,0,0,0,0,0,0,0,0,2019,18,8.1,595
"1485",0,0,0,0,0,0,0,1,0,0,0,0,2019,26.7,16,755
"1486",0,0,0,0,0,0,0,1,0,0,0,0,2019,29.1,21.4,664
"1487",0,0,0,0,0,0,0,1,0,0,0,0,2019,22.2,10.7,551
"1488",0,0,0,0,0,0,0,1,0,0,0,0,2019,5.2,-6.4,544
"1489",0,0,0,0,0,0,0,1,0,0,0,0,2019,11.9,0.4,542
"1490",0,0,0,0,0,0,0,1,0,0,0,0,2019,16.3,3.7,629
"1491",0,0,0,0,0,0,0,1,0,0,0,0,2019,22.7,10.7,610
"1492",0,0,0,0,0,0,0,1,0,0,0,0,2019,28,20.3,718
"1493",0,0,0,0,0,0,0,1,0,0,0,0,2019,33.5,27.4,617
"1494",0,0,0,0,0,0,0,1,0,0,0,0,2019,36.6,32.2,612
"1495",0,0,0,0,0,0,0,1,0,0,0,0,2019,32,19.2,700
"1496",0,0,0,0,0,0,0,1,0,0,0,0,2019,35.2,23.5,627
"1497",0,0,0,0,0,0,0,1,0,0,0,0,2019,44.9,36.8,688
"1498",0,0,0,0,0,0,0,1,0,0,0,0,2019,55.3,48.4,676
"1499",0,0,0,0,0,0,0,1,0,0,0,0,2019,38,33,735
"1500",0,0,0,0,0,0,0,1,0,0,0,0,2019,34.4,21.4,766
"1501",0,0,0,0,0,0,0,1,0,0,0,0,2019,34.8,21.9,612
"1502",0,0,0,0,0,0,0,1,0,0,0,0,2019,35.4,23.7,651
"1503",0,0,0,0,0,0,0,1,0,0,0,0,2019,38.7,24,644
"1504",0,0,0,0,0,0,0,1,0,0,0,0,2019,41.7,33.2,693
"1505",0,0,0,0,0,0,0,1,0,0,0,0,2019,39.8,34.8,689
"1506",0,0,0,0,0,0,0,1,0,0,0,0,2019,40.2,29.8,709
"1507",0,0,0,0,0,0,0,1,0,0,0,0,2019,36.5,24.9,690
"1508",0,0,0,0,0,0,0,1,0,0,0,0,2019,45.5,31.8,648
"1509",0,0,0,0,0,0,0,1,0,0,0,0,2019,36,25.6,639
"1510",0,0,0,0,0,0,0,1,0,0,0,0,2019,34.9,13.9,672
"1511",0,0,0,0,0,0,0,1,0,0,0,0,2019,41.8,17.3,698
"1512",0,0,0,0,0,0,0,1,0,0,0,0,2019,53.2,38.7,683
"1513",0,0,0,0,0,0,0,1,0,0,0,0,2019,46.7,32,675
"1514",0,0,0,0,0,0,0,1,0,0,0,0,2019,39.7,32.1,663
"1515",0,0,0,0,0,0,0,1,0,0,0,0,2019,30.7,14.6,636
"1516",1,0,0,0,0,0,0,0,0,0,0,0,2019,35,20.2,793
"1517",1,0,0,0,0,0,0,0,0,0,0,0,2019,44.7,30.6,657
"1518",1,0,0,0,0,0,0,0,0,0,0,0,2019,45.5,28.4,680
"1519",1,0,0,0,0,0,0,0,0,0,0,0,2019,46,38.1,663
"1520",1,0,0,0,0,0,0,0,0,0,0,0,2019,43.5,39.2,705
"1521",1,0,0,0,0,0,0,0,0,0,0,0,2019,51.7,44.3,743
"1522",1,0,0,0,0,0,0,0,0,0,0,0,2019,56.3,49.4,703
"1523",1,0,0,0,0,0,0,0,0,0,0,0,2019,61.2,46.7,744
"1524",1,0,0,0,0,0,0,0,0,0,0,0,2019,59.8,36.2,693
"1525",1,0,0,0,0,0,0,0,0,0,0,0,2019,40.5,30.7,659
"1526",1,0,0,0,0,0,0,0,0,0,0,0,2019,42.2,34.2,746
"1527",1,0,0,0,0,0,0,0,0,0,0,0,2019,47.9,35.4,780
"1528",1,0,0,0,0,0,0,0,0,0,0,0,2019,42.4,24.9,754
"1529",1,0,0,0,0,0,0,0,0,0,0,0,2019,36.8,29.9,536
"1530",1,0,0,0,0,0,0,0,0,0,0,0,2019,37.8,28.5,724
"1531",1,0,0,0,0,0,0,0,0,0,0,0,2019,56,41.8,708
"1532",1,0,0,0,0,0,0,0,0,0,0,0,2019,55,46.1,692
"1533",1,0,0,0,0,0,0,0,0,0,0,0,2019,58.5,50.3,628
"1534",1,0,0,0,0,0,0,0,0,0,0,0,2019,44.9,34.2,650
"1535",1,0,0,0,0,0,0,0,0,0,0,0,2019,49.5,20.7,730
"1536",1,0,0,0,0,0,0,0,0,0,0,0,2019,58.3,25.3,645
"1537",1,0,0,0,0,0,0,0,0,0,0,0,2019,68.1,42,736
"1538",1,0,0,0,0,0,0,0,0,0,0,0,2019,59.1,48.8,743
"1539",1,0,0,0,0,0,0,0,0,0,0,0,2019,52.7,38.4,702
"1540",1,0,0,0,0,0,0,0,0,0,0,0,2019,56.7,37.4,767
"1541",1,0,0,0,0,0,0,0,0,0,0,0,2019,55.6,38,762
"1542",1,0,0,0,0,0,0,0,0,0,0,0,2019,42.4,29.9,629
"1543",1,0,0,0,0,0,0,0,0,0,0,0,2019,39.1,27.2,606
"1544",1,0,0,0,0,0,0,0,0,0,0,0,2019,45.1,38,717
"1545",1,0,0,0,0,0,0,0,0,0,0,0,2019,44.4,42.6,729
"1546",0,0,0,0,0,0,0,0,1,0,0,0,2019,50,47.3,815
"1547",0,0,0,0,0,0,0,0,1,0,0,0,2019,44.3,42.4,698
"1548",0,0,0,0,0,0,0,0,1,0,0,0,2019,47.5,40.2,791
"1549",0,0,0,0,0,0,0,0,1,0,0,0,2019,49.5,38.1,699
"1550",0,0,0,0,0,0,0,0,1,0,0,0,2019,58.3,40.8,779
"1551",0,0,0,0,0,0,0,0,1,0,0,0,2019,59.3,47.7,792
"1552",0,0,0,0,0,0,0,0,1,0,0,0,2019,46.4,40,700
"1553",0,0,0,0,0,0,0,0,1,0,0,0,2019,50.1,38.7,759
"1554",0,0,0,0,0,0,0,0,1,0,0,0,2019,61.3,55.5,737
"1555",0,0,0,0,0,0,0,0,1,0,0,0,2019,49.6,38.2,798
"1556",0,0,0,0,0,0,0,0,1,0,0,0,2019,47.6,36.5,696
"1557",0,0,0,0,0,0,0,0,1,0,0,0,2019,46.2,37.5,631
"1558",0,0,0,0,0,0,0,0,1,0,0,0,2019,49.7,37.7,790
"1559",0,0,0,0,0,0,0,0,1,0,0,0,2019,54.3,37.1,720
"1560",0,0,0,0,0,0,0,0,1,0,0,0,2019,62.3,42.5,764
"1561",0,0,0,0,0,0,0,0,1,0,0,0,2019,66.3,54.8,740
"1562",0,0,0,0,0,0,0,0,1,0,0,0,2019,57.9,50,775
"1563",0,0,0,0,0,0,0,0,1,0,0,0,2019,55.7,47.4,757
"1564",0,0,0,0,0,0,0,0,1,0,0,0,2019,62.7,56.2,774
"1565",0,0,0,0,0,0,0,0,1,0,0,0,2019,53.3,43.1,810
"1566",0,0,0,0,0,0,0,0,1,0,0,0,2019,48.5,39.3,728
"1567",0,0,0,0,0,0,0,0,1,0,0,0,2019,61.4,50.1,772
"1568",0,0,0,0,0,0,0,0,1,0,0,0,2019,70.1,55.4,772
"1569",0,0,0,0,0,0,0,0,1,0,0,0,2019,62.3,51.8,847
"1570",0,0,0,0,0,0,0,0,1,0,0,0,2019,73.6,62.7,875
"1571",0,0,0,0,0,0,0,0,1,0,0,0,2019,70,57.6,827
"1572",0,0,0,0,0,0,0,0,1,0,0,0,2019,61.2,51.4,746
"1573",0,0,0,0,0,0,0,0,1,0,0,0,2019,64.5,60.1,747
"1574",0,0,0,0,0,0,0,0,1,0,0,0,2019,59.5,54.6,738
"1575",0,0,0,0,0,0,0,0,1,0,0,0,2019,66,57,746
"1576",0,0,0,0,0,0,0,0,1,0,0,0,2019,70.5,57.9,831
"1577",0,0,0,0,0,0,1,0,0,0,0,0,2019,71,60.3,922
"1578",0,0,0,0,0,0,1,0,0,0,0,0,2019,60.1,46.6,734
"1579",0,0,0,0,0,0,1,0,0,0,0,0,2019,57.8,38.2,706
"1580",0,0,0,0,0,0,1,0,0,0,0,0,2019,64.2,49.1,772
"1581",0,0,0,0,0,0,1,0,0,0,0,0,2019,74.4,63.8,790
"1582",0,0,0,0,0,0,1,0,0,0,0,0,2019,65.5,58.6,741
"1583",0,0,0,0,0,0,1,0,0,0,0,0,2019,66.2,57,823
"1584",0,0,0,0,0,0,1,0,0,0,0,0,2019,67,52.3,888
"1585",0,0,0,0,0,0,1,0,0,0,0,0,2019,68.8,57.7,805
"1586",0,0,0,0,0,0,1,0,0,0,0,0,2019,66.7,52.8,798
"1587",0,0,0,0,0,0,1,0,0,0,0,0,2019,68.8,43.8,776
"1588",0,0,0,0,0,0,1,0,0,0,0,0,2019,67.4,48.1,715
"1589",0,0,0,0,0,0,1,0,0,0,0,0,2019,57.9,47.6,701
"1590",0,0,0,0,0,0,1,0,0,0,0,0,2019,64.8,43.6,806
"1591",0,0,0,0,0,0,1,0,0,0,0,0,2019,66.5,56.9,832
"1592",0,0,0,0,0,0,1,0,0,0,0,0,2019,57,55,721
"1593",0,0,0,0,0,0,1,0,0,0,0,0,2019,59,52.6,752
"1594",0,0,0,0,0,0,1,0,0,0,0,0,2019,63.9,55.9,716
"1595",0,0,0,0,0,0,1,0,0,0,0,0,2019,66.6,56.3,808
"1596",0,0,0,0,0,0,1,0,0,0,0,0,2019,60,56.4,733
"1597",0,0,0,0,0,0,1,0,0,0,0,0,2019,62.8,48.8,779
"1598",0,0,0,0,0,0,1,0,0,0,0,0,2019,66.5,52.9,825
"1599",0,0,0,0,0,0,1,0,0,0,0,0,2019,73.1,62.8,809
"1600",0,0,0,0,0,0,1,0,0,0,0,0,2019,71.3,67.1,810
"1601",0,0,0,0,0,0,1,0,0,0,0,0,2019,72,59.1,784
"1602",0,0,0,0,0,0,1,0,0,0,0,0,2019,78.2,60.6,798
"1603",0,0,0,0,0,0,1,0,0,0,0,0,2019,77.2,65.5,750
"1604",0,0,0,0,0,0,1,0,0,0,0,0,2019,75.7,66,847
"1605",0,0,0,0,0,0,1,0,0,0,0,0,2019,78.4,66.9,864
"1606",0,0,0,0,0,0,1,0,0,0,0,0,2019,77.7,65.1,804
"1607",0,0,0,0,0,1,0,0,0,0,0,0,2019,77.1,67.5,909
"1608",0,0,0,0,0,1,0,0,0,0,0,0,2019,83.9,70,769
"1609",0,0,0,0,0,1,0,0,0,0,0,0,2019,77.6,68.7,807
"1610",0,0,0,0,0,1,0,0,0,0,0,0,2019,78.1,67.7,799
"1611",0,0,0,0,0,1,0,0,0,0,0,0,2019,81.4,69.1,891
"1612",0,0,0,0,0,1,0,0,0,0,0,0,2019,77.7,68.5,816
"1613",0,0,0,0,0,1,0,0,0,0,0,0,2019,70.2,58.1,775
"1614",0,0,0,0,0,1,0,0,0,0,0,0,2019,70.8,53.2,833
"1615",0,0,0,0,0,1,0,0,0,0,0,0,2019,74.2,57.5,743
"1616",0,0,0,0,0,1,0,0,0,0,0,0,2019,83.4,66.1,837
"1617",0,0,0,0,0,1,0,0,0,0,0,0,2019,77.5,61.6,765
"1618",0,0,0,0,0,1,0,0,0,0,0,0,2019,71.8,55.7,788
"1619",0,0,0,0,0,1,0,0,0,0,0,0,2019,81.9,63.2,893
"1620",0,0,0,0,0,1,0,0,0,0,0,0,2019,79.4,62.5,790
"1621",0,0,0,0,0,1,0,0,0,0,0,0,2019,81,65.1,822
"1622",0,0,0,0,0,1,0,0,0,0,0,0,2019,77.2,67.3,755
"1623",0,0,0,0,0,1,0,0,0,0,0,0,2019,80.5,70.7,803
"1624",0,0,0,0,0,1,0,0,0,0,0,0,2019,77.4,71.2,760
"1625",0,0,0,0,0,1,0,0,0,0,0,0,2019,85.5,75.7,802
"1626",0,0,0,0,0,1,0,0,0,0,0,0,2019,85,73.7,827
"1627",0,0,0,0,0,1,0,0,0,0,0,0,2019,73.6,66.4,774
"1628",0,0,0,0,0,1,0,0,0,0,0,0,2019,70.3,54.2,790
"1629",0,0,0,0,0,1,0,0,0,0,0,0,2019,69.9,54.3,787
"1630",0,0,0,0,0,1,0,0,0,0,0,0,2019,71.2,53.3,745
"1631",0,0,0,0,0,1,0,0,0,0,0,0,2019,73.3,51.3,800
"1632",0,0,0,0,0,1,0,0,0,0,0,0,2019,75.6,59,816
"1633",0,0,0,0,0,1,0,0,0,0,0,0,2019,79.7,62.4,826
"1634",0,0,0,0,0,1,0,0,0,0,0,0,2019,81.1,64.7,832
"1635",0,0,0,0,0,1,0,0,0,0,0,0,2019,77.3,67.1,815
"1636",0,0,0,0,0,1,0,0,0,0,0,0,2019,73.2,61.2,777
"1637",0,0,0,0,0,1,0,0,0,0,0,0,2019,68.6,55.6,713
"1638",0,1,0,0,0,0,0,0,0,0,0,0,2019,68.5,54.9,918
"1639",0,1,0,0,0,0,0,0,0,0,0,0,2019,72,57.1,882
"1640",0,1,0,0,0,0,0,0,0,0,0,0,2019,75.4,55.9,869
"1641",0,1,0,0,0,0,0,0,0,0,0,0,2019,78.7,61.5,842
"1642",0,1,0,0,0,0,0,0,0,0,0,0,2019,78.8,63.3,809
"1643",0,1,0,0,0,0,0,0,0,0,0,0,2019,76.1,63.5,783
"1644",0,1,0,0,0,0,0,0,0,0,0,0,2019,76.7,61.6,779
"1645",0,1,0,0,0,0,0,0,0,0,0,0,2019,79.1,59.6,820
"1646",0,1,0,0,0,0,0,0,0,0,0,0,2019,72.7,52,796
"1647",0,1,0,0,0,0,0,0,0,0,0,0,2019,74.2,55.9,800
"1648",0,1,0,0,0,0,0,0,0,0,0,0,2019,74.4,59.7,802
"1649",0,1,0,0,0,0,0,0,0,0,0,0,2019,76,69,709
"1650",0,1,0,0,0,0,0,0,0,0,0,0,2019,75.2,68.3,762
"1651",0,1,0,0,0,0,0,0,0,0,0,0,2019,71.9,64.8,793
"1652",0,1,0,0,0,0,0,0,0,0,0,0,2019,70.1,60.4,813
"1653",0,1,0,0,0,0,0,0,0,0,0,0,2019,71.8,60.1,774
"1654",0,1,0,0,0,0,0,0,0,0,0,0,2019,73.3,65.8,811
"1655",0,1,0,0,0,0,0,0,0,0,0,0,2019,73.5,67.1,759
"1656",0,1,0,0,0,0,0,0,0,0,0,0,2019,75.6,66,787
"1657",0,1,0,0,0,0,0,0,0,0,0,0,2019,74.3,69.8,732
"1658",0,1,0,0,0,0,0,0,0,0,0,0,2019,73.1,66.9,722
"1659",0,1,0,0,0,0,0,0,0,0,0,0,2019,71.4,60.1,754
"1660",0,1,0,0,0,0,0,0,0,0,0,0,2019,67.6,52.8,781
"1661",0,1,0,0,0,0,0,0,0,0,0,0,2019,66.8,52.5,818
"1662",0,1,0,0,0,0,0,0,0,0,0,0,2019,68.6,52.9,766
"1663",0,1,0,0,0,0,0,0,0,0,0,0,2019,70.2,63.1,730
"1664",0,1,0,0,0,0,0,0,0,0,0,0,2019,71.6,62.9,732
"1665",0,1,0,0,0,0,0,0,0,0,0,0,2019,68.2,52.1,752
"1666",0,1,0,0,0,0,0,0,0,0,0,0,2019,69.8,56.3,773
"1667",0,1,0,0,0,0,0,0,0,0,0,0,2019,69.6,52.7,766
"1668",0,1,0,0,0,0,0,0,0,0,0,0,2019,66.9,51.9,775
"1669",0,0,0,0,0,0,0,0,0,0,0,1,2019,66.9,60.3,890
"1670",0,0,0,0,0,0,0,0,0,0,0,1,2019,70,61.5,777
"1671",0,0,0,0,0,0,0,0,0,0,0,1,2019,72.3,65.1,680
"1672",0,0,0,0,0,0,0,0,0,0,0,1,2019,67.6,57,683
"1673",0,0,0,0,0,0,0,0,0,0,0,1,2019,63.9,52.2,649
"1674",0,0,0,0,0,0,0,0,0,0,0,1,2019,67.3,57.7,772
"1675",0,0,0,0,0,0,0,0,0,0,0,1,2019,66.3,55.9,737
"1676",0,0,0,0,0,0,0,0,0,0,0,1,2019,65.1,55.4,720
"1677",0,0,0,0,0,0,0,0,0,0,0,1,2019,66.5,58.5,778
"1678",0,0,0,0,0,0,0,0,0,0,0,1,2019,78,66.5,720
"1679",0,0,0,0,0,0,0,0,0,0,0,1,2019,80.5,70.4,750
"1680",0,0,0,0,0,0,0,0,0,0,0,1,2019,71.9,66.8,784
"1681",0,0,0,0,0,0,0,0,0,0,0,1,2019,72.7,65.4,817
"1682",0,0,0,0,0,0,0,0,0,0,0,1,2019,66.7,55.1,764
"1683",0,0,0,0,0,0,0,0,0,0,0,1,2019,70.6,62.7,784
"1684",0,0,0,0,0,0,0,0,0,0,0,1,2019,71.2,66.8,806
"1685",0,0,0,0,0,0,0,0,0,0,0,1,2019,69.3,63.2,781
"1686",0,0,0,0,0,0,0,0,0,0,0,1,2019,70.9,61,756
"1687",0,0,0,0,0,0,0,0,0,0,0,1,2019,72.2,58.8,789
"1688",0,0,0,0,0,0,0,0,0,0,0,1,2019,74.1,64.4,816
"1689",0,0,0,0,0,0,0,0,0,0,0,1,2019,75.1,67,757
"1690",0,0,0,0,0,0,0,0,0,0,0,1,2019,72.2,67.5,656
"1691",0,0,0,0,0,0,0,0,0,0,0,1,2019,66.7,57.7,766
"1692",0,0,0,0,0,0,0,0,0,0,0,1,2019,66.9,54.5,757
"1693",0,0,0,0,0,0,0,0,0,0,0,1,2019,70.3,55.9,713
"1694",0,0,0,0,0,0,0,0,0,0,0,1,2019,65.5,45.8,709
"1695",0,0,0,0,0,0,0,0,0,0,0,1,2019,63.3,49.2,668
"1696",0,0,0,0,0,0,0,0,0,0,0,1,2019,61.3,59.1,700
"1697",0,0,0,0,0,0,0,0,0,0,0,1,2019,60.9,57.9,713
"1698",0,0,0,0,0,0,0,0,0,0,0,1,2019,71.2,65.9,753
"1699",0,0,0,0,0,0,0,0,0,0,1,0,2019,78.6,67.3,880
"1700",0,0,0,0,0,0,0,0,0,0,1,0,2019,65.9,61.9,730
"1701",0,0,0,0,0,0,0,0,0,0,1,0,2019,60.7,56.3,730
"1702",0,0,0,0,0,0,0,0,0,0,1,0,2019,51.8,45.1,715
"1703",0,0,0,0,0,0,0,0,0,0,1,0,2019,54.6,46.3,723
"1704",0,0,0,0,0,0,0,0,0,0,1,0,2019,58.6,47.2,670
"1705",0,0,0,0,0,0,0,0,0,0,1,0,2019,58.6,43,746
"1706",0,0,0,0,0,0,0,0,0,0,1,0,2019,57.1,43.2,712
"1707",0,0,0,0,0,0,0,0,0,0,1,0,2019,59.8,44.3,734
"1708",0,0,0,0,0,0,0,0,0,0,1,0,2019,61.6,52.1,647
"1709",0,0,0,0,0,0,0,0,0,0,1,0,2019,59.7,55.2,728
"1710",0,0,0,0,0,0,0,0,0,0,1,0,2019,42.7,26.6,733
"1711",0,0,0,0,0,0,0,0,0,0,1,0,2019,45.4,31.9,697
"1712",0,0,0,0,0,0,0,0,0,0,1,0,2019,44.7,31.8,686
"1713",0,0,0,0,0,0,0,0,0,0,1,0,2019,50,40.6,744
"1714",0,0,0,0,0,0,0,0,0,0,1,0,2019,48.8,37,741
"1715",0,0,0,0,0,0,0,0,0,0,1,0,2019,46,36.4,676
"1716",0,0,0,0,0,0,0,0,0,0,1,0,2019,46.8,38.5,704
"1717",0,0,0,0,0,0,0,0,0,0,1,0,2019,53.4,40.4,717
"1718",0,0,0,0,0,0,0,0,0,0,1,0,2019,56.3,47.6,720
"1719",0,0,0,0,0,0,0,0,0,0,1,0,2019,56.2,50.9,712
"1720",0,0,0,0,0,0,0,0,0,0,1,0,2019,50,38.8,660
"1721",0,0,0,0,0,0,0,0,0,0,1,0,2019,47.5,33.7,700
"1722",0,0,0,0,0,0,0,0,0,0,1,0,2019,47.1,39,716
"1723",0,0,0,0,0,0,0,0,0,0,1,0,2019,44.5,34.1,751
"1724",0,0,0,0,0,0,0,0,0,0,1,0,2019,42.1,37.6,559
"1725",0,0,0,0,0,0,0,0,0,0,1,0,2019,48.6,42,701
"1726",0,0,0,0,0,0,0,0,0,0,1,0,2019,47.1,41.2,659
"1727",0,0,0,0,0,0,0,0,0,0,1,0,2019,40.3,36.3,635
"1728",0,0,0,0,0,0,0,0,0,0,1,0,2019,36.5,32.4,578
"1729",0,0,0,0,0,0,0,0,0,0,1,0,2019,33.4,31.7,589
"1730",0,0,0,0,0,0,0,0,0,1,0,0,2019,30.9,23.6,857
"1731",0,0,0,0,0,0,0,0,0,1,0,0,2019,38,31.3,664
"1732",0,0,0,0,0,0,0,0,0,1,0,0,2019,38.8,28.3,721
"1733",0,0,0,0,0,0,0,0,0,1,0,0,2019,47.6,34.7,672
"1734",0,0,0,0,0,0,0,0,0,1,0,0,2019,37.7,25.3,636
"1735",0,0,0,0,0,0,0,0,0,1,0,0,2019,38.6,24.7,661
"1736",0,0,0,0,0,0,0,0,0,1,0,0,2019,28.3,18.7,663
"1737",0,0,0,0,0,0,0,0,0,1,0,0,2019,23,8.1,680
"1738",0,0,0,0,0,0,0,0,0,1,0,0,2019,33.6,16.8,710
"1739",0,0,0,0,0,0,0,0,0,1,0,0,2019,40.6,30.9,652
"1740",0,0,0,0,0,0,0,0,0,1,0,0,2019,13.4,1.9,547
"1741",0,0,0,0,0,0,0,0,0,1,0,0,2019,15.7,3.7,578
"1742",0,0,0,0,0,0,0,0,0,1,0,0,2019,27.1,19.9,578
"1743",0,0,0,0,0,0,0,0,0,1,0,0,2019,27.1,20.2,757
"1744",0,0,0,0,0,0,0,0,0,1,0,0,2019,32.8,26.6,664
"1745",0,0,0,0,0,0,0,0,0,1,0,0,2019,32.9,26.6,701
"1746",0,0,0,0,0,0,0,0,0,1,0,0,2019,36.7,33.5,683
"1747",0,0,0,0,0,0,0,0,0,1,0,0,2019,37.2,32,686
"1748",0,0,0,0,0,0,0,0,0,1,0,0,2019,40.8,37.3,729
"1749",0,0,0,0,0,0,0,0,0,1,0,0,2019,46.5,41.9,662
"1750",0,0,0,0,0,0,0,0,0,1,0,0,2019,36,26.8,727
"1751",0,0,0,0,0,0,0,0,0,1,0,0,2019,31,25,702
"1752",0,0,0,0,0,0,0,0,0,1,0,0,2019,38,30.2,698
"1753",0,0,0,0,0,0,0,0,0,1,0,0,2019,44.5,36.3,694
"1754",0,0,0,0,0,0,0,0,0,1,0,0,2019,41.2,34.3,678
"1755",0,0,0,0,0,0,0,0,0,1,0,0,2019,44.4,39.6,637
"1756",0,0,0,0,0,0,0,0,0,1,0,0,2019,35.7,32.8,649
"1757",0,0,0,0,0,0,0,0,0,1,0,0,2019,37.3,34.2,663
"1758",0,0,1,0,0,0,0,0,0,0,0,0,2019,39.3,37.6,723
"1759",0,0,1,0,0,0,0,0,0,0,0,0,2019,31.7,26.5,709
"1760",0,0,1,0,0,0,0,0,0,0,0,0,2019,32.4,26.2,690
"1761",0,0,1,0,0,0,0,0,0,0,0,0,2019,36.7,28.1,746
"1762",0,0,1,0,0,0,0,0,0,0,0,0,2019,35.7,27.9,700
"1763",0,0,1,0,0,0,0,0,0,0,0,0,2019,38.5,29.6,736
"1764",0,0,1,0,0,0,0,0,0,0,0,0,2019,30.7,23.8,700
"1765",0,0,1,0,0,0,0,0,0,0,0,0,2019,38.5,30.7,671
"1766",0,0,1,0,0,0,0,0,0,0,0,0,2019,45.8,43.3,705
"1767",0,0,1,0,0,0,0,0,0,0,0,0,2019,22,13.2,675
"1768",0,0,1,0,0,0,0,0,0,0,0,0,2019,17.9,7.4,606
"1769",0,0,1,0,0,0,0,0,0,0,0,0,2019,28,18.2,656
"1770",0,0,1,0,0,0,0,0,0,0,0,0,2019,39.7,27.5,731
"1771",0,0,1,0,0,0,0,0,0,0,0,0,2019,32.8,28,682
"1772",0,0,1,0,0,0,0,0,0,0,0,0,2019,23.5,15.2,655
"1773",0,0,1,0,0,0,0,0,0,0,0,0,2019,26,20.1,624
"1774",0,0,1,0,0,0,0,0,0,0,0,0,2019,24.9,18.7,670
"1775",0,0,1,0,0,0,0,0,0,0,0,0,2019,19.9,7.4,653
"1776",0,0,1,0,0,0,0,0,0,0,0,0,2019,22.9,8.8,683
"1777",0,0,1,0,0,0,0,0,0,0,0,0,2019,29.9,24.6,726
"1778",0,0,1,0,0,0,0,0,0,0,0,0,2019,37.5,28.5,747
"1779",0,0,1,0,0,0,0,0,0,0,0,0,2019,39.7,30.6,680
"1780",0,0,1,0,0,0,0,0,0,0,0,0,2019,42,31.8,689
"1781",0,0,1,0,0,0,0,0,0,0,0,0,2019,39.8,35,624
"1782",0,0,1,0,0,0,0,0,0,0,0,0,2019,55.6,48,609
"1783",0,0,1,0,0,0,0,0,0,0,0,0,2019,36.9,31.7,693
"1784",0,0,1,0,0,0,0,0,0,0,0,0,2019,34.1,30,639
"1785",0,0,1,0,0,0,0,0,0,0,0,0,2019,51.9,49,689
"1786",0,0,1,0,0,0,0,0,0,0,0,0,2019,38.4,34.7,616
"1787",0,0,1,0,0,0,0,0,0,0,0,0,2019,26.3,20.8,549
