"","month","year","temp","dewp","max","min","NUM_CRIMES"
"1",1,2015,25.7,16,34,14,674
"2",1,2015,31.5,27,34,15.1,648
"3",1,2015,29,26.1,34,12.9,514
"4",1,2015,2.2,-7.4,12.9,-2.9,523
"5",1,2015,8.1,-0.5,18,-8,590
"6",1,2015,4.8,-3.9,19,-2,647
"7",1,2015,25.8,14.1,32,19,650
"8",1,2015,23.1,16.3,32,15.1,607
"9",1,2015,16.9,8.7,28,14,612
"10",1,2015,10.5,5.8,19,1,675
"11",1,2015,22,14.6,34,1,763
"12",1,2015,28.3,22.4,34,17.1,710
"13",1,2015,34.2,26.6,42.1,23,741
"14",1,2015,36.8,29.5,42.1,26.1,698
"15",1,2015,31.8,26.7,41,25,709
"16",1,2015,33.6,30.3,41,25,793
"17",1,2015,30.9,27.6,36,28.9,746
"18",1,2015,29.9,22.7,33.1,28,752
"19",1,2015,29.6,23,30.9,28,800
"20",1,2015,32.7,26.4,43,28.9,756
"21",1,2015,31.1,27.5,43,26.1,646
"22",1,2015,23.2,15.8,34,15.1,656
"23",1,2015,27.4,21.8,32,15.1,675
"24",1,2015,25.8,17.5,33.1,19,647
"25",1,2015,33.3,25.2,35.1,19,704
"26",1,2015,27,12.5,35.1,19,714
"27",1,2015,27,17.9,36,18,636
"28",2,2015,29.1,26.8,36,19,562
"29",2,2015,21.1,16.4,26.1,1.9,577
"30",2,2015,7.4,-3,25,-2,572
"31",2,2015,17.5,7.9,30.9,-2,696
"32",2,2015,29.1,24.3,41,12.9,679
"33",2,2015,36,33.1,41,18,615
"34",2,2015,25.6,22.3,39,24.1,607
"35",2,2015,24.8,16.8,33.1,14,629
"36",2,2015,30.6,22.8,35.1,14,606
"37",2,2015,15.9,3.6,35.1,8.1,611
"38",2,2015,11,1.8,21.9,5,632
"39",2,2015,18.6,8.5,27,5,597
"40",2,2015,4.5,-6.2,27,-2.9,552
"41",2,2015,11.8,-1.9,18,-2.9,539
"42",2,2015,16.5,6.6,19,5,597
"43",2,2015,3.3,-6.4,17.1,-8,651
"44",2,2015,21.7,12,30.9,16,652
"45",2,2015,21.4,10.8,32,10,593
"46",2,2015,4.2,-10.4,10.9,-4,572
"47",2,2015,11.3,-0.3,28.9,-4,628
"48",2,2015,21.1,7.5,28.9,3.9,572
"49",2,2015,16.8,10.2,26.1,10,518
"50",2,2015,6,-6.6,19,-2,638
"51",2,2015,6,-4.6,21,-9.9,545
"52",3,2015,18.3,12.8,25,10,759
"53",3,2015,21.3,10.5,33.1,10,658
"54",3,2015,28.2,22.2,34,12.9,636
"55",3,2015,24.1,14.5,34,16,562
"56",3,2015,11.6,-3.9,30.9,3,612
"57",3,2015,12.4,2,27,0,712
"58",3,2015,31.7,22,43,25,697
"59",3,2015,34.9,27.1,44.1,24.1,625
"60",3,2015,36.8,26.3,50,25,726
"61",3,2015,40.5,36.1,51.1,25,754
"62",3,2015,42.1,33.1,51.1,30,746
"63",3,2015,41.8,26.4,55.9,28,752
"64",3,2015,47,30.3,64.9,28,814
"65",3,2015,51,37.4,64.9,37,798
"66",3,2015,45.2,32,62.1,28.9,779
"67",3,2015,58,37.1,73,48.9,779
"68",3,2015,44.6,26.1,73,35.1,692
"69",3,2015,36.8,14.7,50,28,690
"70",3,2015,41.7,17.7,50,28,717
"71",3,2015,42.5,30.3,50,37,777
"72",3,2015,42.5,34.1,50,36,689
"73",3,2015,32.4,21.6,48.9,26.1,656
"74",3,2015,29.1,23.9,35.1,26.1,592
"75",3,2015,29.7,20.6,35.1,19,639
"76",3,2015,36.6,31.4,41,35.1,724
"77",3,2015,36.7,27.5,42.1,32,684
"78",3,2015,29,15.6,42.1,21.9,725
"79",3,2015,26.8,11.3,36,19.9,657
"80",3,2015,31.6,18.6,46.9,19.9,619
"81",3,2015,46,30.5,61,23.2,719
"82",3,2015,48.7,35.2,61,34,693
"83",4,2015,51.9,35.1,72,35.1,929
"84",4,2015,58.5,42.9,72,35.1,794
"85",4,2015,50.1,30.9,64.9,36,710
"86",4,2015,39.7,23.1,57.9,28,694
"87",4,2015,53.5,23.8,66,46,673
"88",4,2015,45.5,34.5,66,34,676
"89",4,2015,40.4,35.9,45,37.9,603
"90",4,2015,44.5,42.2,50,37.9,679
"91",4,2015,50.5,48.2,71.1,39.9,648
"92",4,2015,52.6,41.8,71.1,39.9,714
"93",4,2015,47.7,33.4,62.1,37.9,720
"94",4,2015,54.7,32.7,68,37.9,773
"95",4,2015,60.1,40.3,68,41,735
"96",4,2015,55.8,24.5,66,39,767
"97",4,2015,54,24.6,66,39,802
"98",4,2015,52.9,35.9,66,43,688
"99",4,2015,60.2,44.3,78.1,45,785
"100",4,2015,59.6,42.6,78.1,45,769
"101",4,2015,55.6,34.7,68,46.9,703
"102",4,2015,48.6,44.4,68,44.1,743
"103",4,2015,44.3,29,54,39,663
"104",4,2015,39.7,23.7,54,34,682
"105",4,2015,42.3,21.3,55,32,731
"106",4,2015,44.2,23,57,28.9,761
"107",4,2015,43.5,37.2,57,28.9,695
"108",4,2015,44.8,28.7,55.9,35.1,718
"109",4,2015,46.3,30.2,55.9,35.1,721
"110",4,2015,46.3,33.7,57.9,35.1,719
"111",4,2015,49.7,34.3,61,35.1,766
"112",4,2015,45.6,33.9,61,37.9,666
"113",5,2015,62.1,38.1,75.9,37.9,687
"114",5,2015,67.4,42.6,78.1,50,745
"115",5,2015,65.1,54.6,78.1,55,779
"116",5,2015,52.1,45.6,73.9,48,697
"117",5,2015,55.6,50.9,77,46,739
"118",5,2015,66.9,52,82.9,46,826
"119",5,2015,71.1,60.7,82.9,52,807
"120",5,2015,59.5,56.2,81,52,685
"121",5,2015,48.5,45.8,64,45,741
"122",5,2015,56.4,52.7,68,44.6,749
"123",5,2015,52,39.5,68,46.9,757
"124",5,2015,47.6,34.7,55.9,39.9,768
"125",5,2015,52.2,38.8,66,39.9,755
"126",5,2015,63.2,56.8,75.9,43,822
"127",5,2015,69,62.5,79,57,882
"128",5,2015,72.3,65,82,62.1,836
"129",5,2015,72.1,58.3,82,63,758
"130",5,2015,50.4,36.9,77,46,708
"131",5,2015,43.5,30.2,53.1,39,730
"132",5,2015,51.8,37.7,69.1,39,745
"133",5,2015,58.8,35.1,69.1,45,824
"134",5,2015,61.8,35.6,80.1,46,798
"135",5,2015,66.1,49.3,80.1,46,687
"136",5,2015,70.4,62.1,78.1,59,708
"137",5,2015,70.6,62.5,78.1,64,770
"138",5,2015,68.4,59.1,73.9,64,738
"139",5,2015,69.5,54.3,82,54,800
"140",5,2015,72.1,60.3,82,54,828
"141",5,2015,64.4,58.8,80.1,46.4,719
"142",5,2015,47.5,39.5,54,42.1,666
"143",6,2015,55.5,40.1,70,42.1,772
"144",6,2015,62.3,49.2,77,42.1,778
"145",6,2015,68.2,56.7,81,50,721
"146",6,2015,65.3,56.7,80.1,55.4,786
"147",6,2015,60.1,50,70,51.8,758
"148",6,2015,65.7,57.7,81,52,739
"149",6,2015,73.1,63.8,84,55,682
"150",6,2015,69.7,56.2,84.9,60.1,732
"151",6,2015,80.2,62.3,91.9,60.1,793
"152",6,2015,68.9,57,75.9,63,804
"153",6,2015,61.5,59,72,57.9,828
"154",6,2015,66.1,60.5,84.9,55.4,813
"155",6,2015,73.3,67.9,86,55.9,795
"156",6,2015,74.8,69.9,82.9,68,739
"157",6,2015,68.6,58.7,80.1,64,847
"158",6,2015,61.3,51,72,55.9,722
"159",6,2015,71.6,65.4,79,55.9,768
"160",6,2015,60.8,50.8,79,54,774
"161",6,2015,62.8,53.5,78.1,53.1,766
"162",6,2015,73.5,64.7,84,53.1,783
"163",6,2015,75.2,69.2,84,66,780
"164",6,2015,75.3,59.3,82.9,66,732
"165",6,2015,70.2,56.5,82,60.1,728
"166",6,2015,70.7,64,79,60.1,784
"167",6,2015,63.1,58.8,79,60.1,784
"168",6,2015,64,52.1,75.9,55.9,723
"169",6,2015,67.5,51,79,54,797
"170",6,2015,68.1,61.6,79,54,752
"171",6,2015,68.1,61.4,77,62.1,749
"172",7,2015,60.7,52.7,69.1,55.4,889
"173",7,2015,59.3,51.8,69.1,53.1,757
"174",7,2015,64.2,51.9,77,53.1,768
"175",7,2015,69.7,54.4,81,55,845
"176",7,2015,72.4,58.4,82.9,59,898
"177",7,2015,74.2,64.9,84.9,60.1,757
"178",7,2015,67.3,58.1,84.9,57,701
"179",7,2015,59.7,50.2,71.1,54,718
"180",7,2015,63.6,56,77,54,672
"181",7,2015,69,56.5,82.9,57.9,739
"182",7,2015,70.4,57.8,82.9,59,798
"183",7,2015,73.6,65.6,82.9,61,801
"184",7,2015,75.7,68.2,86,68,782
"185",7,2015,76.2,66.4,86,68,711
"186",7,2015,65.8,53.1,82.9,59,795
"187",7,2015,66,56.4,75,57.9,673
"188",7,2015,77.3,70.9,91.9,57.9,825
"189",7,2015,78.7,71.4,91.9,71.1,776
"190",7,2015,79.4,69.6,89.1,73,764
"191",7,2015,74.5,62,84.9,63,778
"192",7,2015,74.9,58.2,84.9,63,777
"193",7,2015,73.6,55.9,82.9,64,774
"194",7,2015,74.4,56.6,84.9,63,810
"195",7,2015,75.2,60.1,84.9,63,867
"196",7,2015,79.5,67.1,91,64,832
"197",7,2015,74.7,65.5,91,64,802
"198",7,2015,77.2,64,88,64,835
"199",7,2015,79.4,66.6,91,66.9,767
"200",7,2015,81.3,66,91,66.9,764
"201",7,2015,77.1,55.3,88,64.9,775
"202",7,2015,78.2,56.4,88,64.9,782
"203",8,2015,79.6,65.4,91,64,822
"204",8,2015,75.7,60.1,91,66.9,729
"205",8,2015,72.2,53.5,82,61,761
"206",8,2015,72.7,55.6,82,61,772
"207",8,2015,73.3,60.6,82.9,61,809
"208",8,2015,73.2,59.3,82.9,63,839
"209",8,2015,75.3,62.6,82.9,63,849
"210",8,2015,71.8,65.9,82,66.9,745
"211",8,2015,75.1,67.7,84,66.9,809
"212",8,2015,72.9,62.3,84,64.9,791
"213",8,2015,71.2,56.8,82,61,760
"214",8,2015,73.8,60.4,84.9,61,784
"215",8,2015,78.2,66.1,90,64.9,808
"216",8,2015,76.6,66.7,91.9,66.9,826
"217",8,2015,78.7,69.1,91.9,66.9,865
"218",8,2015,78.6,67.1,89.1,68,741
"219",8,2015,73.6,66.8,88,66.9,762
"220",8,2015,71.7,63.2,82.9,66.9,793
"221",8,2015,64.8,52.9,75,59,839
"222",8,2015,68.7,53,82,55,858
"223",8,2015,72.1,56.7,82,55,845
"224",8,2015,71.5,58.6,81,60.1,806
"225",8,2015,65,49,77,55,724
"226",8,2015,63.4,48.2,75,55,767
"227",8,2015,61.9,52.4,72,55.9,792
"228",8,2015,63.1,52.3,75.9,51.1,764
"229",8,2015,65.5,56.8,75.9,51.1,806
"230",8,2015,67.6,63.2,72,55.9,761
"231",8,2015,68.4,63.9,77,63,800
"232",8,2015,71,64.2,84.9,60.1,745
"233",9,2015,80.3,69.4,90,68,801
"234",9,2015,81,68.3,91,72,875
"235",9,2015,74.4,66.8,91,68,815
"236",9,2015,75.4,67.3,87.1,68,767
"237",9,2015,79.9,66.6,91.9,69.1,818
"238",9,2015,81.5,66.9,91.9,70,808
"239",9,2015,77,69.6,88,70,717
"240",9,2015,70.2,60.4,81,66,711
"241",9,2015,64,56,77,54,659
"242",9,2015,61.9,56.5,73.9,54,691
"243",9,2015,57.6,45.8,66.9,52,724
"244",9,2015,58.1,44.5,70,48,734
"245",9,2015,65.3,48.8,82,48,791
"246",9,2015,72.9,53.9,82,52,813
"247",9,2015,70.5,52.8,82.9,55.9,766
"248",9,2015,71.7,58.5,84.9,55.9,717
"249",9,2015,72,67.2,84.9,61,791
"250",9,2015,65.5,57.4,73.9,57,792
"251",9,2015,60.4,48.6,73,50,811
"252",9,2015,62.1,49.4,73.9,50,735
"253",9,2015,64.6,51.5,80.1,52,777
"254",9,2015,68.2,52.1,80.1,53.1,833
"255",9,2015,66.7,56.6,80.1,55.9,718
"256",9,2015,65.5,59.6,75.9,55.9,811
"257",9,2015,67,58.5,75,60.1,792
"258",9,2015,67.4,59.5,75,60.1,802
"259",9,2015,69.6,63.6,77,61,753
"260",9,2015,64.4,59.6,77,57,670
"261",9,2015,56.7,44.1,68,53.1,678
"262",10,2015,55.2,42.4,61,52,889
"263",10,2015,55,41.7,60.1,51.1,799
"264",10,2015,52.1,39.6,60.1,48,709
"265",10,2015,51.9,47.4,57,48,654
"266",10,2015,57,53.8,60.1,50,755
"267",10,2015,60.2,53.8,71.1,55,752
"268",10,2015,62,54.9,71.1,55,718
"269",10,2015,61.7,52.4,77,50,701
"270",10,2015,60.4,52.1,77,50,795
"271",10,2015,53.2,43.7,64.9,42.1,729
"272",10,2015,61.5,46.7,79,42.1,735
"273",10,2015,67.1,48.6,79,51.1,732
"274",10,2015,55.7,41.3,75,48.9,741
"275",10,2015,52.3,39.3,63,42.1,764
"276",10,2015,54.8,36.3,69.1,42.1,816
"277",10,2015,48.9,30,69.1,42.1,734
"278",10,2015,42.5,23.1,55,33.1,706
"279",10,2015,44.6,26.8,60.1,33.1,675
"280",10,2015,54.9,30.7,73,33.1,788
"281",10,2015,63.7,37.7,73.9,45,785
"282",10,2015,62.7,51.9,75,52,794
"283",10,2015,59.8,48.8,75,52,774
"284",10,2015,55,44.5,62.1,51.1,777
"285",10,2015,61.8,57.9,66,52,765
"286",10,2015,51.3,39.1,66,41,728
"287",10,2015,49.2,38.7,62.1,37,781
"288",10,2015,53.2,42.9,61,37,651
"289",10,2015,52.7,50.5,55.9,44.1,682
"290",10,2015,40.6,32.8,55.9,36,669
"291",10,2015,45.5,37,55.9,36,776
"292",10,2015,46.8,42.1,55.9,36,721
"293",11,2015,57.9,43.4,72,44.1,785
"294",11,2015,58.4,47.9,72,44.1,749
"295",11,2015,57.5,54.5,71.1,44.1,791
"296",11,2015,63.8,56.8,71.1,48,755
"297",11,2015,55.5,48.3,70,44.1,747
"298",11,2015,44.3,34.5,64.9,36,691
"299",11,2015,40.8,28.1,53.1,28,705
"300",11,2015,41.7,28.2,55.9,28,684
"301",11,2015,45.1,32.3,55.9,28.9,640
"302",11,2015,47.9,36.8,63,32,688
"303",11,2015,48.4,42,63,36,693
"304",11,2015,41.7,27.6,55.9,35.1,679
"305",11,2015,38.9,26.1,57,25,696
"306",11,2015,52.5,33.5,64,44.1,722
"307",11,2015,51.6,35.8,64,43,744
"308",11,2015,51,48,57.9,43,668
"309",11,2015,58.4,50.7,62.1,46.9,683
"310",11,2015,44.6,31.7,62.1,37.9,696
"311",11,2015,35.9,17.5,48,30.9,714
"312",11,2015,31.9,29.5,39.9,27,528
"313",11,2015,19.1,13.2,33.1,7,520
"314",11,2015,28.4,22,37,7,650
"315",11,2015,31.6,26.8,41,21,607
"316",11,2015,38.3,30.9,48.9,21,620
"317",11,2015,52,46.4,60.1,48,589
"318",11,2015,45.5,42.5,60.1,34,613
"319",11,2015,34.7,28.5,37.9,32,658
"320",11,2015,32.7,25.7,41,25,612
"321",11,2015,40.1,31.7,44.1,25,668
"322",12,2015,41.6,36,44.1,37.9,797
"323",12,2015,34.8,31,39.9,30.2,716
"324",12,2015,33,28.4,37.9,30,710
"325",12,2015,36.6,32.2,46.9,30,700
"326",12,2015,35.8,32.1,46.9,28.9,707
"327",12,2015,35.8,31.6,46.9,27,687
"328",12,2015,33.7,32,46.9,27,689
"329",12,2015,40,36.6,46,27,733
"330",12,2015,46,40.7,52,37.9,685
"331",12,2015,48.3,38.4,57,39.9,690
"332",12,2015,45.9,35.1,57,41,742
"333",12,2015,49.7,45.2,57,41,752
"334",12,2015,55,52.9,61,46.4,652
"335",12,2015,54.7,51.1,61,46,739
"336",12,2015,41.3,35.8,61,39,793
"337",12,2015,43.3,38.4,53.1,39,722
"338",12,2015,33.4,24,53.1,28.9,728
"339",12,2015,27.7,17.1,32,24.8,653
"340",12,2015,23.3,12.8,32,15.1,666
"341",12,2015,34.2,23,50,15.1,693
"342",12,2015,46.3,40.1,52,42.1,650
"343",12,2015,39.3,37.3,52,35.1,694
"344",12,2015,47.1,45.5,59,35.1,754
"345",12,2015,42.1,34.5,59,34,675
"346",12,2015,39.1,34.8,44.1,32,640
"347",12,2015,38.4,36,42.8,35.1,627
"348",12,2015,33.5,27.4,36,30.2,516
"349",12,2015,33.5,31.1,39,30,624
"350",12,2015,28.8,23.6,39,27,603
"351",12,2015,27,21.3,0,0,611
"352",1,2016,27,19.4,32,19,576
"353",1,2016,26.8,19.3,32,21.9,618
"354",1,2016,26.9,18.5,30.9,21.9,626
"355",1,2016,25.5,17,33.1,17.1,627
"356",1,2016,28.3,20.9,36,17.1,628
"357",1,2016,36,26.4,41,21.2,707
"358",1,2016,38.5,34.2,42.1,34,743
"359",1,2016,37.1,36.6,42.1,32,650
"360",1,2016,19,14.2,39.9,6.1,597
"361",1,2016,5.1,-1.6,23,-0.9,513
"362",1,2016,14,7.1,24.1,-0.9,548
"363",1,2016,6.7,-0.8,21,-2,654
"364",1,2016,30.6,23.7,42.1,21,734
"365",1,2016,39.9,35.4,44.1,24.3,734
"366",1,2016,28.4,21.3,43,24.1,652
"367",1,2016,7.5,-3,30,1,537
"368",1,2016,0.6,-9.9,9,-4,515
"369",1,2016,5.8,-4.7,17.1,-4,610
"370",1,2016,16.7,9.2,23,0,619
"371",1,2016,19,12.8,28.9,9,634
"372",1,2016,23.7,18.3,30.2,18,701
"373",1,2016,27.8,21,33.1,19,722
"374",1,2016,27.1,19,34,24.1,675
"375",1,2016,30.6,25.2,39.9,24.1,744
"376",1,2016,32.7,28.5,41,24.3,640
"377",1,2016,27.6,17.5,37,23,669
"378",1,2016,34.1,26.7,39,23,751
"379",1,2016,28.3,14.4,39,19.9,746
"380",1,2016,37.5,29.1,46,21.9,743
"381",1,2016,42.2,38.5,48,35.1,665
"382",2,2016,36,31.1,48,30.9,853
"383",2,2016,34.5,31.6,45,30,614
"384",2,2016,35.6,33.4,37.4,30.9,682
"385",2,2016,26.7,18,37,19,670
"386",2,2016,28.9,20.8,34,21,660
"387",2,2016,30.5,23.1,41,24.1,695
"388",2,2016,37.6,29.1,43,25,617
"389",2,2016,30.9,24.9,43,27,570
"390",2,2016,19.3,12.6,32,15.1,545
"391",2,2016,13.6,3.4,21,9,565
"392",2,2016,13,0.2,21,7,582
"393",2,2016,19.1,6.3,23,7,647
"394",2,2016,9.4,-7.7,23,1.9,597
"395",2,2016,13.9,2.2,18,3,514
"396",2,2016,20.7,17.9,27,9,553
"397",2,2016,27.5,21.9,33.1,18,625
"398",2,2016,28.4,20.3,34,23,641
"399",2,2016,29.6,21.5,42.1,21,681
"400",2,2016,47.5,35.3,62.1,39,775
"401",2,2016,49.1,32,62.1,41,702
"402",2,2016,39.6,31.6,57,35.1,707
"403",2,2016,35.1,27.1,44.1,26.1,639
"404",2,2016,35.6,26.1,45,26.1,630
"405",2,2016,34.8,27.3,45,26.2,578
"406",2,2016,33.4,23.9,37,30.2,699
"407",2,2016,31.1,16.4,37,24.1,740
"408",2,2016,36.7,24.3,54,26.1,692
"409",2,2016,51.7,36,61,46,624
"410",2,2016,40.8,30.6,62.1,32,646
"411",3,2016,28.3,23.2,33.1,21,817
"412",3,2016,20.6,6.8,32,10.9,608
"413",3,2016,30.1,24.1,33.8,27,617
"414",3,2016,30.1,19.1,39,19.9,704
"415",3,2016,33.5,28.4,39,19.9,700
"416",3,2016,38.8,29.1,52,29.1,714
"417",3,2016,51.3,39.9,63,34,795
"418",3,2016,61.8,49.6,70,46,723
"419",3,2016,61.1,55.1,70,57,679
"420",3,2016,49,40.9,63,45,716
"421",3,2016,42.7,34.4,55,34,733
"422",3,2016,43.3,36.6,59,33.1,746
"423",3,2016,46.8,42.8,59,33.1,628
"424",3,2016,46.9,44.1,54,42.8,684
"425",3,2016,49.5,45.2,57.9,43,713
"426",3,2016,52.6,42.1,57.9,46,745
"427",3,2016,47.4,29.3,55.9,39.9,738
"428",3,2016,41.3,27.6,55.9,32,791
"429",3,2016,38.5,30.4,48.9,33.1,699
"430",3,2016,36.8,25.7,46,30,685
"431",3,2016,38.4,23.6,48.9,28,699
"432",3,2016,47.8,31.3,63,37,722
"433",3,2016,41.6,35.3,57.9,37.4,686
"434",3,2016,37.1,35.9,42.1,33.1,677
"435",3,2016,34.5,26.5,48,28,717
"436",3,2016,40.1,31.9,54,29.1,735
"437",3,2016,46.9,37.8,63,31.1,631
"438",3,2016,45.1,36.9,63,36,741
"439",3,2016,43.7,31.2,57.9,30.9,739
"440",3,2016,48.9,35,62.1,31.1,716
"441",3,2016,59.8,54.5,66.9,42.1,754
"442",4,2016,44.9,37,66.9,39.9,826
"443",4,2016,35.2,25.1,42.1,30.2,651
"444",4,2016,40.1,21.6,0,27,706
"445",4,2016,40.6,28.5,0,30.2,660
"446",4,2016,33.5,18.2,45,24.1,677
"447",4,2016,44.5,37.6,48.9,41,660
"448",4,2016,40,33.8,50,33.1,742
"449",4,2016,36.9,27.7,41,32,626
"450",4,2016,30,15.1,41,21.9,689
"451",4,2016,37.1,27.1,46.9,21.9,704
"452",4,2016,47.7,38.8,51.1,33.1,676
"453",4,2016,39.7,21.5,51.1,30,701
"454",4,2016,42.7,26.8,55.9,30.2,715
"455",4,2016,47.7,29,61,34,691
"456",4,2016,53.5,31.7,68,37,811
"457",4,2016,57.6,38.4,75.9,41,734
"458",4,2016,62.5,39.5,79,41,708
"459",4,2016,65.7,39.7,82.9,45,738
"460",4,2016,54,40.6,82.9,46,703
"461",4,2016,58.1,41.6,71.1,46,690
"462",4,2016,61.6,52.8,71.1,55.9,714
"463",4,2016,51.2,44,70,44.1,731
"464",4,2016,47.6,37.8,60.1,37.9,694
"465",4,2016,56.2,42.6,78.1,37.9,756
"466",4,2016,69,52,81,57.9,758
"467",4,2016,53.4,46,82.9,42.1,693
"468",4,2016,44,38.4,46.9,41,661
"469",4,2016,44.9,40.7,50,41,731
"470",4,2016,44.3,39.9,51.1,41,719
"471",4,2016,44.8,39.9,51.1,42.1,605
"472",5,2016,45.2,43.6,48.9,42.1,820
"473",5,2016,49.3,38.7,59,42.1,757
"474",5,2016,52.8,36,66.9,39.9,735
"475",5,2016,52.3,40.3,66.9,39.9,682
"476",5,2016,48.8,36.7,61,41,701
"477",5,2016,59.2,41.2,82,41,794
"478",5,2016,64.6,42.6,82,42.1,742
"479",5,2016,55,31.3,71.1,41,729
"480",5,2016,55.9,43.4,71.1,41,732
"481",5,2016,54.2,52.9,63,50,713
"482",5,2016,58.2,55.3,69.1,51.1,758
"483",5,2016,61.2,56.3,70,51.1,690
"484",5,2016,57.6,44.5,70,48,808
"485",5,2016,46.3,37,66,41,723
"486",5,2016,45,28.4,55,35.1,739
"487",5,2016,55.7,34.6,70,35.1,782
"488",5,2016,54.3,41.7,70,46,692
"489",5,2016,52,36.4,64.9,41,801
"490",5,2016,55.2,35.1,69.1,39,764
"491",5,2016,58.5,37.3,69.1,39,805
"492",5,2016,62.5,35.9,75,44.1,792
"493",5,2016,66.2,41.2,77,53.1,750
"494",5,2016,66.1,43.9,81,48,782
"495",5,2016,71.9,46.9,86,48,803
"496",5,2016,75.9,59.7,86,60.1,721
"497",5,2016,71.1,64.1,86,62.1,767
"498",5,2016,74.2,64.9,82.9,62.1,800
"499",5,2016,73,64.9,81,66,791
"500",5,2016,71.8,61.1,81,63,798
"501",5,2016,74.5,57.5,87.1,63,820
"502",5,2016,72.6,56.4,87.1,63,756
"503",6,2016,68.1,62.4,82.9,63,937
"504",6,2016,70.1,54,79,57,800
"505",6,2016,70.1,53.3,84,55,822
"506",6,2016,68.8,58.4,84,55,827
"507",6,2016,68.2,58.3,79,61,777
"508",6,2016,71.2,54.2,82,59,792
"509",6,2016,63.3,47.9,82,55.9,754
"510",6,2016,60.7,47.3,70,51.1,744
"511",6,2016,61,50.9,72,52,727
"512",6,2016,73.8,63.2,90,53.1,765
"513",6,2016,82.4,63.1,91,63,816
"514",6,2016,71.4,49.1,91,62.1,852
"515",6,2016,67.9,47.8,86,54,794
"516",6,2016,74.1,58.5,87.1,54,835
"517",6,2016,78.4,68.2,90,64,790
"518",6,2016,74.4,62.5,90,66,821
"519",6,2016,70.8,54.8,84.9,61,830
"520",6,2016,74.3,51.2,87.1,57.9,763
"521",6,2016,77.7,56,89.1,57.9,811
"522",6,2016,83.4,65.5,91.9,78.1,857
"523",6,2016,75.5,50.7,93,64,825
"524",6,2016,71.8,58.6,84,64,749
"525",6,2016,70.3,65.6,78.1,66.2,801
"526",6,2016,70.9,56.8,82,62.1,807
"527",6,2016,76.7,61.4,89.1,62.1,813
"528",6,2016,81.3,68.7,90,64.9,775
"529",6,2016,79.6,60,90,69.1,771
"530",6,2016,68.2,53.5,90,63,767
"531",6,2016,66.8,50.2,81,55,804
"532",6,2016,69.4,50.6,81,55,847
"533",7,2016,65.5,47.8,75.9,54,756
"534",7,2016,68,51.4,77,54,782
"535",7,2016,70.8,60.1,79,55,848
"536",7,2016,75.5,64.5,87.1,66,895
"537",7,2016,77.4,66.9,88,66,742
"538",7,2016,76.8,68.8,88,66.9,790
"539",7,2016,75.9,66.7,86,68,790
"540",7,2016,73.1,58.9,86,64.9,729
"541",7,2016,72.4,56.5,82,60.1,760
"542",7,2016,78.3,65.6,90,60.1,701
"543",7,2016,81.1,69.3,90,69.1,780
"544",7,2016,77.8,68.9,88,68,726
"545",7,2016,76,64.1,88,66.9,769
"546",7,2016,70.8,58.2,88,64,846
"547",7,2016,67.3,56.1,77,57,780
"548",7,2016,70.5,59.4,82.9,57,789
"549",7,2016,78.6,67.1,88,61,799
"550",7,2016,78.6,62.9,91,68,791
"551",7,2016,78.8,65.7,91,68,825
"552",7,2016,81,72.2,91,69.1,785
"553",7,2016,79.2,70.9,91,72,792
"554",7,2016,84.6,74.6,91,72,814
"555",7,2016,78.5,72.6,93,70,790
"556",7,2016,79,66.4,93,71.1,827
"557",7,2016,78.9,63.5,89.1,69.1,877
"558",7,2016,79.3,63.2,89.1,68,795
"559",7,2016,76.8,67.2,89.1,68,774
"560",7,2016,73.2,68.8,84,70,802
"561",7,2016,72.3,65.6,81,70,927
"562",7,2016,72.7,63.9,81,64.9,813
"563",8,2016,74.7,64.9,84,64.9,882
"564",8,2016,77.2,65.7,87.1,64.9,793
"565",8,2016,79.6,66.1,90,66.9,772
"566",8,2016,80.7,65.4,91,69.1,793
"567",8,2016,78.2,67.7,91,70,862
"568",8,2016,75.7,60.1,86,66,828
"569",8,2016,74.7,59,87.8,62.1,838
"570",8,2016,76.9,61,84,72,804
"571",8,2016,77.7,60.8,88,66.9,725
"572",8,2016,80.4,65.5,89.1,66.9,722
"573",8,2016,81.7,68.7,91.9,69.1,852
"574",8,2016,79.9,72.8,91.9,73,746
"575",8,2016,77,71.3,82.9,73.4,827
"576",8,2016,76.7,63.7,87.1,64.9,843
"577",8,2016,74.5,66.1,87.1,64.9,843
"578",8,2016,76.5,67.1,88,66.9,816
"579",8,2016,77,65.6,88,70,862
"580",8,2016,76.9,69,88,70,767
"581",8,2016,75.3,66.2,84.9,66,793
"582",8,2016,74.7,68.4,84,66,844
"583",8,2016,66.4,55.3,80.1,57.9,786
"584",8,2016,67.1,52,78.1,55.9,728
"585",8,2016,70.5,58.1,81,55.9,753
"586",8,2016,74.9,66.5,84,60.1,823
"587",8,2016,76.4,69,84.9,70,770
"588",8,2016,72.4,61.3,84.9,66,803
"589",8,2016,73.6,67.2,84,66,819
"590",8,2016,76.9,69.4,84,66.9,805
"591",8,2016,75.7,69.3,86,70,884
"592",8,2016,75.6,70.6,86,70,755
"593",8,2016,72.9,62.5,84,68,780
"594",9,2016,67.6,55.3,73.9,62.1,799
"595",9,2016,67.9,56,75.9,55.9,830
"596",9,2016,69,57.6,80.1,55.9,779
"597",9,2016,73.2,62.4,87.1,59,822
"598",9,2016,82.2,71.6,91,62.1,761
"599",9,2016,82.5,72.4,91,75,723
"600",9,2016,76.3,70,89.1,71.1,795
"601",9,2016,73.8,66.4,82,63,818
"602",9,2016,68.8,59.9,81,63,767
"603",9,2016,64.7,51.4,75.9,51.1,758
"604",9,2016,66.5,51.9,79,51.1,793
"605",9,2016,72.2,58.3,84.9,54,786
"606",9,2016,69.4,59.2,84.9,64,820
"607",9,2016,68.2,57.5,78.1,60.1,823
"608",9,2016,72,60.8,82.9,60.1,807
"609",9,2016,73.9,62.3,82.9,64.9,834
"610",9,2016,69.1,54.7,82,57,781
"611",9,2016,71.4,53.2,88,55.9,712
"612",9,2016,74.8,54.9,88,55.9,792
"613",9,2016,70.2,60.9,82.9,66,731
"614",9,2016,71.4,63.4,81,64,831
"615",9,2016,71.7,65.4,81,64.9,845
"616",9,2016,68.5,62.5,73.9,66,833
"617",9,2016,71.7,62.7,84.9,63,809
"618",9,2016,65.9,48.1,84.9,57.9,764
"619",9,2016,60.1,35.5,70,51.1,735
"620",9,2016,56,45.4,70,50,634
"621",9,2016,60.7,55.9,64.9,50,702
"622",9,2016,61.8,58.4,64.9,59,772
"623",10,2016,61,57.7,64,57,862
"624",10,2016,59.7,57,64.9,55.9,707
"625",10,2016,61.9,56.4,66.9,55.9,772
"626",10,2016,65.2,56.4,75,57,743
"627",10,2016,68.7,57.7,80.1,60.1,805
"628",10,2016,65.8,59.7,80.1,57.9,754
"629",10,2016,65.2,57.4,73.9,55.9,863
"630",10,2016,52.4,38,70,39.9,715
"631",10,2016,55.9,45.7,64.9,39.9,682
"632",10,2016,56,45.4,71.1,45,724
"633",10,2016,63,49.9,73,45,697
"634",10,2016,62.3,53.6,68,51.1,746
"635",10,2016,47.9,36.9,69.1,37.9,693
"636",10,2016,50.2,39.9,66,37.9,821
"637",10,2016,58,52.6,69.1,37.9,823
"638",10,2016,68.5,62.7,72,53.1,790
"639",10,2016,71.8,64.5,82,64.9,817
"640",10,2016,73.9,58.8,82,63,774
"641",10,2016,60.4,46,75.9,48.9,712
"642",10,2016,54.8,47.2,71.1,48.9,717
"643",10,2016,47.7,33.9,55.9,43,760
"644",10,2016,46.6,32.2,60.1,37,773
"645",10,2016,55,43.7,73,37,785
"646",10,2016,53.7,40.3,73,41,770
"647",10,2016,46,36.8,59,36,736
"648",10,2016,47.8,42.1,54,36,699
"649",10,2016,47.6,42.6,51.1,44.1,730
"650",10,2016,48.9,43.4,62.1,37.9,802
"651",10,2016,65.8,58.1,70,59,831
"652",10,2016,54.5,49.3,71.1,50,786
"653",10,2016,47.9,41.4,57.9,37.9,867
"654",11,2016,65.3,55.7,75,41,910
"655",11,2016,62.3,57.5,75,57,749
"656",11,2016,56,50.5,66.9,48,783
"657",11,2016,52.8,44.1,66.9,39.9,783
"658",11,2016,54.7,44.3,68,43,821
"659",11,2016,56.1,46.5,69.1,42.1,753
"660",11,2016,53.8,42.7,69.1,42.1,738
"661",11,2016,55.7,45.4,66,43,644
"662",11,2016,49.5,35.4,63,41,680
"663",11,2016,49.4,33.8,63,41,723
"664",11,2016,49.4,36.1,57,43,797
"665",11,2016,41.8,31.4,52,30.9,780
"666",11,2016,44.6,30.4,55.9,31.1,660
"667",11,2016,48.4,35.5,60.1,35.1,670
"668",11,2016,46,42.3,60.1,37.9,712
"669",11,2016,48.1,41.7,60.1,37.9,770
"670",11,2016,54.6,45.8,72,39,811
"671",11,2016,62,49.2,72,44.1,794
"672",11,2016,37.9,24.8,48,34,677
"673",11,2016,29.2,15.9,39,23,663
"674",11,2016,30.1,17.2,41,21.9,683
"675",11,2016,32.8,25.5,41,21.9,722
"676",11,2016,39.8,35.6,43,24.3,699
"677",11,2016,40.3,36.5,44.6,37,534
"678",11,2016,37.3,32.6,43,35.1,689
"679",11,2016,37.8,32.2,46.9,30.9,719
"680",11,2016,37.8,35,46.9,31.1,693
"681",11,2016,44.1,40.5,50,32,693
"682",11,2016,49.7,42.7,57,41,698
"683",11,2016,40.8,34.8,57,34,697
"684",12,2016,37.5,31.8,45,34,822
"685",12,2016,37.4,30,41,35.1,835
"686",12,2016,33.3,23.2,39.9,30,758
"687",12,2016,31.5,26.8,34,28.9,595
"688",12,2016,31.9,30.2,33.8,26.6,678
"689",12,2016,32.9,30.3,41,25,688
"690",12,2016,26.2,18.3,41,24.1,660
"691",12,2016,21.3,12.7,27,17.1,606
"692",12,2016,22.9,15.3,25,19,668
"693",12,2016,20.1,12.5,25,18,612
"694",12,2016,25.2,21,33.8,14,629
"695",12,2016,15,7,32,7,574
"696",12,2016,9.6,-0.3,21.9,1.9,610
"697",12,2016,3.9,-6.7,19,-2,580
"698",12,2016,11.7,2.5,19,0,695
"699",12,2016,20.4,16.3,21.9,7,614
"700",12,2016,11.3,4.4,21.9,-2,526
"701",12,2016,-0.6,-10.3,18,-13,660
"702",12,2016,19.6,7.6,28,12.9,693
"703",12,2016,26,18.7,34,14,728
"704",12,2016,34.1,25.7,37,19,702
"705",12,2016,30.6,25.2,37,24.1,728
"706",12,2016,34.9,31.3,37.9,27.1,604
"707",12,2016,45.1,39.2,54,32,647
"708",12,2016,28,18.5,37.9,25,663
"709",12,2016,29.6,22,45,19,722
"710",12,2016,33.6,25.3,45,19.2,647
"711",12,2016,29.3,17.1,35.1,24.1,742
"712",12,2016,35.5,21.4,39.9,24.1,704
"713",1,2017,34,27.9,39.9,17.1,613
"714",1,2017,38.2,36.9,39.9,25.2,718
"715",1,2017,18.2,9,39,9,612
"716",1,2017,9.3,-1.5,19,6.1,611
"717",1,2017,4.4,-6.4,12.9,0,601
"718",1,2017,6.5,-4.8,18,0,618
"719",1,2017,9.2,-4.2,18,0,591
"720",1,2017,21.5,10.5,28,3,713
"721",1,2017,37.5,32.2,51.8,27,705
"722",1,2017,31.6,26.3,51.1,25,663
"723",1,2017,26.1,23.2,43,21,644
"724",1,2017,19.9,9.7,28,16,800
"725",1,2017,28.9,19.3,35.1,16,685
"726",1,2017,26,17.5,36,19.9,656
"727",1,2017,32.6,28.2,36,19.9,652
"728",1,2017,37.2,36.2,39,30.2,705
"729",1,2017,34.7,32.9,39,33.1,707
"730",1,2017,35.8,33.4,42.8,30,738
"731",1,2017,39,37.6,42.1,30.2,783
"732",1,2017,48.2,44.3,59,37.9,786
"733",1,2017,42.8,39.6,59,37.9,742
"734",1,2017,39.4,36.1,46,37,789
"735",1,2017,36.6,32.7,42.1,34,736
"736",1,2017,37.2,34.3,42.1,35.1,748
"737",1,2017,33.2,29.6,42.1,30,675
"738",1,2017,27.8,20.6,34,24.1,784
"739",1,2017,26.7,20.2,30.9,24.1,731
"740",1,2017,26.8,16.5,28.9,24.1,634
"741",1,2017,22.1,9.7,30,15.1,756
"742",1,2017,36,29.3,39,15.1,734
"743",2,2017,34.6,25.7,39,30,847
"744",2,2017,20.6,6.9,37.9,14,671
"745",2,2017,19.1,3.5,28,14,670
"746",2,2017,21.6,5.5,33.1,10,638
"747",2,2017,32.7,17.2,37.9,12,695
"748",2,2017,33.5,26.3,55,21,762
"749",2,2017,43.8,43.1,50,41,693
"750",2,2017,30.7,23.1,50,25,666
"751",2,2017,19,4.2,32,12.9,668
"752",2,2017,25.7,13.5,39.9,12.9,745
"753",2,2017,40.9,33.2,48.9,34,704
"754",2,2017,39.3,28.8,48.9,34,678
"755",2,2017,34.6,19.9,46.9,25,718
"756",2,2017,39.7,26.4,50,25.2,713
"757",2,2017,33.2,17.2,50,26.1,673
"758",2,2017,33.4,12.8,41,27,671
"759",2,2017,43.2,28.4,66.9,27,832
"760",2,2017,57.5,35.4,70,44.1,748
"761",2,2017,51.1,33.6,70,35.1,674
"762",2,2017,53,39.8,70,35.1,711
"763",2,2017,60.1,49.8,70,41,679
"764",2,2017,57.7,51.9,68,48.9,703
"765",2,2017,51.6,44.2,68,37.9,655
"766",2,2017,39.4,36.7,39.9,37.9,660
"767",2,2017,29.3,21.6,39.9,23,599
"768",2,2017,32.3,17.2,48.9,21,576
"769",2,2017,41.1,27.7,54,21.2,633
"770",2,2017,51.3,44.6,60.1,45,631
"771",3,2017,47.1,43.8,60.1,32,741
"772",3,2017,32,20.8,34,28.9,629
"773",3,2017,27.5,7.5,35.1,21,673
"774",3,2017,33.2,22.3,42.1,21.9,633
"775",3,2017,41.4,28.8,60.1,28.2,662
"776",3,2017,54.8,46.9,61,52,683
"777",3,2017,55.1,40.9,64.9,44.1,682
"778",3,2017,46.3,20.1,64.9,41,667
"779",3,2017,39,19.4,53.1,28.9,676
"780",3,2017,31.8,7.7,42.1,26.1,666
"781",3,2017,24,-5,37,18,659
"782",3,2017,26.5,3,36,18,553
"783",3,2017,29.5,22.1,36,18,541
"784",3,2017,23.5,7,33.1,16,607
"785",3,2017,29,10.9,42.1,16,668
"786",3,2017,38.2,30.1,50,19.2,709
"787",3,2017,42.3,32,50,36,674
"788",3,2017,40.8,29.5,53.1,28.9,605
"789",3,2017,48.6,38.3,54,29.1,696
"790",3,2017,43.7,29,54,35.1,650
"791",3,2017,33.5,19.3,37.9,28.9,647
"792",3,2017,36.8,20.4,50,28,666
"793",3,2017,58.3,39.3,82,29.1,779
"794",3,2017,42.7,37.9,46,41,695
"795",3,2017,51.3,47.2,62.1,41,702
"796",3,2017,50.4,46.8,62.1,45,722
"797",3,2017,43.8,36.6,52,41,673
"798",3,2017,40.9,34.7,50,35.1,669
"799",3,2017,43.3,39.1,48.9,35.1,691
"800",3,2017,39.3,35.8,45,37,777
"801",4,2017,44.6,26.3,59,34,831
"802",4,2017,49.7,27.1,61,34,690
"803",4,2017,50.4,39.7,61,42.1,697
"804",4,2017,48.9,43.3,55.9,46,712
"805",4,2017,44.8,39.3,55.9,39.9,633
"806",4,2017,42.9,33.8,50,37.4,668
"807",4,2017,43.8,22.4,54,37,705
"808",4,2017,49.9,27.1,68,37,696
"809",4,2017,64.1,44.1,75.9,57,761
"810",4,2017,68.8,53.2,78.1,46.9,683
"811",4,2017,46.8,39.6,53.1,42.1,703
"812",4,2017,47.7,35.7,59,36,726
"813",4,2017,49.7,33.7,59,42.1,665
"814",4,2017,54.1,41.1,66,46.9,773
"815",4,2017,69.7,54.7,82,46.9,817
"816",4,2017,68.1,52.5,82,59,687
"817",4,2017,58.8,35.5,73,44.1,752
"818",4,2017,55.4,39.2,75.9,41,735
"819",4,2017,64.7,52.7,75.9,41,758
"820",4,2017,56.5,46.6,73,45,713
"821",4,2017,50.4,35.4,57.9,44.1,815
"822",4,2017,49.7,29.8,60.1,42.1,701
"823",4,2017,54.5,26.3,72,37,703
"824",4,2017,55.3,34.4,73,37,736
"825",4,2017,63.7,43.5,79,39.9,757
"826",4,2017,69.5,54.1,79,52,758
"827",4,2017,54.3,48.3,73.9,44.1,716
"828",4,2017,48.4,38.2,62.1,39.9,832
"829",4,2017,45.5,36.9,55,39.2,616
"830",4,2017,43.6,41.3,46.9,39.9,657
"831",5,2017,49.6,43.5,57,43,863
"832",5,2017,45.8,37.8,57,41,689
"833",5,2017,47.6,33.4,55.9,35.1,739
"834",5,2017,48.7,34.5,55.9,35.1,741
"835",5,2017,49.1,37.3,61,41,799
"836",5,2017,51,36.2,61,41,713
"837",5,2017,48.3,24.6,59,36,630
"838",5,2017,46.1,25.8,59,34,705
"839",5,2017,48.1,33.2,61,34,707
"840",5,2017,55,38.7,66.9,42.1,663
"841",5,2017,54.8,46.7,66.9,44.1,737
"842",5,2017,58.6,41.2,73,45,849
"843",5,2017,62.1,44,82,45,724
"844",5,2017,62.4,43.9,82,46.9,712
"845",5,2017,62.5,42.9,82,50,871
"846",5,2017,74.1,57.7,87.1,50,748
"847",5,2017,78.3,58.2,87.1,61,835
"848",5,2017,74,57.7,84,62.1,775
"849",5,2017,48,40.7,73.9,43,776
"850",5,2017,51.4,44.6,64,43,664
"851",5,2017,60.8,52.9,64.9,48,791
"852",5,2017,57.5,42.6,73,48,795
"853",5,2017,60.7,53.3,73,48,739
"854",5,2017,56.9,51.7,62.1,53.1,762
"855",5,2017,58.8,50.7,69.1,53.1,763
"856",5,2017,60.2,51.4,71.1,52,767
"857",5,2017,61.7,52.8,78.1,52,800
"858",5,2017,67.6,55,78.1,52,705
"859",5,2017,68.7,46.6,77,55.9,768
"860",5,2017,64.2,44.3,77,54,814
"861",5,2017,63.8,43.5,73.9,52,739
"862",6,2017,66.4,40.6,81,51.1,895
"863",6,2017,70.5,41.5,86,51.1,841
"864",6,2017,73.4,48.6,86,53.1,823
"865",6,2017,80.1,58.5,91.9,57,820
"866",6,2017,70,55.7,91.9,62.1,737
"867",6,2017,64.5,44.5,75.9,54,826
"868",6,2017,66.7,43.7,77,54,787
"869",6,2017,69.1,42.9,82.9,53.1,769
"870",6,2017,74.3,52.7,87.1,53.1,816
"871",6,2017,75.6,53.9,90,64,785
"872",6,2017,81.8,55.9,93,64,813
"873",6,2017,85,60.5,95,73,742
"874",6,2017,79.9,62.5,95,68,808
"875",6,2017,77.3,64.4,91.9,68,769
"876",6,2017,76.2,64.4,91.9,68,823
"877",6,2017,76.8,59.9,91,66.9,835
"878",6,2017,78,66.7,87.1,66.9,827
"879",6,2017,74.4,63.6,87.1,69.1,786
"880",6,2017,70.2,54.4,80.1,63,745
"881",6,2017,67.2,52.8,80.1,57.9,802
"882",6,2017,67.7,53.1,80.1,55,786
"883",6,2017,78.5,63.5,88,55,818
"884",6,2017,76.9,62.2,88,66.9,778
"885",6,2017,69.6,51.5,82.9,61,819
"886",6,2017,64,46.6,75,54,796
"887",6,2017,64,46.1,75,54,787
"888",6,2017,64.6,44.4,78.1,50,772
"889",6,2017,67.6,50.8,80.1,50,707
"890",6,2017,74.4,63.8,81,57.9,776
"891",6,2017,73,65.3,84,64,778
"892",7,2017,75.1,60.1,84,66,934
"893",7,2017,74.4,56.3,89.1,62.1,780
"894",7,2017,73,62.2,89.1,62.1,864
"895",7,2017,72.3,61.2,82.9,64,796
"896",7,2017,76.2,61.3,89.1,64,859
"897",7,2017,80.7,64,93,64.9,781
"898",7,2017,80.9,66,93,69.1,758
"899",7,2017,70.5,55.3,89.1,62.1,759
"900",7,2017,73.4,51.8,86,62.1,823
"901",7,2017,77,66.1,86,63,779
"902",7,2017,76.4,68.3,84.9,66.9,769
"903",7,2017,75.4,70,84.9,68,691
"904",7,2017,78.2,69.2,82.9,72,820
"905",7,2017,70.9,59.7,82.9,64.9,798
"906",7,2017,69.7,58.2,81,60.1,889
"907",7,2017,71.8,61.5,81,60.1,812
"908",7,2017,67.4,56.2,79,55.9,847
"909",7,2017,73.7,59.2,89.1,55.9,792
"910",7,2017,80.5,68.1,89.1,60.1,769
"911",7,2017,76.7,69,88,69.1,761
"912",7,2017,79.7,69.7,89.1,70,758
"913",7,2017,77.4,69.7,89.1,72,755
"914",7,2017,78.8,67.5,90,70,842
"915",7,2017,70.6,60.1,73,66,782
"916",7,2017,71.2,57.7,82,61,850
"917",7,2017,74.9,62.1,84.9,64.9,752
"918",7,2017,77.9,68,84.9,64.9,790
"919",7,2017,73.6,60.1,82,69.1,851
"920",7,2017,72,53.6,79,64,800
"921",7,2017,73.3,57.5,84,62.1,818
"922",7,2017,75.7,57.2,86,62.1,794
"923",8,2017,76.7,63,87.1,66,774
"924",8,2017,74.7,66.6,87.1,66,849
"925",8,2017,63.1,54,84,55.9,924
"926",8,2017,67.7,53.3,80.1,55.9,928
"927",8,2017,70.7,56.7,80.1,60.1,865
"928",8,2017,69.5,57,77,63,773
"929",8,2017,70.2,50.4,84,57.9,768
"930",8,2017,72.9,55.9,84,57.9,769
"931",8,2017,73.8,57.8,84,61,790
"932",8,2017,71.3,61,84,62.1,765
"933",8,2017,68.4,56.4,78.1,60.1,813
"934",8,2017,68.8,53.3,80.1,57,730
"935",8,2017,72.4,56.9,82.9,57,815
"936",8,2017,75.4,63.8,84,62.1,795
"937",8,2017,75,64.2,88,66.9,795
"938",8,2017,77.3,68.8,88,66.9,768
"939",8,2017,74.2,61.3,82,66.9,859
"940",8,2017,74.2,58,86,63,892
"941",8,2017,75.1,59.5,90,63,776
"942",8,2017,78.1,68.7,90,63,754
"943",8,2017,75.9,63.6,87.1,71.1,780
"944",8,2017,69.6,49.6,82,60.1,747
"945",8,2017,66.7,53.2,79,60.1,801
"946",8,2017,63.6,47.9,75,52,772
"947",8,2017,66.9,50.2,78.1,52,779
"948",8,2017,68.4,54.8,78.1,55.9,756
"949",8,2017,69.8,60.1,80.1,62.1,688
"950",8,2017,67.7,62.2,80.1,61,724
"951",8,2017,70.3,58.5,82,60.1,788
"952",8,2017,69.3,56.8,82,60.1,736
"953",9,2017,64.2,49.1,73,57.9,920
"954",9,2017,62.3,46,75,50,772
"955",9,2017,68.1,54.6,84,50,757
"956",9,2017,73.3,56.8,84,57,716
"957",9,2017,63.2,48.4,82,54,704
"958",9,2017,57.8,43.9,70,48.9,648
"959",9,2017,59.8,45.3,71.1,48.9,728
"960",9,2017,62.4,49.1,71.1,52,702
"961",9,2017,63.5,47.7,72,55.9,736
"962",9,2017,60.8,45.7,72,50,739
"963",9,2017,62.2,47.9,75,50,691
"964",9,2017,65,51.8,77,52,726
"965",9,2017,65.8,57.5,77,54,706
"966",9,2017,68.4,60.5,81,57.9,734
"967",9,2017,73.4,59.4,87.1,59,808
"968",9,2017,76.9,60.3,88,62.1,826
"969",9,2017,76.6,61.8,88,64.9,812
"970",9,2017,67.7,54.3,86,57.9,772
"971",9,2017,69.9,62.1,79,57.9,708
"972",9,2017,74.8,63.9,91.9,62.1,827
"973",9,2017,83.4,65.4,93.9,62.1,807
"974",9,2017,83.7,66.4,93.9,71.1,798
"975",9,2017,82.7,64.7,95,71.1,830
"976",9,2017,81.1,62.8,95,70,811
"977",9,2017,79.4,58.2,93,66.9,821
"978",9,2017,80,58.5,91.9,66.9,749
"979",9,2017,69.9,53.9,91.9,63,726
"980",9,2017,62,43.5,73.9,53.1,717
"981",9,2017,64.1,45.3,73.9,60.1,810
"982",9,2017,61.1,43.7,70,55.9,745
"983",10,2017,59.1,40.5,72,48,852
"984",10,2017,69.3,47.2,82.9,48,752
"985",10,2017,72.8,57.1,82.9,57.9,738
"986",10,2017,71.4,61,78.1,64.9,742
"987",10,2017,64.6,47.9,77,54,747
"988",10,2017,64.2,59,77,54,748
"989",10,2017,69.5,61.1,79,60.1,712
"990",10,2017,64.6,53.3,79,54,718
"991",10,2017,66.1,51.6,81,52,746
"992",10,2017,61.6,54.1,64.9,57.9,703
"993",10,2017,58.8,55.8,63,57,617
"994",10,2017,57.8,53.1,62.1,55.9,765
"995",10,2017,61.4,54.1,73,55,768
"996",10,2017,63.6,59.5,73,55,647
"997",10,2017,60.2,53.7,68,51.8,639
"998",10,2017,51.7,39,68,43,763
"999",10,2017,57,38.8,70,43,719
"1000",10,2017,59.4,41.3,71.1,46.9,774
"1001",10,2017,61.4,37,71.1,46.9,773
"1002",10,2017,61.4,44.1,78.1,51.1,849
"1003",10,2017,67.5,51,78.1,51.1,814
"1004",10,2017,65.6,56.1,72,51.8,739
"1005",10,2017,52.3,49,54,51.1,740
"1006",10,2017,48.4,43.6,54,46,689
"1007",10,2017,44.1,32.5,53.1,37.9,714
"1008",10,2017,46.5,36.4,60.1,36,754
"1009",10,2017,45,32.9,60.1,36,819
"1010",10,2017,38.5,29.9,53.1,36,717
"1011",10,2017,39.9,26.6,46,33.1,696
"1012",10,2017,44.8,29.6,50,34,708
"1013",10,2017,37.8,21.9,50,34,757
"1014",11,2017,38.7,28.6,44.1,34,824
"1015",11,2017,46.6,43.8,51.1,36,722
"1016",11,2017,44.4,37.1,51.1,37.9,789
"1017",11,2017,45.7,39.9,48.2,44.1,756
"1018",11,2017,49.5,47,52,42.1,773
"1019",11,2017,41,30.6,52,32,717
"1020",11,2017,40,29,45,33.1,678
"1021",11,2017,36.6,25.5,46,28.9,758
"1022",11,2017,38.8,25.6,46,29.1,656
"1023",11,2017,24,9.5,33.1,17.6,678
"1024",11,2017,29.5,16.7,36,18,688
"1025",11,2017,37.6,29.7,39.9,26.2,666
"1026",11,2017,36.4,32.5,39.9,30.9,718
"1027",11,2017,38.9,32.5,48.9,30,700
"1028",11,2017,47.6,39.5,52,30.2,709
"1029",11,2017,36.2,26.8,52,33.1,765
"1030",11,2017,38.4,30.4,45,33.1,741
"1031",11,2017,42.8,39.5,48.2,35.1,698
"1032",11,2017,34.6,22.3,48,30,690
"1033",11,2017,38.1,24.8,52,30,762
"1034",11,2017,42.9,27.7,52,30.2,673
"1035",11,2017,28.7,14.7,44.1,21.9,656
"1036",11,2017,36.3,20.1,46,23,543
"1037",11,2017,44,29.9,63,32,683
"1038",11,2017,48.9,35.3,63,32,714
"1039",11,2017,37.5,24.2,55,27,665
"1040",11,2017,44.2,32.6,55.9,27.1,774
"1041",11,2017,55.3,34.6,61,50,783
"1042",11,2017,43.3,25.7,61,34,771
"1043",11,2017,46.3,28.8,54,34,751
"1044",12,2017,41.2,26.3,54,28,918
"1045",12,2017,42.1,28.4,54,28.2,758
"1046",12,2017,42.8,29.7,57.9,28.9,676
"1047",12,2017,55.4,39.9,64.9,46.9,809
"1048",12,2017,41.4,27.2,64.9,30,710
"1049",12,2017,30.6,12.9,44.1,27,712
"1050",12,2017,25.1,12.7,35.1,19,625
"1051",12,2017,24.7,9,37,18,735
"1052",12,2017,29.8,19.5,37,18,659
"1053",12,2017,25.9,15.4,35.1,19.9,664
"1054",12,2017,30.6,20.8,39,19.9,740
"1055",12,2017,24.1,13.6,39,17.1,684
"1056",12,2017,26.5,14.9,37.9,18,700
"1057",12,2017,24.1,13,37.9,16,718
"1058",12,2017,25.7,15.1,34,17.1,768
"1059",12,2017,38.1,23.3,46,21,772
"1060",12,2017,35.5,30.9,46,27,729
"1061",12,2017,42.4,35.2,46,29.1,727
"1062",12,2017,43.4,32.3,50,39,764
"1063",12,2017,34,17.3,50,27,704
"1064",12,2017,34.9,24.2,39.9,27,747
"1065",12,2017,37.8,29.6,39.9,32,784
"1066",12,2017,30.6,21,39,24.1,714
"1067",12,2017,2.5,-8.6,21,-2.9,526
"1068",12,2017,1.1,-9.2,7,-4,523
"1069",12,2017,6.2,-2.9,15.1,-4,601
"1070",12,2017,12.2,5.9,15.1,0,574
"1071",12,2017,9.7,0.8,15.8,3,621
"1072",12,2017,0.4,-10,1.9,-0.9,541
"1073",1,2018,-2.4,-12,7,-9,562
"1074",1,2018,11.4,1.8,17.1,-7.1,576
"1075",1,2018,7,-4.3,17.1,0,602
"1076",1,2018,4.6,-6.2,12,-0.9,664
"1077",1,2018,5.3,-6.9,17.1,-2,586
"1078",1,2018,16.9,5.6,30,-0.9,533
"1079",1,2018,33.6,28.3,37,30,621
"1080",1,2018,30.9,26.9,37,26.1,652
"1081",1,2018,36.9,34.6,51.8,28,720
"1082",1,2018,55.5,51.3,59,30.2,701
"1083",1,2018,23.4,15.7,39,19,707
"1084",1,2018,12.9,-1.9,23,6.1,617
"1085",1,2018,11.8,-0.8,21,5,564
"1086",1,2018,19,13.9,24.1,5,531
"1087",1,2018,15.5,8.7,25,8.6,614
"1088",1,2018,13.2,5.8,26.1,3.9,649
"1089",1,2018,21.2,11,32,5,626
"1090",1,2018,32.2,20.2,39.9,17.1,709
"1091",1,2018,39.2,28.6,45,28.2,731
"1092",1,2018,40.2,36.8,45,35.1,718
"1093",1,2018,47.2,44.6,54,36,724
"1094",1,2018,35.5,30,54,30,719
"1095",1,2018,28.6,21.3,39,27,613
"1096",1,2018,31.2,23.6,43,24.1,641
"1097",1,2018,41,31.1,51.1,24.3,763
"1098",1,2018,47.2,30,51.1,33.1,754
"1099",1,2018,35.3,26.9,50,28,671
"1100",1,2018,27.3,18.8,33.1,21.2,652
"1101",1,2018,21,9.9,30,15.1,637
"1102",1,2018,34.6,20.4,42.1,16,708
"1103",2,2018,27.8,13.9,42.1,12.9,741
"1104",2,2018,10.7,-6,19,5,674
"1105",2,2018,26.2,8.1,41,5,630
"1106",2,2018,25.8,17.8,41,12,513
"1107",2,2018,5.9,-4.4,12,-2,543
"1108",2,2018,11.9,4.6,21,-2,588
"1109",2,2018,16.7,9.7,21,3,544
"1110",2,2018,13.2,4.4,21,7,557
"1111",2,2018,18.8,11.1,28,14,534
"1112",2,2018,19.5,13.4,21.9,15.1,537
"1113",2,2018,15.2,2.5,27,3.9,572
"1114",2,2018,20,8.8,35.1,3.9,645
"1115",2,2018,32.1,25.1,44.1,23,661
"1116",2,2018,40.8,39.1,48,26.2,698
"1117",2,2018,35.7,25,48,28.9,664
"1118",2,2018,24.7,14.6,39,17.1,605
"1119",2,2018,27.1,21.9,37.9,12,587
"1120",2,2018,42.3,37.9,57.9,36,624
"1121",2,2018,58.8,55.4,66,37.9,645
"1122",2,2018,32.1,24.4,41,27,639
"1123",2,2018,33.3,24.5,39.9,28.9,677
"1124",2,2018,39.8,35.6,44.1,29.1,671
"1125",2,2018,36.2,30.1,44.1,33.1,681
"1126",2,2018,40.5,30.4,50,33.1,657
"1127",2,2018,40.4,25.8,53.1,28,625
"1128",2,2018,48.2,31.6,62.1,28.2,691
"1129",2,2018,51.1,38.3,62.1,37,646
"1130",3,2018,39.4,33,59,37,830
"1131",3,2018,37.5,23.2,48,30,692
"1132",3,2018,37.8,20.2,48,30.2,664
"1133",3,2018,37.7,20.4,46,32,649
"1134",3,2018,36.8,19.9,46,32,665
"1135",3,2018,35.1,30.6,41,32,653
"1136",3,2018,30.9,22.2,41,26.1,656
"1137",3,2018,27.9,14.3,34,24.1,660
"1138",3,2018,29.8,15.4,41,23,745
"1139",3,2018,32.5,17.3,41,23,684
"1140",3,2018,34.3,20,41,23,619
"1141",3,2018,36.7,21.6,46,28,661
"1142",3,2018,31.9,20.1,46,27,638
"1143",3,2018,30.1,14.4,48,19,665
"1144",3,2018,39.6,24.6,50,22.1,691
"1145",3,2018,32.4,21.4,50,28,703
"1146",3,2018,37.2,21.8,46,29.1,777
"1147",3,2018,39.9,19.3,57,27,689
"1148",3,2018,40.7,24.8,57,27.1,660
"1149",3,2018,33.1,21.9,46,28.9,712
"1150",3,2018,33.3,20,39.9,28.9,689
"1151",3,2018,34.3,17.7,50,21.9,670
"1152",3,2018,35.6,21.1,50,22.1,752
"1153",3,2018,35.6,21.6,43,25.2,649
"1154",3,2018,33.8,16.3,41,27,677
"1155",3,2018,39.3,20.6,53.1,27.1,696
"1156",3,2018,48.9,44,53.1,31.1,674
"1157",3,2018,44.7,35.3,54,39,689
"1158",3,2018,45,38.4,54,39,629
"1159",3,2018,38.8,27.2,50,33.1,704
"1160",3,2018,44,31.1,57.9,33.1,690
"1161",4,2018,32.3,15.1,57.9,24.1,736
"1162",4,2018,31.6,15.4,44.1,21,674
"1163",4,2018,38.9,32.4,44.1,21.2,605
"1164",4,2018,31.8,23.9,39.9,26.1,701
"1165",4,2018,31.6,16,42.1,23,672
"1166",4,2018,35.1,25,42.1,23.2,695
"1167",4,2018,28.2,8,39,19.9,635
"1168",4,2018,30.7,11.5,39,19.9,618
"1169",4,2018,32.8,26.6,39,21,661
"1170",4,2018,35.7,24,46,28,714
"1171",4,2018,47.8,30.8,66,28.2,769
"1172",4,2018,55.6,41.2,73,39,751
"1173",4,2018,43.4,37.1,48,39.9,781
"1174",4,2018,38.8,35.9,41,36,689
"1175",4,2018,35.2,32.1,37,33.8,603
"1176",4,2018,30.5,24.6,35.1,26.6,733
"1177",4,2018,34.7,21.1,43,27.1,699
"1178",4,2018,34.8,25.4,43,29.1,627
"1179",4,2018,39.3,29,55,30.2,724
"1180",4,2018,46.6,21.6,61,31.1,803
"1181",4,2018,47.4,19.2,61,36,677
"1182",4,2018,50.1,22,62.1,39,698
"1183",4,2018,50.8,27.9,63,42.1,716
"1184",4,2018,54.6,37.7,64.9,43,713
"1185",4,2018,49.1,34.4,64.9,43,750
"1186",4,2018,48.4,28.8,66,36,733
"1187",4,2018,53.2,30.9,66,36,772
"1188",4,2018,42.4,29.2,57.9,35.1,679
"1189",4,2018,43.3,21,59,30.9,725
"1190",4,2018,56.2,19.4,80.1,31.1,790
"1191",5,2018,76.9,51,86,60.1,789
"1192",5,2018,64.3,59.2,86,57.9,742
"1193",5,2018,65.4,53.7,73.9,54,814
"1194",5,2018,69.7,44.1,82,57,853
"1195",5,2018,62.3,42.4,82,53.1,716
"1196",5,2018,59.1,40.1,75,46,805
"1197",5,2018,68.5,40,81,46,805
"1198",5,2018,69.7,48.1,81,57,792
"1199",5,2018,66,53.3,81,57.9,779
"1200",5,2018,51.7,42.3,73,46,729
"1201",5,2018,46.4,41.8,52,44.1,699
"1202",5,2018,52.2,47.5,66.9,44.1,690
"1203",5,2018,62.1,54.7,82.9,45,788
"1204",5,2018,63.8,57.4,82.9,53.1,743
"1205",5,2018,61.8,43.4,79,46.9,759
"1206",5,2018,63.2,46.3,79,46.9,795
"1207",5,2018,57,44.1,69.1,52,800
"1208",5,2018,60.1,55.9,69.1,52,759
"1209",5,2018,51.2,45.6,69.1,44.1,764
"1210",5,2018,52.8,48.4,64,44.1,714
"1211",5,2018,59,54.9,66.9,48.9,797
"1212",5,2018,63.8,52,80.1,52,781
"1213",5,2018,71.3,52.5,87.1,52,820
"1214",5,2018,77.6,54.8,89.1,57.9,805
"1215",5,2018,78.9,62.1,90,66.9,854
"1216",5,2018,82.8,61.4,97,70,882
"1217",5,2018,82.7,61.3,97,70,888
"1218",5,2018,76.6,59.8,95,66,875
"1219",5,2018,75.3,63.5,87.1,66,847
"1220",5,2018,76.9,66,89.1,66.9,841
"1221",6,2018,59.5,50.8,75.9,52,820
"1222",6,2018,66.6,53.6,78.1,52,835
"1223",6,2018,66.5,47.9,80.1,55,790
"1224",6,2018,67,47.8,80.1,55,752
"1225",6,2018,60.9,46.5,79,48,815
"1226",6,2018,71.4,56.1,81,48,767
"1227",6,2018,64.2,53.3,81,60.1,774
"1228",6,2018,66.1,58.5,82,57,816
"1229",6,2018,64.5,61,82,57,731
"1230",6,2018,64,60.2,71.1,60.1,748
"1231",6,2018,69.3,63.8,80.1,62.1,794
"1232",6,2018,74.7,60.5,81,62.1,751
"1233",6,2018,73,50.3,81,64,758
"1234",6,2018,74.4,55,89.1,64,842
"1235",6,2018,80.8,67.8,91.9,64,826
"1236",6,2018,85.9,69.8,93,69.1,828
"1237",6,2018,86.5,70.3,93.9,73.4,846
"1238",6,2018,70.9,65.5,95,63,795
"1239",6,2018,69,62.2,81,63,891
"1240",6,2018,65.8,61.5,77,64,667
"1241",6,2018,62.4,58.4,66.9,59,723
"1242",6,2018,68.1,57,81,60.1,839
"1243",6,2018,72.7,59.1,81,62.1,870
"1244",6,2018,68.9,59.1,80.1,61,854
"1245",6,2018,73.3,62.4,84,61,795
"1246",6,2018,72.8,66.4,84,66.9,827
"1247",6,2018,76.2,64.6,88,68,822
"1248",6,2018,82.1,68.8,96.1,68,780
"1249",6,2018,87.1,74.7,96.1,73,867
"1250",7,2018,77,63.2,93.9,69.1,860
"1251",7,2018,77.7,61.3,89.1,63,826
"1252",7,2018,83.4,71,93,63,829
"1253",7,2018,81.4,70.9,93,75,841
"1254",7,2018,74,58.2,91.9,69.1,890
"1255",7,2018,70.6,48.1,82,59,831
"1256",7,2018,74.8,51.7,88,59,825
"1257",7,2018,79.4,58.7,91,63,802
"1258",7,2018,82.1,61.8,91,66.9,810
"1259",7,2018,77.2,54,87.1,66.9,737
"1260",7,2018,78.6,58.7,87.1,66.9,798
"1261",7,2018,81.9,61.1,95,70,819
"1262",7,2018,78.3,66.5,95,72,788
"1263",7,2018,80.2,68.6,91,72,812
"1264",7,2018,82.3,70.6,91,72,786
"1265",7,2018,76.6,57.3,93,70,745
"1266",7,2018,72.1,54,81,63,840
"1267",7,2018,75.8,55.4,87.1,63,778
"1268",7,2018,75.7,63.8,87.1,66.9,823
"1269",7,2018,71.5,65.9,79,69.1,800
"1270",7,2018,70.7,65.7,79,68,795
"1271",7,2018,72.3,62.4,82,64.9,846
"1272",7,2018,75.1,62.8,88,64.9,798
"1273",7,2018,78.8,58.3,90,66,808
"1274",7,2018,76.6,59.2,90,66.9,801
"1275",7,2018,70.2,54.4,81,62.1,800
"1276",7,2018,71.2,52.4,82,61,808
"1277",7,2018,71.9,55.2,82.9,61,776
"1278",7,2018,72.5,58.5,82.9,62.1,782
"1279",7,2018,72.9,60.8,82,62.1,830
"1280",8,2018,73.3,58.9,84.9,63,942
"1281",8,2018,76.8,61.9,84.9,63,854
"1282",8,2018,77.1,60,89.1,66.9,891
"1283",8,2018,82,63.3,97,66.9,904
"1284",8,2018,84.7,64.3,97,71.1,860
"1285",8,2018,77.6,67,93.9,69.1,803
"1286",8,2018,75.3,67.5,82.9,69.1,785
"1287",8,2018,74,65,84.9,69.1,792
"1288",8,2018,77.9,65,89.1,69.1,769
"1289",8,2018,76.1,67.1,89.1,69.1,858
"1290",8,2018,76.9,61.8,88,68,860
"1291",8,2018,78.7,60.4,88,68,843
"1292",8,2018,77.1,61.1,89.1,66,824
"1293",8,2018,79.2,61.3,89.1,66,829
"1294",8,2018,79.8,65.2,87.1,71.1,799
"1295",8,2018,77.3,68,86,72,836
"1296",8,2018,74.9,67.1,86,68,810
"1297",8,2018,75.3,67.2,84.9,68,912
"1298",8,2018,75.6,65.8,86,68,793
"1299",8,2018,75.1,66.6,86,68,748
"1300",8,2018,71.7,66,77,69.1,722
"1301",8,2018,69.4,54.1,79,57.9,850
"1302",8,2018,69.9,51.6,80.1,57.9,728
"1303",8,2018,68.4,55.6,80.1,60.1,790
"1304",8,2018,70.9,65.6,86,64,837
"1305",8,2018,80.8,72.4,93,66,792
"1306",8,2018,85.4,70.9,93,72,825
"1307",8,2018,82.2,70.6,93,71.1,802
"1308",8,2018,71.6,65.3,91,66,751
"1309",8,2018,67.7,56.6,75.9,61,821
"1310",8,2018,69.9,59,84.9,60.1,833
"1311",9,2018,79.8,69.3,91,70,832
"1312",9,2018,77.1,69.4,87.1,69.8,776
"1313",9,2018,79.3,69.5,91.9,70,820
"1314",9,2018,82.5,68.1,91.9,71.1,717
"1315",9,2018,68.5,63,75,64,741
"1316",9,2018,67.1,58.8,70,63,730
"1317",9,2018,66.7,52.3,69.1,63,790
"1318",9,2018,64.3,51.8,69.1,60.1,665
"1319",9,2018,64.9,55.2,73.9,55.9,716
"1320",9,2018,66.9,56.5,79,55.9,692
"1321",9,2018,70.8,56.9,82,57,714
"1322",9,2018,69,56.6,82,60.1,687
"1323",9,2018,73.1,60.2,87.1,60.1,869
"1324",9,2018,73.5,61.3,87.1,64,809
"1325",9,2018,76.1,65.3,89.1,64,819
"1326",9,2018,79,64.3,90,70,786
"1327",9,2018,73.3,63.9,82,66.2,737
"1328",9,2018,69.5,62.1,75.9,66,762
"1329",9,2018,75.3,67.1,93,66,829
"1330",9,2018,79,60.7,93,64,825
"1331",9,2018,58.6,42.8,64,51.1,799
"1332",9,2018,59.7,48.7,71.1,50,735
"1333",9,2018,65,57.3,73.9,57,796
"1334",9,2018,72.9,64.5,84,57,751
"1335",9,2018,60.9,49.2,66.9,50,752
"1336",9,2018,58.7,43.3,70,48,708
"1337",9,2018,58.3,44.5,70,48,793
"1338",9,2018,50.4,38.7,61,42.1,732
"1339",9,2018,56.6,49.4,62.1,42.1,741
"1340",10,2018,60.8,55.7,72,54,918
"1341",10,2018,62.1,57.8,72,57,717
"1342",10,2018,69.7,60.3,88,57.9,676
"1343",10,2018,65.9,53.6,88,52,698
"1344",10,2018,57.3,51.2,64,52,654
"1345",10,2018,63.6,61,70,54,726
"1346",10,2018,57.9,53.4,70,57,718
"1347",10,2018,69.4,63.5,84.9,57,743
"1348",10,2018,76.3,65.2,84.9,63,746
"1349",10,2018,72.8,64.7,84.9,68,724
"1350",10,2018,50.3,38.1,75.9,43,679
"1351",10,2018,40.5,30.9,51.1,36,707
"1352",10,2018,40.9,33.3,53.1,32,744
"1353",10,2018,46.4,38.4,54,32,702
"1354",10,2018,43.8,34.4,54,37,705
"1355",10,2018,43.4,29.2,59,34,667
"1356",10,2018,47.7,30.9,59,34,690
"1357",10,2018,45,26.5,57.9,34,725
"1358",10,2018,49.4,35.3,57.9,34,766
"1359",10,2018,47.6,37,54,37.9,806
"1360",10,2018,37.4,20.4,51.1,28,644
"1361",10,2018,48,29.2,64,28.2,716
"1362",10,2018,49.2,32,64,39,736
"1363",10,2018,43.7,35.3,54,37,805
"1364",10,2018,43.9,34.3,53.1,37,721
"1365",10,2018,48.4,38.1,53.1,37,830
"1366",10,2018,49.1,40.1,54,44.1,788
"1367",10,2018,47.2,42.5,54,43,717
"1368",10,2018,46.9,38.7,55.9,39.9,723
"1369",10,2018,51.5,42.9,64,39.9,766
"1370",10,2018,53.5,46,64,45,885
"1371",11,2018,50.5,37.3,61,46,939
"1372",11,2018,44.1,34.9,52,37,786
"1373",11,2018,42.2,31.8,50,34,784
"1374",11,2018,48,41.8,51.8,45,685
"1375",11,2018,48.1,42.1,52,44.1,706
"1376",11,2018,47.7,43.2,51.1,44.1,763
"1377",11,2018,38.3,27.9,44.1,35.6,685
"1378",11,2018,35.2,24.2,41,33.1,676
"1379",11,2018,34.1,27,41,28.9,718
"1380",11,2018,25,12.9,37,19.9,651
"1381",11,2018,32.5,19.8,41,19.9,648
"1382",11,2018,33,23.5,41,28,687
"1383",11,2018,24.6,11.5,34,19,609
"1384",11,2018,24.7,12.8,36,17.1,639
"1385",11,2018,31,25.9,36,17.1,692
"1386",11,2018,34.1,28.7,39.9,28.9,733
"1387",11,2018,33.8,29.8,36,32,670
"1388",11,2018,32.8,24.7,37,30,630
"1389",11,2018,27.7,22.2,34,23,639
"1390",11,2018,31.4,21.9,34,28.9,699
"1391",11,2018,32.2,23.1,36,30,741
"1392",11,2018,34.1,24.1,39.9,30.9,542
"1393",11,2018,39.7,32.5,51.1,31.1,750
"1394",11,2018,44.9,40.8,51.1,34,697
"1395",11,2018,38.4,34,46.9,33.1,574
"1396",11,2018,30.1,26.7,37,26.6,561
"1397",11,2018,23.6,16.7,33.1,21,637
"1398",11,2018,21.7,15.1,26.1,17.1,715
"1399",11,2018,29.9,23.6,37.9,17.1,675
"1400",11,2018,33.8,27.8,42.1,27,752
"1401",12,2018,37.7,34.7,42.1,28.2,818
"1402",12,2018,41.4,38.6,44.1,36,711
"1403",12,2018,34.4,29.4,44.1,30.9,771
"1404",12,2018,30.5,22.1,35.1,28.9,724
"1405",12,2018,28.3,19.5,32,25,712
"1406",12,2018,30.7,21.7,33.1,25,719
"1407",12,2018,20.7,11.2,33.1,16,747
"1408",12,2018,24.3,13.2,32,16,739
"1409",12,2018,24.3,17,35.1,17.1,691
"1410",12,2018,23.2,17.9,35.1,16,718
"1411",12,2018,29.6,23.7,37.9,16,671
"1412",12,2018,33.9,27.7,41,25,759
"1413",12,2018,32.6,26.4,46,24.1,712
"1414",12,2018,38.8,38.2,46,24.3,793
"1415",12,2018,35.2,31.4,46,26.1,744
"1416",12,2018,35.1,30.4,48,25,751
"1417",12,2018,36.6,24.7,48.9,26.2,712
"1418",12,2018,32.9,23.4,42.1,25,717
"1419",12,2018,39.1,30.3,48.9,25.2,740
"1420",12,2018,43.7,40.2,48.9,33.1,788
"1421",12,2018,34.9,31.8,46,30.9,802
"1422",12,2018,29.9,24.1,37.9,28,760
"1423",12,2018,32.8,26.1,37.9,28,637
"1424",12,2018,28.8,17.8,37.9,23,610
"1425",12,2018,34.4,28.7,46.9,26.1,630
"1426",12,2018,42,35.6,50,26.2,628
"1427",12,2018,41.9,38.2,53.1,30,725
"1428",12,2018,28.8,26.1,30.2,26.1,696
"1429",12,2018,25.5,19.1,36,19,671
"1430",12,2018,34.3,31.6,39,19.9,648
"1431",1,2019,27.6,24.5,34,26.1,655
"1432",1,2019,29.2,22.9,37.9,24.1,752
"1433",1,2019,37,28.1,48,24.3,769
"1434",1,2019,38.9,32,52,31.1,792
"1435",1,2019,37.9,31.7,52,30,664
"1436",1,2019,43.6,38.7,53.6,37,676
"1437",1,2019,41.4,35.4,53.1,36,701
"1438",1,2019,23.2,11.6,45,19,631
"1439",1,2019,17.9,8.7,25,14,686
"1440",1,2019,23.4,17.4,30,14,784
"1441",1,2019,30.2,23.8,32,17.1,673
"1442",1,2019,29.7,24,32,26.1,573
"1443",1,2019,25.4,20.4,30.9,23,635
"1444",1,2019,25.5,21.8,28,23,696
"1445",1,2019,31.2,24.9,34,24.1,700
"1446",1,2019,30.3,24,35.1,28,653
"1447",1,2019,29.7,23.5,35.1,27,668
"1448",1,2019,26.4,23.3,30.9,21,521
"1449",1,2019,9.4,0.2,17.1,3,556
"1450",1,2019,18.7,8.7,32,3,626
"1451",1,2019,29.5,27.9,34,12.9,662
"1452",1,2019,16.6,12.3,34,9,607
"1453",1,2019,1.3,-5.5,21.9,-6,586
"1454",1,2019,2.1,-4.7,12,-7.1,532
"1455",1,2019,3.8,-2.4,12,-7.1,524
"1456",1,2019,18.4,12.9,34,-2.9,521
"1457",2,2019,6.9,1.6,21,-4,774
"1458",2,2019,25.6,21,42.1,1.9,722
"1459",2,2019,42.3,40.1,46.4,37,596
"1460",2,2019,47.3,44.2,51.1,37.9,736
"1461",2,2019,29.5,24.3,51.1,24.1,653
"1462",2,2019,32.8,31.4,36,25,636
"1463",2,2019,35.6,34,44.1,28.9,670
"1464",2,2019,11.4,2.5,28.9,3.9,642
"1465",2,2019,11.8,2.2,24.1,3.9,756
"1466",2,2019,23.4,15.9,28,19.9,638
"1467",2,2019,28,25.3,30.9,21.9,626
"1468",2,2019,32,29.3,34,26.6,665
"1469",2,2019,18.5,14.6,34,10,643
"1470",2,2019,36.1,27.2,50,12,742
"1471",2,2019,22.8,15.3,50,8.1,741
"1472",2,2019,18.6,11.4,32,9,677
"1473",2,2019,25.3,20.4,28.9,12.9,618
"1474",2,2019,25.1,20.6,30.9,19.9,590
"1475",2,2019,21.8,12.9,35.1,12,612
"1476",2,2019,31.1,25.9,37.9,28,635
"1477",2,2019,30.9,21.3,37.9,25,696
"1478",2,2019,28.6,19,41,19,712
"1479",2,2019,35.6,29,41,19.2,647
"1480",2,2019,37.4,30.7,53.1,21,547
"1481",2,2019,12.3,0.5,21,6.1,597
"1482",2,2019,16.9,8,23,6.1,609
"1483",2,2019,24.6,17.4,30,12.9,649
"1484",2,2019,18,8.1,27,10.9,595
"1485",3,2019,26.7,16,34,10.9,755
"1486",3,2019,29.1,21.4,34,23,664
"1487",3,2019,22.2,10.7,33.1,16,551
"1488",3,2019,5.2,-6.4,25,-2.9,544
"1489",3,2019,11.9,0.4,21,-2.9,542
"1490",3,2019,16.3,3.7,30,8.1,629
"1491",3,2019,22.7,10.7,30,9,610
"1492",3,2019,28,20.3,39,14,718
"1493",3,2019,33.5,27.4,41,21,617
"1494",3,2019,36.6,32.2,43,26.2,612
"1495",3,2019,32,19.2,41,27,700
"1496",3,2019,35.2,23.5,48.9,24.1,627
"1497",3,2019,44.9,36.8,57.9,24.3,688
"1498",3,2019,55.3,48.4,62.1,39.9,676
"1499",3,2019,38,33,44.1,35.1,735
"1500",3,2019,34.4,21.4,41,28,766
"1501",3,2019,34.8,21.9,43,28,612
"1502",3,2019,35.4,23.7,43,27,651
"1503",3,2019,38.7,24,48.9,27.1,644
"1504",3,2019,41.7,33.2,48.9,30.2,693
"1505",3,2019,39.8,34.8,44.1,35.6,689
"1506",3,2019,40.2,29.8,46,34,709
"1507",3,2019,36.5,24.9,53.1,25,690
"1508",3,2019,45.5,31.8,53.1,25.2,648
"1509",3,2019,36,25.6,50,33.1,639
"1510",3,2019,34.9,13.9,48,23,672
"1511",3,2019,41.8,17.3,59,23,698
"1512",3,2019,53.2,38.7,64.9,46.9,683
"1513",3,2019,46.7,32,64.9,37.9,675
"1514",3,2019,39.7,32.1,57,34,663
"1515",3,2019,30.7,14.6,45,23,636
"1516",4,2019,35,20.2,48.9,23,793
"1517",4,2019,44.7,30.6,55,26.2,657
"1518",4,2019,45.5,28.4,57.9,37,680
"1519",4,2019,46,38.1,57.9,37,663
"1520",4,2019,43.5,39.2,57,39,705
"1521",4,2019,51.7,44.3,66,39,743
"1522",4,2019,56.3,49.4,66.9,39,703
"1523",4,2019,61.2,46.7,73,51.1,744
"1524",4,2019,59.8,36.2,73,48,693
"1525",4,2019,40.5,30.7,66,34,659
"1526",4,2019,42.2,34.2,55.9,34,746
"1527",4,2019,47.9,35.4,55.9,37,780
"1528",4,2019,42.4,24.9,52,35.1,754
"1529",4,2019,36.8,29.9,52,32,536
"1530",4,2019,37.8,28.5,52,30.9,724
"1531",4,2019,56,41.8,72,48,708
"1532",4,2019,55,46.1,77,44.1,692
"1533",4,2019,58.5,50.3,77,44.1,628
"1534",4,2019,44.9,34.2,64.9,41,650
"1535",4,2019,49.5,20.7,64,36,730
"1536",4,2019,58.3,25.3,77,36,645
"1537",4,2019,68.1,42,80.1,44.1,736
"1538",4,2019,59.1,48.8,80.1,48.9,743
"1539",4,2019,52.7,38.4,64.9,42.1,702
"1540",4,2019,56.7,37.4,66.9,42.1,767
"1541",4,2019,55.6,38,66.9,46,762
"1542",4,2019,42.4,29.9,63,32,629
"1543",4,2019,39.1,27.2,52,30.9,606
"1544",4,2019,45.1,38,52,31.1,717
"1545",4,2019,44.4,42.6,51.1,37.9,729
"1546",5,2019,50,47.3,57.9,39,815
"1547",5,2019,44.3,42.4,57.9,41,698
"1548",5,2019,47.5,40.2,55,39.9,791
"1549",5,2019,49.5,38.1,63,37.9,699
"1550",5,2019,58.3,40.8,73,37.9,779
"1551",5,2019,59.3,47.7,73,46,792
"1552",5,2019,46.4,40,50,44.1,700
"1553",5,2019,50.1,38.7,66,43,759
"1554",5,2019,61.3,55.5,68,46,737
"1555",5,2019,49.6,38.2,66.9,44.1,798
"1556",5,2019,47.6,36.5,57.9,44.1,696
"1557",5,2019,46.2,37.5,53.1,42.1,631
"1558",5,2019,49.7,37.7,61,42.1,790
"1559",5,2019,54.3,37.1,71.1,41,720
"1560",5,2019,62.3,42.5,75,41,764
"1561",5,2019,66.3,54.8,77,50,740
"1562",5,2019,57.9,50,77,46,775
"1563",5,2019,55.7,47.4,80.1,44.1,757
"1564",5,2019,62.7,56.2,80.1,44.1,774
"1565",5,2019,53.3,43.1,73.9,46,810
"1566",5,2019,48.5,39.3,57,45,728
"1567",5,2019,61.4,50.1,82,50,772
"1568",5,2019,70.1,55.4,82,48.9,772
"1569",5,2019,62.3,51.8,73.9,54,847
"1570",5,2019,73.6,62.7,81,54,875
"1571",5,2019,70,57.6,81,63,827
"1572",5,2019,61.2,51.4,73.9,53.1,746
"1573",5,2019,64.5,60.1,73,53.1,747
"1574",5,2019,59.5,54.6,75,52,738
"1575",5,2019,66,57,78.1,52,746
"1576",5,2019,70.5,57.9,81,60.1,831
"1577",6,2019,71,60.3,81,61,922
"1578",6,2019,60.1,46.6,80.1,52,734
"1579",6,2019,57.8,38.2,70,48.9,706
"1580",6,2019,64.2,49.1,82,48.9,772
"1581",6,2019,74.4,63.8,82.9,55.9,790
"1582",6,2019,65.5,58.6,82.9,57,741
"1583",6,2019,66.2,57,78.1,55,823
"1584",6,2019,67,52.3,78.1,55,888
"1585",6,2019,68.8,57.7,75.9,57,805
"1586",6,2019,66.7,52.8,75,60.1,798
"1587",6,2019,68.8,43.8,82,57,776
"1588",6,2019,67.4,48.1,82,57,715
"1589",6,2019,57.9,47.6,71.1,51.1,701
"1590",6,2019,64.8,43.6,80.1,51.1,806
"1591",6,2019,66.5,56.9,80.1,52,832
"1592",6,2019,57,55,70,54,721
"1593",6,2019,59,52.6,66.9,54,752
"1594",6,2019,63.9,55.9,78.1,54,716
"1595",6,2019,66.6,56.3,78.1,54,808
"1596",6,2019,60,56.4,69.1,55.4,733
"1597",6,2019,62.8,48.8,72,52,779
"1598",6,2019,66.5,52.9,79,52,825
"1599",6,2019,73.1,62.8,81,57.9,809
"1600",6,2019,71.3,67.1,81,63,810
"1601",6,2019,72,59.1,84.9,62.1,784
"1602",6,2019,78.2,60.6,89.1,62.1,798
"1603",6,2019,77.2,65.5,89.1,68,750
"1604",6,2019,75.7,66,90,68,847
"1605",6,2019,78.4,66.9,90,69.1,864
"1606",6,2019,77.7,65.1,91,69.1,804
"1607",7,2019,77.1,67.5,91,69.1,909
"1608",7,2019,83.9,70,91.9,69.1,769
"1609",7,2019,77.6,68.7,91.9,69.1,807
"1610",7,2019,78.1,67.7,91,69.1,799
"1611",7,2019,81.4,69.1,91,70,891
"1612",7,2019,77.7,68.5,91,72,816
"1613",7,2019,70.2,58.1,82.9,64.9,775
"1614",7,2019,70.8,53.2,82.9,60.1,833
"1615",7,2019,74.2,57.5,88,60.1,743
"1616",7,2019,83.4,66.1,93.9,61,837
"1617",7,2019,77.5,61.6,93.9,70,765
"1618",7,2019,71.8,55.7,87.1,59,788
"1619",7,2019,81.9,63.2,93.9,59,893
"1620",7,2019,79.4,62.5,93.9,70,790
"1621",7,2019,81,65.1,91.9,70,822
"1622",7,2019,77.2,67.3,91.9,71.1,755
"1623",7,2019,80.5,70.7,91.9,71.1,803
"1624",7,2019,77.4,71.2,91.9,71.1,760
"1625",7,2019,85.5,75.7,93,73.9,802
"1626",7,2019,85,73.7,95,73,827
"1627",7,2019,73.6,66.4,78.1,68,774
"1628",7,2019,70.3,54.2,79,64.9,790
"1629",7,2019,69.9,54.3,80.1,62.1,787
"1630",7,2019,71.2,53.3,81,62.1,745
"1631",7,2019,73.3,51.3,84.9,62.1,800
"1632",7,2019,75.6,59,84.9,63,816
"1633",7,2019,79.7,62.4,89.1,66.9,826
"1634",7,2019,81.1,64.7,89.1,71.1,832
"1635",7,2019,77.3,67.1,89.1,70,815
"1636",7,2019,73.2,61.2,82,66.9,777
"1637",7,2019,68.6,55.6,78.1,59,713
"1638",8,2019,68.5,54.9,80.1,57,918
"1639",8,2019,72,57.1,82.9,57,882
"1640",8,2019,75.4,55.9,89.1,61,869
"1641",8,2019,78.7,61.5,89.1,63,842
"1642",8,2019,78.8,63.3,90,70,809
"1643",8,2019,76.1,63.5,90,66.9,783
"1644",8,2019,76.7,61.6,88,66,779
"1645",8,2019,79.1,59.6,88,66,820
"1646",8,2019,72.7,52,87.1,62.1,796
"1647",8,2019,74.2,55.9,86,62.1,800
"1648",8,2019,74.4,59.7,86,66.9,802
"1649",8,2019,76,69,84,68,709
"1650",8,2019,75.2,68.3,86,70,762
"1651",8,2019,71.9,64.8,86,66,793
"1652",8,2019,70.1,60.4,82.9,63,813
"1653",8,2019,71.8,60.1,84,63,774
"1654",8,2019,73.3,65.8,84,64,811
"1655",8,2019,73.5,67.1,82,66.9,759
"1656",8,2019,75.6,66,84.9,68,787
"1657",8,2019,74.3,69.8,84.9,68,732
"1658",8,2019,73.1,66.9,82.9,64.9,722
"1659",8,2019,71.4,60.1,82.9,64,754
"1660",8,2019,67.6,52.8,75.9,57.9,781
"1661",8,2019,66.8,52.5,75,57.9,818
"1662",8,2019,68.6,52.9,78.1,60.1,766
"1663",8,2019,70.2,63.1,78.1,61,730
"1664",8,2019,71.6,62.9,79,64.9,732
"1665",8,2019,68.2,52.1,79,59,752
"1666",8,2019,69.8,56.3,84,57.9,773
"1667",8,2019,69.6,52.7,84,57.9,766
"1668",8,2019,66.9,51.9,75,59,775
"1669",9,2019,66.9,60.3,75,62.1,890
"1670",9,2019,70,61.5,82,61,777
"1671",9,2019,72.3,65.1,82,61,680
"1672",9,2019,67.6,57,80.1,59,683
"1673",9,2019,63.9,52.2,73.9,55.9,649
"1674",9,2019,67.3,57.7,73.9,55.9,772
"1675",9,2019,66.3,55.9,78.1,55.9,737
"1676",9,2019,65.1,55.4,78.1,55.9,720
"1677",9,2019,66.5,58.5,75.9,62.1,778
"1678",9,2019,78,66.5,90,62.1,720
"1679",9,2019,80.5,70.4,90,71.1,750
"1680",9,2019,71.9,66.8,89.1,63,784
"1681",9,2019,72.7,65.4,78.1,64.9,817
"1682",9,2019,66.7,55.1,80.1,55.9,764
"1683",9,2019,70.6,62.7,80.1,55.9,784
"1684",9,2019,71.2,66.8,78.1,63,806
"1685",9,2019,69.3,63.2,78.1,64,781
"1686",9,2019,70.9,61,82,62.1,756
"1687",9,2019,72.2,58.8,82.9,62.1,789
"1688",9,2019,74.1,64.4,84,63,816
"1689",9,2019,75.1,67,84,68,757
"1690",9,2019,72.2,67.5,78.1,69.1,656
"1691",9,2019,66.7,57.7,77,59,766
"1692",9,2019,66.9,54.5,79,57.9,757
"1693",9,2019,70.3,55.9,79,57.9,713
"1694",9,2019,65.5,45.8,79,55.9,709
"1695",9,2019,63.3,49.2,72,55.9,668
"1696",9,2019,61.3,59.1,69.1,54,700
"1697",9,2019,60.9,57.9,66,53.1,713
"1698",9,2019,71.2,65.9,84.9,60.1,753
"1699",10,2019,78.6,67.3,86,64.9,880
"1700",10,2019,65.9,61.9,82.9,57.2,730
"1701",10,2019,60.7,56.3,69.1,57,730
"1702",10,2019,51.8,45.1,57,46,715
"1703",10,2019,54.6,46.3,63,45,723
"1704",10,2019,58.6,47.2,66.9,48,670
"1705",10,2019,58.6,43,69.1,48,746
"1706",10,2019,57.1,43.2,70,46,712
"1707",10,2019,59.8,44.3,70,46,734
"1708",10,2019,61.6,52.1,70,50,647
"1709",10,2019,59.7,55.2,69.1,42.1,728
"1710",10,2019,42.7,26.6,66.9,35.1,733
"1711",10,2019,45.4,31.9,54,36,697
"1712",10,2019,44.7,31.8,54,37,686
"1713",10,2019,50,40.6,62.6,41,744
"1714",10,2019,48.8,37,62.1,41,741
"1715",10,2019,46,36.4,54,41,676
"1716",10,2019,46.8,38.5,59,37.9,704
"1717",10,2019,53.4,40.4,68,37.9,717
"1718",10,2019,56.3,47.6,68,44.1,720
"1719",10,2019,56.2,50.9,66.9,48.2,712
"1720",10,2019,50,38.8,66.9,46,660
"1721",10,2019,47.5,33.7,57.9,39,700
"1722",10,2019,47.1,39,57.9,39.9,716
"1723",10,2019,44.5,34.1,50,42.1,751
"1724",10,2019,42.1,37.6,48.2,36,559
"1725",10,2019,48.6,42,57.9,36,701
"1726",10,2019,47.1,41.2,57.9,41,659
"1727",10,2019,40.3,36.3,48.9,35.1,635
"1728",10,2019,36.5,32.4,45,32,578
"1729",10,2019,33.4,31.7,41,30,589
"1730",11,2019,30.9,23.6,44.1,23,857
"1731",11,2019,38,31.3,44.1,23.2,664
"1732",11,2019,38.8,28.3,53.1,30,721
"1733",11,2019,47.6,34.7,53.1,30.2,672
"1734",11,2019,37.7,25.3,51.1,32,636
"1735",11,2019,38.6,24.7,55,30,661
"1736",11,2019,28.3,18.7,37,21.9,663
"1737",11,2019,23,8.1,32,16,680
"1738",11,2019,33.6,16.8,46,16,710
"1739",11,2019,40.6,30.9,46,27.1,652
"1740",11,2019,13.4,1.9,33.1,7,547
"1741",11,2019,15.7,3.7,25,7,578
"1742",11,2019,27.1,19.9,30,10.9,578
"1743",11,2019,27.1,20.2,37.9,21.9,757
"1744",11,2019,32.8,26.6,42.1,21.9,664
"1745",11,2019,32.9,26.6,42.1,26.1,701
"1746",11,2019,36.7,33.5,39.9,27.1,683
"1747",11,2019,37.2,32,41,34,686
"1748",11,2019,40.8,37.3,46.9,35.1,729
"1749",11,2019,46.5,41.9,54,37.9,662
"1750",11,2019,36,26.8,54,28.9,727
"1751",11,2019,31,25,39.9,24.1,702
"1752",11,2019,38,30.2,50,24.3,698
"1753",11,2019,44.5,36.3,53.1,32,694
"1754",11,2019,41.2,34.3,53.1,32,678
"1755",11,2019,44.4,39.6,55,33.1,637
"1756",11,2019,35.7,32.8,39.9,31.1,649
"1757",11,2019,37.3,34.2,39.9,33.1,663
"1758",12,2019,39.3,37.6,41,34,723
"1759",12,2019,31.7,26.5,41,28.9,709
"1760",12,2019,32.4,26.2,39.9,28.9,690
"1761",12,2019,36.7,28.1,43,29.1,746
"1762",12,2019,35.7,27.9,45,27,700
"1763",12,2019,38.5,29.6,45,29.1,736
"1764",12,2019,30.7,23.8,42.1,25,700
"1765",12,2019,38.5,30.7,46.9,25.2,671
"1766",12,2019,45.8,43.3,46.9,34,705
"1767",12,2019,22,13.2,46.9,14,675
"1768",12,2019,17.9,7.4,24.1,12.9,606
"1769",12,2019,28,18.2,45,12.9,656
"1770",12,2019,39.7,27.5,45,36,731
"1771",12,2019,32.8,28,45,27,682
"1772",12,2019,23.5,15.2,35.1,19,655
"1773",12,2019,26,20.1,30.2,24.1,624
"1774",12,2019,24.9,18.7,30,19,670
"1775",12,2019,19.9,7.4,28.9,10,653
"1776",12,2019,22.9,8.8,35.1,14,683
"1777",12,2019,29.9,24.6,41,15.1,726
"1778",12,2019,37.5,28.5,46.9,23.2,747
"1779",12,2019,39.7,30.6,52,33.1,680
"1780",12,2019,42,31.8,52,33.1,689
"1781",12,2019,39.8,35,55,30,624
"1782",12,2019,55.6,48,61,37,609
"1783",12,2019,36.9,31.7,61,32,693
"1784",12,2019,34.1,30,44.1,27,639
"1785",12,2019,51.9,49,57.2,44.1,689
"1786",12,2019,38.4,34.7,53.1,28.4,616
"1787",12,2019,26.3,20.8,30,24.1,549
