"","month","year","temp","dewp","max","min","sndp","NUM_CRIMES"
"1","Jan",2015,25.7,16,34,14,0,674
"2","Jan",2015,31.5,27,34,15.1,0,648
"3","Jan",2015,29,26.1,34,12.9,2,514
"4","Jan",2015,2.2,-7.4,12.9,-2.9,2,523
"5","Jan",2015,8.1,-0.5,18,-8,3.9,590
"6","Jan",2015,4.8,-3.9,19,-2,3.9,647
"7","Jan",2015,25.8,14.1,32,19,3.9,650
"8","Jan",2015,23.1,16.3,32,15.1,5.9,607
"9","Jan",2015,16.9,8.7,28,14,5.9,612
"10","Jan",2015,10.5,5.8,19,1,5.1,675
"11","Jan",2015,22,14.6,34,1,5.1,763
"12","Jan",2015,28.3,22.4,34,17.1,3.9,710
"13","Jan",2015,34.2,26.6,42.1,23,1.2,741
"14","Jan",2015,36.8,29.5,42.1,26.1,1.2,698
"15","Jan",2015,31.8,26.7,41,25,0,709
"16","Jan",2015,33.6,30.3,41,25,0,793
"17","Jan",2015,30.9,27.6,36,28.9,0,746
"18","Jan",2015,29.9,22.7,33.1,28,0,752
"19","Jan",2015,29.6,23,30.9,28,0,800
"20","Jan",2015,32.7,26.4,43,28.9,0,756
"21","Jan",2015,31.1,27.5,43,26.1,1.2,646
"22","Jan",2015,23.2,15.8,34,15.1,1.2,656
"23","Jan",2015,27.4,21.8,32,15.1,1.2,675
"24","Jan",2015,25.8,17.5,33.1,19,1.2,647
"25","Jan",2015,33.3,25.2,35.1,19,1.2,704
"26","Jan",2015,27,12.5,35.1,19,1.2,714
"27","Jan",2015,27,17.9,36,18,1.2,636
"28","Feb",2015,29.1,26.8,36,19,13,562
"29","Feb",2015,21.1,16.4,26.1,1.9,16.1,577
"30","Feb",2015,7.4,-3,25,-2,14.2,572
"31","Feb",2015,17.5,7.9,30.9,-2,14.2,696
"32","Feb",2015,29.1,24.3,41,12.9,9.8,679
"33","Feb",2015,36,33.1,41,18,7.9,615
"34","Feb",2015,25.6,22.3,39,24.1,7.1,607
"35","Feb",2015,24.8,16.8,33.1,14,5.9,629
"36","Feb",2015,30.6,22.8,35.1,14,5.9,606
"37","Feb",2015,15.9,3.6,35.1,8.1,5.1,611
"38","Feb",2015,11,1.8,21.9,5,5.1,632
"39","Feb",2015,18.6,8.5,27,5,5.1,597
"40","Feb",2015,4.5,-6.2,27,-2.9,5.1,552
"41","Feb",2015,11.8,-1.9,18,-2.9,5.1,539
"42","Feb",2015,16.5,6.6,19,5,5.1,597
"43","Feb",2015,3.3,-6.4,17.1,-8,5.1,651
"44","Feb",2015,21.7,12,30.9,16,5.1,652
"45","Feb",2015,21.4,10.8,32,10,5.1,593
"46","Feb",2015,4.2,-10.4,10.9,-4,5.1,572
"47","Feb",2015,11.3,-0.3,28.9,-4,5.1,628
"48","Feb",2015,21.1,7.5,28.9,3.9,5.1,572
"49","Feb",2015,16.8,10.2,26.1,10,9.8,518
"50","Feb",2015,6,-6.6,19,-2,9.1,638
"51","Feb",2015,6,-4.6,21,-9.9,7.9,545
"52","Mar",2015,18.3,12.8,25,10,7.9,759
"53","Mar",2015,21.3,10.5,33.1,10,7.9,658
"54","Mar",2015,28.2,22.2,34,12.9,7.9,636
"55","Mar",2015,24.1,14.5,34,16,7.1,562
"56","Mar",2015,11.6,-3.9,30.9,3,7.1,612
"57","Mar",2015,12.4,2,27,0,7.1,712
"58","Mar",2015,31.7,22,43,25,5.1,697
"59","Mar",2015,34.9,27.1,44.1,24.1,3.9,625
"60","Mar",2015,36.8,26.3,50,25,2,726
"61","Mar",2015,40.5,36.1,51.1,25,3.9,754
"62","Mar",2015,42.1,33.1,51.1,30,0,746
"63","Mar",2015,41.8,26.4,55.9,28,0,752
"64","Mar",2015,47,30.3,64.9,28,0,814
"65","Mar",2015,51,37.4,64.9,37,0,798
"66","Mar",2015,45.2,32,62.1,28.9,0,779
"67","Mar",2015,58,37.1,73,48.9,0,779
"68","Mar",2015,44.6,26.1,73,35.1,0,692
"69","Mar",2015,36.8,14.7,50,28,0,690
"70","Mar",2015,41.7,17.7,50,28,0,717
"71","Mar",2015,42.5,30.3,50,37,0,777
"72","Mar",2015,42.5,34.1,50,36,0,689
"73","Mar",2015,32.4,21.6,48.9,26.1,0,656
"74","Mar",2015,29.1,23.9,35.1,26.1,5.1,592
"75","Mar",2015,29.7,20.6,35.1,19,3.9,639
"76","Mar",2015,36.6,31.4,41,35.1,2,724
"77","Mar",2015,36.7,27.5,42.1,32,2,684
"78","Mar",2015,29,15.6,42.1,21.9,1.2,725
"79","Mar",2015,26.8,11.3,36,19.9,1.2,657
"80","Mar",2015,31.6,18.6,46.9,19.9,0,619
"81","Mar",2015,46,30.5,61,23.2,0,719
"82","Mar",2015,48.7,35.2,61,34,0,693
"83","Apr",2015,51.9,35.1,72,35.1,0,929
"84","Apr",2015,58.5,42.9,72,35.1,0,794
"85","Apr",2015,50.1,30.9,64.9,36,0,710
"86","Apr",2015,39.7,23.1,57.9,28,0,694
"87","Apr",2015,53.5,23.8,66,46,0,673
"88","Apr",2015,45.5,34.5,66,34,0,676
"89","Apr",2015,40.4,35.9,45,37.9,0,603
"90","Apr",2015,44.5,42.2,50,37.9,0,679
"91","Apr",2015,50.5,48.2,71.1,39.9,0,648
"92","Apr",2015,52.6,41.8,71.1,39.9,0,714
"93","Apr",2015,47.7,33.4,62.1,37.9,0,720
"94","Apr",2015,54.7,32.7,68,37.9,0,773
"95","Apr",2015,60.1,40.3,68,41,0,735
"96","Apr",2015,55.8,24.5,66,39,0,767
"97","Apr",2015,54,24.6,66,39,0,802
"98","Apr",2015,52.9,35.9,66,43,0,688
"99","Apr",2015,60.2,44.3,78.1,45,0,785
"100","Apr",2015,59.6,42.6,78.1,45,0,769
"101","Apr",2015,55.6,34.7,68,46.9,0,703
"102","Apr",2015,48.6,44.4,68,44.1,0,743
"103","Apr",2015,44.3,29,54,39,0,663
"104","Apr",2015,39.7,23.7,54,34,0,682
"105","Apr",2015,42.3,21.3,55,32,0,731
"106","Apr",2015,44.2,23,57,28.9,0,761
"107","Apr",2015,43.5,37.2,57,28.9,0,695
"108","Apr",2015,44.8,28.7,55.9,35.1,0,718
"109","Apr",2015,46.3,30.2,55.9,35.1,0,721
"110","Apr",2015,46.3,33.7,57.9,35.1,0,719
"111","Apr",2015,49.7,34.3,61,35.1,0,766
"112","Apr",2015,45.6,33.9,61,37.9,0,666
"113","May",2015,62.1,38.1,75.9,37.9,0,687
"114","May",2015,67.4,42.6,78.1,50,0,745
"115","May",2015,65.1,54.6,78.1,55,0,779
"116","May",2015,52.1,45.6,73.9,48,0,697
"117","May",2015,55.6,50.9,77,46,0,739
"118","May",2015,66.9,52,82.9,46,0,826
"119","May",2015,71.1,60.7,82.9,52,0,807
"120","May",2015,59.5,56.2,81,52,0,685
"121","May",2015,48.5,45.8,64,45,0,741
"122","May",2015,56.4,52.7,68,44.6,0,749
"123","May",2015,52,39.5,68,46.9,0,757
"124","May",2015,47.6,34.7,55.9,39.9,0,768
"125","May",2015,52.2,38.8,66,39.9,0,755
"126","May",2015,63.2,56.8,75.9,43,0,822
"127","May",2015,69,62.5,79,57,0,882
"128","May",2015,72.3,65,82,62.1,0,836
"129","May",2015,72.1,58.3,82,63,0,758
"130","May",2015,50.4,36.9,77,46,0,708
"131","May",2015,43.5,30.2,53.1,39,0,730
"132","May",2015,51.8,37.7,69.1,39,0,745
"133","May",2015,58.8,35.1,69.1,45,0,824
"134","May",2015,61.8,35.6,80.1,46,0,798
"135","May",2015,66.1,49.3,80.1,46,0,687
"136","May",2015,70.4,62.1,78.1,59,0,708
"137","May",2015,70.6,62.5,78.1,64,0,770
"138","May",2015,68.4,59.1,73.9,64,0,738
"139","May",2015,69.5,54.3,82,54,0,800
"140","May",2015,72.1,60.3,82,54,0,828
"141","May",2015,64.4,58.8,80.1,46.4,0,719
"142","May",2015,47.5,39.5,54,42.1,0,666
"143","Jun",2015,55.5,40.1,70,42.1,0,772
"144","Jun",2015,62.3,49.2,77,42.1,0,778
"145","Jun",2015,68.2,56.7,81,50,0,721
"146","Jun",2015,65.3,56.7,80.1,55.4,0,786
"147","Jun",2015,60.1,50,70,51.8,0,758
"148","Jun",2015,65.7,57.7,81,52,0,739
"149","Jun",2015,73.1,63.8,84,55,0,682
"150","Jun",2015,69.7,56.2,84.9,60.1,0,732
"151","Jun",2015,80.2,62.3,91.9,60.1,0,793
"152","Jun",2015,68.9,57,75.9,63,0,804
"153","Jun",2015,61.5,59,72,57.9,0,828
"154","Jun",2015,66.1,60.5,84.9,55.4,0,813
"155","Jun",2015,73.3,67.9,86,55.9,0,795
"156","Jun",2015,74.8,69.9,82.9,68,0,739
"157","Jun",2015,68.6,58.7,80.1,64,0,847
"158","Jun",2015,61.3,51,72,55.9,0,722
"159","Jun",2015,71.6,65.4,79,55.9,0,768
"160","Jun",2015,60.8,50.8,79,54,0,774
"161","Jun",2015,62.8,53.5,78.1,53.1,0,766
"162","Jun",2015,73.5,64.7,84,53.1,0,783
"163","Jun",2015,75.2,69.2,84,66,0,780
"164","Jun",2015,75.3,59.3,82.9,66,0,732
"165","Jun",2015,70.2,56.5,82,60.1,0,728
"166","Jun",2015,70.7,64,79,60.1,0,784
"167","Jun",2015,63.1,58.8,79,60.1,0,784
"168","Jun",2015,64,52.1,75.9,55.9,0,723
"169","Jun",2015,67.5,51,79,54,0,797
"170","Jun",2015,68.1,61.6,79,54,0,752
"171","Jun",2015,68.1,61.4,77,62.1,0,749
"172","Jul",2015,60.7,52.7,69.1,55.4,0,889
"173","Jul",2015,59.3,51.8,69.1,53.1,0,757
"174","Jul",2015,64.2,51.9,77,53.1,0,768
"175","Jul",2015,69.7,54.4,81,55,0,845
"176","Jul",2015,72.4,58.4,82.9,59,0,898
"177","Jul",2015,74.2,64.9,84.9,60.1,0,757
"178","Jul",2015,67.3,58.1,84.9,57,0,701
"179","Jul",2015,59.7,50.2,71.1,54,0,718
"180","Jul",2015,63.6,56,77,54,0,672
"181","Jul",2015,69,56.5,82.9,57.9,0,739
"182","Jul",2015,70.4,57.8,82.9,59,0,798
"183","Jul",2015,73.6,65.6,82.9,61,0,801
"184","Jul",2015,75.7,68.2,86,68,0,782
"185","Jul",2015,76.2,66.4,86,68,0,711
"186","Jul",2015,65.8,53.1,82.9,59,0,795
"187","Jul",2015,66,56.4,75,57.9,0,673
"188","Jul",2015,77.3,70.9,91.9,57.9,0,825
"189","Jul",2015,78.7,71.4,91.9,71.1,0,776
"190","Jul",2015,79.4,69.6,89.1,73,0,764
"191","Jul",2015,74.5,62,84.9,63,0,778
"192","Jul",2015,74.9,58.2,84.9,63,0,777
"193","Jul",2015,73.6,55.9,82.9,64,0,774
"194","Jul",2015,74.4,56.6,84.9,63,0,810
"195","Jul",2015,75.2,60.1,84.9,63,0,867
"196","Jul",2015,79.5,67.1,91,64,0,832
"197","Jul",2015,74.7,65.5,91,64,0,802
"198","Jul",2015,77.2,64,88,64,0,835
"199","Jul",2015,79.4,66.6,91,66.9,0,767
"200","Jul",2015,81.3,66,91,66.9,0,764
"201","Jul",2015,77.1,55.3,88,64.9,0,775
"202","Jul",2015,78.2,56.4,88,64.9,0,782
"203","Aug",2015,79.6,65.4,91,64,0,822
"204","Aug",2015,75.7,60.1,91,66.9,0,729
"205","Aug",2015,72.2,53.5,82,61,0,761
"206","Aug",2015,72.7,55.6,82,61,0,772
"207","Aug",2015,73.3,60.6,82.9,61,0,809
"208","Aug",2015,73.2,59.3,82.9,63,0,839
"209","Aug",2015,75.3,62.6,82.9,63,0,849
"210","Aug",2015,71.8,65.9,82,66.9,0,745
"211","Aug",2015,75.1,67.7,84,66.9,0,809
"212","Aug",2015,72.9,62.3,84,64.9,0,791
"213","Aug",2015,71.2,56.8,82,61,0,760
"214","Aug",2015,73.8,60.4,84.9,61,0,784
"215","Aug",2015,78.2,66.1,90,64.9,0,808
"216","Aug",2015,76.6,66.7,91.9,66.9,0,826
"217","Aug",2015,78.7,69.1,91.9,66.9,0,865
"218","Aug",2015,78.6,67.1,89.1,68,0,741
"219","Aug",2015,73.6,66.8,88,66.9,0,762
"220","Aug",2015,71.7,63.2,82.9,66.9,0,793
"221","Aug",2015,64.8,52.9,75,59,0,839
"222","Aug",2015,68.7,53,82,55,0,858
"223","Aug",2015,72.1,56.7,82,55,0,845
"224","Aug",2015,71.5,58.6,81,60.1,0,806
"225","Aug",2015,65,49,77,55,0,724
"226","Aug",2015,63.4,48.2,75,55,0,767
"227","Aug",2015,61.9,52.4,72,55.9,0,792
"228","Aug",2015,63.1,52.3,75.9,51.1,0,764
"229","Aug",2015,65.5,56.8,75.9,51.1,0,806
"230","Aug",2015,67.6,63.2,72,55.9,0,761
"231","Aug",2015,68.4,63.9,77,63,0,800
"232","Aug",2015,71,64.2,84.9,60.1,0,745
"233","Sep",2015,80.3,69.4,90,68,0,801
"234","Sep",2015,81,68.3,91,72,0,875
"235","Sep",2015,74.4,66.8,91,68,0,815
"236","Sep",2015,75.4,67.3,87.1,68,0,767
"237","Sep",2015,79.9,66.6,91.9,69.1,0,818
"238","Sep",2015,81.5,66.9,91.9,70,0,808
"239","Sep",2015,77,69.6,88,70,0,717
"240","Sep",2015,70.2,60.4,81,66,0,711
"241","Sep",2015,64,56,77,54,0,659
"242","Sep",2015,61.9,56.5,73.9,54,0,691
"243","Sep",2015,57.6,45.8,66.9,52,0,724
"244","Sep",2015,58.1,44.5,70,48,0,734
"245","Sep",2015,65.3,48.8,82,48,0,791
"246","Sep",2015,72.9,53.9,82,52,0,813
"247","Sep",2015,70.5,52.8,82.9,55.9,0,766
"248","Sep",2015,71.7,58.5,84.9,55.9,0,717
"249","Sep",2015,72,67.2,84.9,61,0,791
"250","Sep",2015,65.5,57.4,73.9,57,0,792
"251","Sep",2015,60.4,48.6,73,50,0,811
"252","Sep",2015,62.1,49.4,73.9,50,0,735
"253","Sep",2015,64.6,51.5,80.1,52,0,777
"254","Sep",2015,68.2,52.1,80.1,53.1,0,833
"255","Sep",2015,66.7,56.6,80.1,55.9,0,718
"256","Sep",2015,65.5,59.6,75.9,55.9,0,811
"257","Sep",2015,67,58.5,75,60.1,0,792
"258","Sep",2015,67.4,59.5,75,60.1,0,802
"259","Sep",2015,69.6,63.6,77,61,0,753
"260","Sep",2015,64.4,59.6,77,57,0,670
"261","Sep",2015,56.7,44.1,68,53.1,0,678
"262","Oct",2015,55.2,42.4,61,52,0,889
"263","Oct",2015,55,41.7,60.1,51.1,0,799
"264","Oct",2015,52.1,39.6,60.1,48,0,709
"265","Oct",2015,51.9,47.4,57,48,0,654
"266","Oct",2015,57,53.8,60.1,50,0,755
"267","Oct",2015,60.2,53.8,71.1,55,0,752
"268","Oct",2015,62,54.9,71.1,55,0,718
"269","Oct",2015,61.7,52.4,77,50,0,701
"270","Oct",2015,60.4,52.1,77,50,0,795
"271","Oct",2015,53.2,43.7,64.9,42.1,0,729
"272","Oct",2015,61.5,46.7,79,42.1,0,735
"273","Oct",2015,67.1,48.6,79,51.1,0,732
"274","Oct",2015,55.7,41.3,75,48.9,0,741
"275","Oct",2015,52.3,39.3,63,42.1,0,764
"276","Oct",2015,54.8,36.3,69.1,42.1,0,816
"277","Oct",2015,48.9,30,69.1,42.1,0,734
"278","Oct",2015,42.5,23.1,55,33.1,0,706
"279","Oct",2015,44.6,26.8,60.1,33.1,0,675
"280","Oct",2015,54.9,30.7,73,33.1,0,788
"281","Oct",2015,63.7,37.7,73.9,45,0,785
"282","Oct",2015,62.7,51.9,75,52,0,794
"283","Oct",2015,59.8,48.8,75,52,0,774
"284","Oct",2015,55,44.5,62.1,51.1,0,777
"285","Oct",2015,61.8,57.9,66,52,0,765
"286","Oct",2015,51.3,39.1,66,41,0,728
"287","Oct",2015,49.2,38.7,62.1,37,0,781
"288","Oct",2015,53.2,42.9,61,37,0,651
"289","Oct",2015,52.7,50.5,55.9,44.1,0,682
"290","Oct",2015,40.6,32.8,55.9,36,0,669
"291","Oct",2015,45.5,37,55.9,36,0,776
"292","Oct",2015,46.8,42.1,55.9,36,0,721
"293","Nov",2015,57.9,43.4,72,44.1,0,785
"294","Nov",2015,58.4,47.9,72,44.1,0,749
"295","Nov",2015,57.5,54.5,71.1,44.1,0,791
"296","Nov",2015,63.8,56.8,71.1,48,0,755
"297","Nov",2015,55.5,48.3,70,44.1,0,747
"298","Nov",2015,44.3,34.5,64.9,36,0,691
"299","Nov",2015,40.8,28.1,53.1,28,0,705
"300","Nov",2015,41.7,28.2,55.9,28,0,684
"301","Nov",2015,45.1,32.3,55.9,28.9,0,640
"302","Nov",2015,47.9,36.8,63,32,0,688
"303","Nov",2015,48.4,42,63,36,0,693
"304","Nov",2015,41.7,27.6,55.9,35.1,0,679
"305","Nov",2015,38.9,26.1,57,25,0,696
"306","Nov",2015,52.5,33.5,64,44.1,0,722
"307","Nov",2015,51.6,35.8,64,43,0,744
"308","Nov",2015,51,48,57.9,43,0,668
"309","Nov",2015,58.4,50.7,62.1,46.9,0,683
"310","Nov",2015,44.6,31.7,62.1,37.9,0,696
"311","Nov",2015,35.9,17.5,48,30.9,0,714
"312","Nov",2015,31.9,29.5,39.9,27,9.1,528
"313","Nov",2015,19.1,13.2,33.1,7,5.9,520
"314","Nov",2015,28.4,22,37,7,5.1,650
"315","Nov",2015,31.6,26.8,41,21,3.9,607
"316","Nov",2015,38.3,30.9,48.9,21,3.1,620
"317","Nov",2015,52,46.4,60.1,48,3.9,589
"318","Nov",2015,45.5,42.5,60.1,34,0,613
"319","Nov",2015,34.7,28.5,37.9,32,0,658
"320","Nov",2015,32.7,25.7,41,25,0,612
"321","Nov",2015,40.1,31.7,44.1,25,0,668
"322","Dec",2015,41.6,36,44.1,37.9,0,797
"323","Dec",2015,34.8,31,39.9,30.2,0,716
"324","Dec",2015,33,28.4,37.9,30,0,710
"325","Dec",2015,36.6,32.2,46.9,30,0,700
"326","Dec",2015,35.8,32.1,46.9,28.9,0,707
"327","Dec",2015,35.8,31.6,46.9,27,0,687
"328","Dec",2015,33.7,32,46.9,27,0,689
"329","Dec",2015,40,36.6,46,27,0,733
"330","Dec",2015,46,40.7,52,37.9,0,685
"331","Dec",2015,48.3,38.4,57,39.9,0,690
"332","Dec",2015,45.9,35.1,57,41,0,742
"333","Dec",2015,49.7,45.2,57,41,0,752
"334","Dec",2015,55,52.9,61,46.4,0,652
"335","Dec",2015,54.7,51.1,61,46,0,739
"336","Dec",2015,41.3,35.8,61,39,0,793
"337","Dec",2015,43.3,38.4,53.1,39,0,722
"338","Dec",2015,33.4,24,53.1,28.9,0,728
"339","Dec",2015,27.7,17.1,32,24.8,0,653
"340","Dec",2015,23.3,12.8,32,15.1,0,666
"341","Dec",2015,34.2,23,50,15.1,0,693
"342","Dec",2015,46.3,40.1,52,42.1,0,650
"343","Dec",2015,39.3,37.3,52,35.1,0,694
"344","Dec",2015,47.1,45.5,59,35.1,0,754
"345","Dec",2015,42.1,34.5,59,34,0,675
"346","Dec",2015,39.1,34.8,44.1,32,0,640
"347","Dec",2015,38.4,36,42.8,35.1,0,627
"348","Dec",2015,33.5,27.4,36,30.2,2,516
"349","Dec",2015,33.5,31.1,39,30,1.2,624
"350","Dec",2015,28.8,23.6,39,27,2,603
"351","Dec",2015,27,21.3,0,0,2,611
"352","Jan",2016,27,19.4,32,19,1.2,576
"353","Jan",2016,26.8,19.3,32,21.9,1.2,618
"354","Jan",2016,26.9,18.5,30.9,21.9,1.2,626
"355","Jan",2016,25.5,17,33.1,17.1,1.2,627
"356","Jan",2016,28.3,20.9,36,17.1,1.2,628
"357","Jan",2016,36,26.4,41,21.2,1.2,707
"358","Jan",2016,38.5,34.2,42.1,34,1.2,743
"359","Jan",2016,37.1,36.6,42.1,32,1.2,650
"360","Jan",2016,19,14.2,39.9,6.1,1.2,597
"361","Jan",2016,5.1,-1.6,23,-0.9,1.2,513
"362","Jan",2016,14,7.1,24.1,-0.9,3.1,548
"363","Jan",2016,6.7,-0.8,21,-2,2,654
"364","Jan",2016,30.6,23.7,42.1,21,1.2,734
"365","Jan",2016,39.9,35.4,44.1,24.3,2,734
"366","Jan",2016,28.4,21.3,43,24.1,0,652
"367","Jan",2016,7.5,-3,30,1,0,537
"368","Jan",2016,0.6,-9.9,9,-4,0,515
"369","Jan",2016,5.8,-4.7,17.1,-4,0,610
"370","Jan",2016,16.7,9.2,23,0,1.2,619
"371","Jan",2016,19,12.8,28.9,9,1.2,634
"372","Jan",2016,23.7,18.3,30.2,18,0,701
"373","Jan",2016,27.8,21,33.1,19,0,722
"374","Jan",2016,27.1,19,34,24.1,0,675
"375","Jan",2016,30.6,25.2,39.9,24.1,0,744
"376","Jan",2016,32.7,28.5,41,24.3,0,640
"377","Jan",2016,27.6,17.5,37,23,0,669
"378","Jan",2016,34.1,26.7,39,23,0,751
"379","Jan",2016,28.3,14.4,39,19.9,0,746
"380","Jan",2016,37.5,29.1,46,21.9,0,743
"381","Jan",2016,42.2,38.5,48,35.1,0,665
"382","Feb",2016,36,31.1,48,30.9,0,853
"383","Feb",2016,34.5,31.6,45,30,0,614
"384","Feb",2016,35.6,33.4,37.4,30.9,0,682
"385","Feb",2016,26.7,18,37,19,0,670
"386","Feb",2016,28.9,20.8,34,21,0,660
"387","Feb",2016,30.5,23.1,41,24.1,0,695
"388","Feb",2016,37.6,29.1,43,25,0,617
"389","Feb",2016,30.9,24.9,43,27,0,570
"390","Feb",2016,19.3,12.6,32,15.1,1.2,545
"391","Feb",2016,13.6,3.4,21,9,1.2,565
"392","Feb",2016,13,0.2,21,7,1.2,582
"393","Feb",2016,19.1,6.3,23,7,0,647
"394","Feb",2016,9.4,-7.7,23,1.9,0,597
"395","Feb",2016,13.9,2.2,18,3,2,514
"396","Feb",2016,20.7,17.9,27,9,2,553
"397","Feb",2016,27.5,21.9,33.1,18,1.2,625
"398","Feb",2016,28.4,20.3,34,23,1.2,641
"399","Feb",2016,29.6,21.5,42.1,21,1.2,681
"400","Feb",2016,47.5,35.3,62.1,39,0,775
"401","Feb",2016,49.1,32,62.1,41,0,702
"402","Feb",2016,39.6,31.6,57,35.1,0,707
"403","Feb",2016,35.1,27.1,44.1,26.1,0,639
"404","Feb",2016,35.6,26.1,45,26.1,0,630
"405","Feb",2016,34.8,27.3,45,26.2,2,578
"406","Feb",2016,33.4,23.9,37,30.2,1.2,699
"407","Feb",2016,31.1,16.4,37,24.1,0,740
"408","Feb",2016,36.7,24.3,54,26.1,0,692
"409","Feb",2016,51.7,36,61,46,0,624
"410","Feb",2016,40.8,30.6,62.1,32,0,646
"411","Mar",2016,28.3,23.2,33.1,21,1.2,817
"412","Mar",2016,20.6,6.8,32,10.9,1.2,608
"413","Mar",2016,30.1,24.1,33.8,27,1.2,617
"414","Mar",2016,30.1,19.1,39,19.9,1.2,704
"415","Mar",2016,33.5,28.4,39,19.9,1.2,700
"416","Mar",2016,38.8,29.1,52,29.1,1.2,714
"417","Mar",2016,51.3,39.9,63,34,0,795
"418","Mar",2016,61.8,49.6,70,46,0,723
"419","Mar",2016,61.1,55.1,70,57,0,679
"420","Mar",2016,49,40.9,63,45,0,716
"421","Mar",2016,42.7,34.4,55,34,0,733
"422","Mar",2016,43.3,36.6,59,33.1,0,746
"423","Mar",2016,46.8,42.8,59,33.1,0,628
"424","Mar",2016,46.9,44.1,54,42.8,0,684
"425","Mar",2016,49.5,45.2,57.9,43,0,713
"426","Mar",2016,52.6,42.1,57.9,46,0,745
"427","Mar",2016,47.4,29.3,55.9,39.9,0,738
"428","Mar",2016,41.3,27.6,55.9,32,0,791
"429","Mar",2016,38.5,30.4,48.9,33.1,0,699
"430","Mar",2016,36.8,25.7,46,30,0,685
"431","Mar",2016,38.4,23.6,48.9,28,0,699
"432","Mar",2016,47.8,31.3,63,37,0,722
"433","Mar",2016,41.6,35.3,57.9,37.4,0,686
"434","Mar",2016,37.1,35.9,42.1,33.1,0,677
"435","Mar",2016,34.5,26.5,48,28,0,717
"436","Mar",2016,40.1,31.9,54,29.1,0,735
"437","Mar",2016,46.9,37.8,63,31.1,0,631
"438","Mar",2016,45.1,36.9,63,36,0,741
"439","Mar",2016,43.7,31.2,57.9,30.9,0,739
"440","Mar",2016,48.9,35,62.1,31.1,0,716
"441","Mar",2016,59.8,54.5,66.9,42.1,0,754
"442","Apr",2016,44.9,37,66.9,39.9,0,826
"443","Apr",2016,35.2,25.1,42.1,30.2,0,651
"444","Apr",2016,40.1,21.6,0,27,0,706
"445","Apr",2016,40.6,28.5,0,30.2,0,660
"446","Apr",2016,33.5,18.2,45,24.1,0,677
"447","Apr",2016,44.5,37.6,48.9,41,0,660
"448","Apr",2016,40,33.8,50,33.1,0,742
"449","Apr",2016,36.9,27.7,41,32,0,626
"450","Apr",2016,30,15.1,41,21.9,1.2,689
"451","Apr",2016,37.1,27.1,46.9,21.9,0,704
"452","Apr",2016,47.7,38.8,51.1,33.1,0,676
"453","Apr",2016,39.7,21.5,51.1,30,0,701
"454","Apr",2016,42.7,26.8,55.9,30.2,0,715
"455","Apr",2016,47.7,29,61,34,0,691
"456","Apr",2016,53.5,31.7,68,37,0,811
"457","Apr",2016,57.6,38.4,75.9,41,0,734
"458","Apr",2016,62.5,39.5,79,41,0,708
"459","Apr",2016,65.7,39.7,82.9,45,0,738
"460","Apr",2016,54,40.6,82.9,46,0,703
"461","Apr",2016,58.1,41.6,71.1,46,0,690
"462","Apr",2016,61.6,52.8,71.1,55.9,0,714
"463","Apr",2016,51.2,44,70,44.1,0,731
"464","Apr",2016,47.6,37.8,60.1,37.9,0,694
"465","Apr",2016,56.2,42.6,78.1,37.9,0,756
"466","Apr",2016,69,52,81,57.9,0,758
"467","Apr",2016,53.4,46,82.9,42.1,0,693
"468","Apr",2016,44,38.4,46.9,41,0,661
"469","Apr",2016,44.9,40.7,50,41,0,731
"470","Apr",2016,44.3,39.9,51.1,41,0,719
"471","Apr",2016,44.8,39.9,51.1,42.1,0,605
"472","May",2016,45.2,43.6,48.9,42.1,0,820
"473","May",2016,49.3,38.7,59,42.1,0,757
"474","May",2016,52.8,36,66.9,39.9,0,735
"475","May",2016,52.3,40.3,66.9,39.9,0,682
"476","May",2016,48.8,36.7,61,41,0,701
"477","May",2016,59.2,41.2,82,41,0,794
"478","May",2016,64.6,42.6,82,42.1,0,742
"479","May",2016,55,31.3,71.1,41,0,729
"480","May",2016,55.9,43.4,71.1,41,0,732
"481","May",2016,54.2,52.9,63,50,0,713
"482","May",2016,58.2,55.3,69.1,51.1,0,758
"483","May",2016,61.2,56.3,70,51.1,0,690
"484","May",2016,57.6,44.5,70,48,0,808
"485","May",2016,46.3,37,66,41,0,723
"486","May",2016,45,28.4,55,35.1,0,739
"487","May",2016,55.7,34.6,70,35.1,0,782
"488","May",2016,54.3,41.7,70,46,0,692
"489","May",2016,52,36.4,64.9,41,0,801
"490","May",2016,55.2,35.1,69.1,39,0,764
"491","May",2016,58.5,37.3,69.1,39,0,805
"492","May",2016,62.5,35.9,75,44.1,0,792
"493","May",2016,66.2,41.2,77,53.1,0,750
"494","May",2016,66.1,43.9,81,48,0,782
"495","May",2016,71.9,46.9,86,48,0,803
"496","May",2016,75.9,59.7,86,60.1,0,721
"497","May",2016,71.1,64.1,86,62.1,0,767
"498","May",2016,74.2,64.9,82.9,62.1,0,800
"499","May",2016,73,64.9,81,66,0,791
"500","May",2016,71.8,61.1,81,63,0,798
"501","May",2016,74.5,57.5,87.1,63,0,820
"502","May",2016,72.6,56.4,87.1,63,0,756
"503","Jun",2016,68.1,62.4,82.9,63,0,937
"504","Jun",2016,70.1,54,79,57,0,800
"505","Jun",2016,70.1,53.3,84,55,0,822
"506","Jun",2016,68.8,58.4,84,55,0,827
"507","Jun",2016,68.2,58.3,79,61,0,777
"508","Jun",2016,71.2,54.2,82,59,0,792
"509","Jun",2016,63.3,47.9,82,55.9,0,754
"510","Jun",2016,60.7,47.3,70,51.1,0,744
"511","Jun",2016,61,50.9,72,52,0,727
"512","Jun",2016,73.8,63.2,90,53.1,0,765
"513","Jun",2016,82.4,63.1,91,63,0,816
"514","Jun",2016,71.4,49.1,91,62.1,0,852
"515","Jun",2016,67.9,47.8,86,54,0,794
"516","Jun",2016,74.1,58.5,87.1,54,0,835
"517","Jun",2016,78.4,68.2,90,64,0,790
"518","Jun",2016,74.4,62.5,90,66,0,821
"519","Jun",2016,70.8,54.8,84.9,61,0,830
"520","Jun",2016,74.3,51.2,87.1,57.9,0,763
"521","Jun",2016,77.7,56,89.1,57.9,0,811
"522","Jun",2016,83.4,65.5,91.9,78.1,0,857
"523","Jun",2016,75.5,50.7,93,64,0,825
"524","Jun",2016,71.8,58.6,84,64,0,749
"525","Jun",2016,70.3,65.6,78.1,66.2,0,801
"526","Jun",2016,70.9,56.8,82,62.1,0,807
"527","Jun",2016,76.7,61.4,89.1,62.1,0,813
"528","Jun",2016,81.3,68.7,90,64.9,0,775
"529","Jun",2016,79.6,60,90,69.1,0,771
"530","Jun",2016,68.2,53.5,90,63,0,767
"531","Jun",2016,66.8,50.2,81,55,0,804
"532","Jun",2016,69.4,50.6,81,55,0,847
"533","Jul",2016,65.5,47.8,75.9,54,0,756
"534","Jul",2016,68,51.4,77,54,0,782
"535","Jul",2016,70.8,60.1,79,55,0,848
"536","Jul",2016,75.5,64.5,87.1,66,0,895
"537","Jul",2016,77.4,66.9,88,66,0,742
"538","Jul",2016,76.8,68.8,88,66.9,0,790
"539","Jul",2016,75.9,66.7,86,68,0,790
"540","Jul",2016,73.1,58.9,86,64.9,0,729
"541","Jul",2016,72.4,56.5,82,60.1,0,760
"542","Jul",2016,78.3,65.6,90,60.1,0,701
"543","Jul",2016,81.1,69.3,90,69.1,0,780
"544","Jul",2016,77.8,68.9,88,68,0,726
"545","Jul",2016,76,64.1,88,66.9,0,769
"546","Jul",2016,70.8,58.2,88,64,0,846
"547","Jul",2016,67.3,56.1,77,57,0,780
"548","Jul",2016,70.5,59.4,82.9,57,0,789
"549","Jul",2016,78.6,67.1,88,61,0,799
"550","Jul",2016,78.6,62.9,91,68,0,791
"551","Jul",2016,78.8,65.7,91,68,0,825
"552","Jul",2016,81,72.2,91,69.1,0,785
"553","Jul",2016,79.2,70.9,91,72,0,792
"554","Jul",2016,84.6,74.6,91,72,0,814
"555","Jul",2016,78.5,72.6,93,70,0,790
"556","Jul",2016,79,66.4,93,71.1,0,827
"557","Jul",2016,78.9,63.5,89.1,69.1,0,877
"558","Jul",2016,79.3,63.2,89.1,68,0,795
"559","Jul",2016,76.8,67.2,89.1,68,0,774
"560","Jul",2016,73.2,68.8,84,70,0,802
"561","Jul",2016,72.3,65.6,81,70,0,927
"562","Jul",2016,72.7,63.9,81,64.9,0,813
"563","Aug",2016,74.7,64.9,84,64.9,0,882
"564","Aug",2016,77.2,65.7,87.1,64.9,0,793
"565","Aug",2016,79.6,66.1,90,66.9,0,772
"566","Aug",2016,80.7,65.4,91,69.1,0,793
"567","Aug",2016,78.2,67.7,91,70,0,862
"568","Aug",2016,75.7,60.1,86,66,0,828
"569","Aug",2016,74.7,59,87.8,62.1,0,838
"570","Aug",2016,76.9,61,84,72,0,804
"571","Aug",2016,77.7,60.8,88,66.9,0,725
"572","Aug",2016,80.4,65.5,89.1,66.9,0,722
"573","Aug",2016,81.7,68.7,91.9,69.1,0,852
"574","Aug",2016,79.9,72.8,91.9,73,0,746
"575","Aug",2016,77,71.3,82.9,73.4,0,827
"576","Aug",2016,76.7,63.7,87.1,64.9,0,843
"577","Aug",2016,74.5,66.1,87.1,64.9,0,843
"578","Aug",2016,76.5,67.1,88,66.9,0,816
"579","Aug",2016,77,65.6,88,70,0,862
"580","Aug",2016,76.9,69,88,70,0,767
"581","Aug",2016,75.3,66.2,84.9,66,0,793
"582","Aug",2016,74.7,68.4,84,66,0,844
"583","Aug",2016,66.4,55.3,80.1,57.9,0,786
"584","Aug",2016,67.1,52,78.1,55.9,0,728
"585","Aug",2016,70.5,58.1,81,55.9,0,753
"586","Aug",2016,74.9,66.5,84,60.1,0,823
"587","Aug",2016,76.4,69,84.9,70,0,770
"588","Aug",2016,72.4,61.3,84.9,66,0,803
"589","Aug",2016,73.6,67.2,84,66,0,819
"590","Aug",2016,76.9,69.4,84,66.9,0,805
"591","Aug",2016,75.7,69.3,86,70,0,884
"592","Aug",2016,75.6,70.6,86,70,0,755
"593","Aug",2016,72.9,62.5,84,68,0,780
"594","Sep",2016,67.6,55.3,73.9,62.1,0,799
"595","Sep",2016,67.9,56,75.9,55.9,0,830
"596","Sep",2016,69,57.6,80.1,55.9,0,779
"597","Sep",2016,73.2,62.4,87.1,59,0,822
"598","Sep",2016,82.2,71.6,91,62.1,0,761
"599","Sep",2016,82.5,72.4,91,75,0,723
"600","Sep",2016,76.3,70,89.1,71.1,0,795
"601","Sep",2016,73.8,66.4,82,63,0,818
"602","Sep",2016,68.8,59.9,81,63,0,767
"603","Sep",2016,64.7,51.4,75.9,51.1,0,758
"604","Sep",2016,66.5,51.9,79,51.1,0,793
"605","Sep",2016,72.2,58.3,84.9,54,0,786
"606","Sep",2016,69.4,59.2,84.9,64,0,820
"607","Sep",2016,68.2,57.5,78.1,60.1,0,823
"608","Sep",2016,72,60.8,82.9,60.1,0,807
"609","Sep",2016,73.9,62.3,82.9,64.9,0,834
"610","Sep",2016,69.1,54.7,82,57,0,781
"611","Sep",2016,71.4,53.2,88,55.9,0,712
"612","Sep",2016,74.8,54.9,88,55.9,0,792
"613","Sep",2016,70.2,60.9,82.9,66,0,731
"614","Sep",2016,71.4,63.4,81,64,0,831
"615","Sep",2016,71.7,65.4,81,64.9,0,845
"616","Sep",2016,68.5,62.5,73.9,66,0,833
"617","Sep",2016,71.7,62.7,84.9,63,0,809
"618","Sep",2016,65.9,48.1,84.9,57.9,0,764
"619","Sep",2016,60.1,35.5,70,51.1,0,735
"620","Sep",2016,56,45.4,70,50,0,634
"621","Sep",2016,60.7,55.9,64.9,50,0,702
"622","Sep",2016,61.8,58.4,64.9,59,0,772
"623","Oct",2016,61,57.7,64,57,0,862
"624","Oct",2016,59.7,57,64.9,55.9,0,707
"625","Oct",2016,61.9,56.4,66.9,55.9,0,772
"626","Oct",2016,65.2,56.4,75,57,0,743
"627","Oct",2016,68.7,57.7,80.1,60.1,0,805
"628","Oct",2016,65.8,59.7,80.1,57.9,0,754
"629","Oct",2016,65.2,57.4,73.9,55.9,0,863
"630","Oct",2016,52.4,38,70,39.9,0,715
"631","Oct",2016,55.9,45.7,64.9,39.9,0,682
"632","Oct",2016,56,45.4,71.1,45,0,724
"633","Oct",2016,63,49.9,73,45,0,697
"634","Oct",2016,62.3,53.6,68,51.1,0,746
"635","Oct",2016,47.9,36.9,69.1,37.9,0,693
"636","Oct",2016,50.2,39.9,66,37.9,0,821
"637","Oct",2016,58,52.6,69.1,37.9,0,823
"638","Oct",2016,68.5,62.7,72,53.1,0,790
"639","Oct",2016,71.8,64.5,82,64.9,0,817
"640","Oct",2016,73.9,58.8,82,63,0,774
"641","Oct",2016,60.4,46,75.9,48.9,0,712
"642","Oct",2016,54.8,47.2,71.1,48.9,0,717
"643","Oct",2016,47.7,33.9,55.9,43,0,760
"644","Oct",2016,46.6,32.2,60.1,37,0,773
"645","Oct",2016,55,43.7,73,37,0,785
"646","Oct",2016,53.7,40.3,73,41,0,770
"647","Oct",2016,46,36.8,59,36,0,736
"648","Oct",2016,47.8,42.1,54,36,0,699
"649","Oct",2016,47.6,42.6,51.1,44.1,0,730
"650","Oct",2016,48.9,43.4,62.1,37.9,0,802
"651","Oct",2016,65.8,58.1,70,59,0,831
"652","Oct",2016,54.5,49.3,71.1,50,0,786
"653","Oct",2016,47.9,41.4,57.9,37.9,0,867
"654","Nov",2016,65.3,55.7,75,41,0,910
"655","Nov",2016,62.3,57.5,75,57,0,749
"656","Nov",2016,56,50.5,66.9,48,0,783
"657","Nov",2016,52.8,44.1,66.9,39.9,0,783
"658","Nov",2016,54.7,44.3,68,43,0,821
"659","Nov",2016,56.1,46.5,69.1,42.1,0,753
"660","Nov",2016,53.8,42.7,69.1,42.1,0,738
"661","Nov",2016,55.7,45.4,66,43,0,644
"662","Nov",2016,49.5,35.4,63,41,0,680
"663","Nov",2016,49.4,33.8,63,41,0,723
"664","Nov",2016,49.4,36.1,57,43,0,797
"665","Nov",2016,41.8,31.4,52,30.9,0,780
"666","Nov",2016,44.6,30.4,55.9,31.1,0,660
"667","Nov",2016,48.4,35.5,60.1,35.1,0,670
"668","Nov",2016,46,42.3,60.1,37.9,0,712
"669","Nov",2016,48.1,41.7,60.1,37.9,0,770
"670","Nov",2016,54.6,45.8,72,39,0,811
"671","Nov",2016,62,49.2,72,44.1,0,794
"672","Nov",2016,37.9,24.8,48,34,0,677
"673","Nov",2016,29.2,15.9,39,23,0,663
"674","Nov",2016,30.1,17.2,41,21.9,0,683
"675","Nov",2016,32.8,25.5,41,21.9,0,722
"676","Nov",2016,39.8,35.6,43,24.3,0,699
"677","Nov",2016,40.3,36.5,44.6,37,0,534
"678","Nov",2016,37.3,32.6,43,35.1,0,689
"679","Nov",2016,37.8,32.2,46.9,30.9,0,719
"680","Nov",2016,37.8,35,46.9,31.1,0,693
"681","Nov",2016,44.1,40.5,50,32,0,693
"682","Nov",2016,49.7,42.7,57,41,0,698
"683","Nov",2016,40.8,34.8,57,34,0,697
"684","Dec",2016,37.5,31.8,45,34,0,822
"685","Dec",2016,37.4,30,41,35.1,0,835
"686","Dec",2016,33.3,23.2,39.9,30,0,758
"687","Dec",2016,31.5,26.8,34,28.9,5.9,595
"688","Dec",2016,31.9,30.2,33.8,26.6,3.1,678
"689","Dec",2016,32.9,30.3,41,25,2,688
"690","Dec",2016,26.2,18.3,41,24.1,2,660
"691","Dec",2016,21.3,12.7,27,17.1,0,606
"692","Dec",2016,22.9,15.3,25,19,0,668
"693","Dec",2016,20.1,12.5,25,18,0,612
"694","Dec",2016,25.2,21,33.8,14,5.1,629
"695","Dec",2016,15,7,32,7,5.1,574
"696","Dec",2016,9.6,-0.3,21.9,1.9,3.9,610
"697","Dec",2016,3.9,-6.7,19,-2,3.9,580
"698","Dec",2016,11.7,2.5,19,0,3.9,695
"699","Dec",2016,20.4,16.3,21.9,7,5.1,614
"700","Dec",2016,11.3,4.4,21.9,-2,5.9,526
"701","Dec",2016,-0.6,-10.3,18,-13,5.9,660
"702","Dec",2016,19.6,7.6,28,12.9,5.9,693
"703","Dec",2016,26,18.7,34,14,5.1,728
"704","Dec",2016,34.1,25.7,37,19,3.9,702
"705","Dec",2016,30.6,25.2,37,24.1,3.1,728
"706","Dec",2016,34.9,31.3,37.9,27.1,2,604
"707","Dec",2016,45.1,39.2,54,32,1.2,647
"708","Dec",2016,28,18.5,37.9,25,0,663
"709","Dec",2016,29.6,22,45,19,0,722
"710","Dec",2016,33.6,25.3,45,19.2,0,647
"711","Dec",2016,29.3,17.1,35.1,24.1,0,742
"712","Dec",2016,35.5,21.4,39.9,24.1,0,704
"713","Jan",2017,34,27.9,39.9,17.1,0,613
"714","Jan",2017,38.2,36.9,39.9,25.2,0,718
"715","Jan",2017,18.2,9,39,9,0,612
"716","Jan",2017,9.3,-1.5,19,6.1,0,611
"717","Jan",2017,4.4,-6.4,12.9,0,0,601
"718","Jan",2017,6.5,-4.8,18,0,0,618
"719","Jan",2017,9.2,-4.2,18,0,0,591
"720","Jan",2017,21.5,10.5,28,3,0,713
"721","Jan",2017,37.5,32.2,51.8,27,0,705
"722","Jan",2017,31.6,26.3,51.1,25,0,663
"723","Jan",2017,26.1,23.2,43,21,0,644
"724","Jan",2017,19.9,9.7,28,16,0,800
"725","Jan",2017,28.9,19.3,35.1,16,0,685
"726","Jan",2017,26,17.5,36,19.9,0,656
"727","Jan",2017,32.6,28.2,36,19.9,0,652
"728","Jan",2017,37.2,36.2,39,30.2,0,705
"729","Jan",2017,34.7,32.9,39,33.1,0,707
"730","Jan",2017,35.8,33.4,42.8,30,0,738
"731","Jan",2017,39,37.6,42.1,30.2,0,783
"732","Jan",2017,48.2,44.3,59,37.9,0,786
"733","Jan",2017,42.8,39.6,59,37.9,0,742
"734","Jan",2017,39.4,36.1,46,37,0,789
"735","Jan",2017,36.6,32.7,42.1,34,0,736
"736","Jan",2017,37.2,34.3,42.1,35.1,0,748
"737","Jan",2017,33.2,29.6,42.1,30,0,675
"738","Jan",2017,27.8,20.6,34,24.1,0,784
"739","Jan",2017,26.7,20.2,30.9,24.1,0,731
"740","Jan",2017,26.8,16.5,28.9,24.1,0,634
"741","Jan",2017,22.1,9.7,30,15.1,0,756
"742","Jan",2017,36,29.3,39,15.1,0,734
"743","Feb",2017,34.6,25.7,39,30,0,847
"744","Feb",2017,20.6,6.9,37.9,14,0,671
"745","Feb",2017,19.1,3.5,28,14,0,670
"746","Feb",2017,21.6,5.5,33.1,10,0,638
"747","Feb",2017,32.7,17.2,37.9,12,0,695
"748","Feb",2017,33.5,26.3,55,21,0,762
"749","Feb",2017,43.8,43.1,50,41,0,693
"750","Feb",2017,30.7,23.1,50,25,0,666
"751","Feb",2017,19,4.2,32,12.9,0,668
"752","Feb",2017,25.7,13.5,39.9,12.9,0,745
"753","Feb",2017,40.9,33.2,48.9,34,0,704
"754","Feb",2017,39.3,28.8,48.9,34,0,678
"755","Feb",2017,34.6,19.9,46.9,25,0,718
"756","Feb",2017,39.7,26.4,50,25.2,0,713
"757","Feb",2017,33.2,17.2,50,26.1,0,673
"758","Feb",2017,33.4,12.8,41,27,0,671
"759","Feb",2017,43.2,28.4,66.9,27,0,832
"760","Feb",2017,57.5,35.4,70,44.1,0,748
"761","Feb",2017,51.1,33.6,70,35.1,0,674
"762","Feb",2017,53,39.8,70,35.1,0,711
"763","Feb",2017,60.1,49.8,70,41,0,679
"764","Feb",2017,57.7,51.9,68,48.9,0,703
"765","Feb",2017,51.6,44.2,68,37.9,0,655
"766","Feb",2017,39.4,36.7,39.9,37.9,0,660
"767","Feb",2017,29.3,21.6,39.9,23,0,599
"768","Feb",2017,32.3,17.2,48.9,21,0,576
"769","Feb",2017,41.1,27.7,54,21.2,0,633
"770","Feb",2017,51.3,44.6,60.1,45,0,631
"771","Mar",2017,47.1,43.8,60.1,32,0,741
"772","Mar",2017,32,20.8,34,28.9,0,629
"773","Mar",2017,27.5,7.5,35.1,21,0,673
"774","Mar",2017,33.2,22.3,42.1,21.9,0,633
"775","Mar",2017,41.4,28.8,60.1,28.2,0,662
"776","Mar",2017,54.8,46.9,61,52,0,683
"777","Mar",2017,55.1,40.9,64.9,44.1,0,682
"778","Mar",2017,46.3,20.1,64.9,41,0,667
"779","Mar",2017,39,19.4,53.1,28.9,0,676
"780","Mar",2017,31.8,7.7,42.1,26.1,0,666
"781","Mar",2017,24,-5,37,18,0,659
"782","Mar",2017,26.5,3,36,18,0,553
"783","Mar",2017,29.5,22.1,36,18,2,541
"784","Mar",2017,23.5,7,33.1,16,2,607
"785","Mar",2017,29,10.9,42.1,16,1.2,668
"786","Mar",2017,38.2,30.1,50,19.2,1.2,709
"787","Mar",2017,42.3,32,50,36,0,674
"788","Mar",2017,40.8,29.5,53.1,28.9,0,605
"789","Mar",2017,48.6,38.3,54,29.1,0,696
"790","Mar",2017,43.7,29,54,35.1,0,650
"791","Mar",2017,33.5,19.3,37.9,28.9,0,647
"792","Mar",2017,36.8,20.4,50,28,0,666
"793","Mar",2017,58.3,39.3,82,29.1,0,779
"794","Mar",2017,42.7,37.9,46,41,0,695
"795","Mar",2017,51.3,47.2,62.1,41,0,702
"796","Mar",2017,50.4,46.8,62.1,45,0,722
"797","Mar",2017,43.8,36.6,52,41,0,673
"798","Mar",2017,40.9,34.7,50,35.1,0,669
"799","Mar",2017,43.3,39.1,48.9,35.1,0,691
"800","Mar",2017,39.3,35.8,45,37,0,777
"801","Apr",2017,44.6,26.3,59,34,0,831
"802","Apr",2017,49.7,27.1,61,34,0,690
"803","Apr",2017,50.4,39.7,61,42.1,0,697
"804","Apr",2017,48.9,43.3,55.9,46,0,712
"805","Apr",2017,44.8,39.3,55.9,39.9,0,633
"806","Apr",2017,42.9,33.8,50,37.4,0,668
"807","Apr",2017,43.8,22.4,54,37,0,705
"808","Apr",2017,49.9,27.1,68,37,0,696
"809","Apr",2017,64.1,44.1,75.9,57,0,761
"810","Apr",2017,68.8,53.2,78.1,46.9,0,683
"811","Apr",2017,46.8,39.6,53.1,42.1,0,703
"812","Apr",2017,47.7,35.7,59,36,0,726
"813","Apr",2017,49.7,33.7,59,42.1,0,665
"814","Apr",2017,54.1,41.1,66,46.9,0,773
"815","Apr",2017,69.7,54.7,82,46.9,0,817
"816","Apr",2017,68.1,52.5,82,59,0,687
"817","Apr",2017,58.8,35.5,73,44.1,0,752
"818","Apr",2017,55.4,39.2,75.9,41,0,735
"819","Apr",2017,64.7,52.7,75.9,41,0,758
"820","Apr",2017,56.5,46.6,73,45,0,713
"821","Apr",2017,50.4,35.4,57.9,44.1,0,815
"822","Apr",2017,49.7,29.8,60.1,42.1,0,701
"823","Apr",2017,54.5,26.3,72,37,0,703
"824","Apr",2017,55.3,34.4,73,37,0,736
"825","Apr",2017,63.7,43.5,79,39.9,0,757
"826","Apr",2017,69.5,54.1,79,52,0,758
"827","Apr",2017,54.3,48.3,73.9,44.1,0,716
"828","Apr",2017,48.4,38.2,62.1,39.9,0,832
"829","Apr",2017,45.5,36.9,55,39.2,0,616
"830","Apr",2017,43.6,41.3,46.9,39.9,0,657
"831","May",2017,49.6,43.5,57,43,0,863
"832","May",2017,45.8,37.8,57,41,0,689
"833","May",2017,47.6,33.4,55.9,35.1,0,739
"834","May",2017,48.7,34.5,55.9,35.1,0,741
"835","May",2017,49.1,37.3,61,41,0,799
"836","May",2017,51,36.2,61,41,0,713
"837","May",2017,48.3,24.6,59,36,0,630
"838","May",2017,46.1,25.8,59,34,0,705
"839","May",2017,48.1,33.2,61,34,0,707
"840","May",2017,55,38.7,66.9,42.1,0,663
"841","May",2017,54.8,46.7,66.9,44.1,0,737
"842","May",2017,58.6,41.2,73,45,0,849
"843","May",2017,62.1,44,82,45,0,724
"844","May",2017,62.4,43.9,82,46.9,0,712
"845","May",2017,62.5,42.9,82,50,0,871
"846","May",2017,74.1,57.7,87.1,50,0,748
"847","May",2017,78.3,58.2,87.1,61,0,835
"848","May",2017,74,57.7,84,62.1,0,775
"849","May",2017,48,40.7,73.9,43,0,776
"850","May",2017,51.4,44.6,64,43,0,664
"851","May",2017,60.8,52.9,64.9,48,0,791
"852","May",2017,57.5,42.6,73,48,0,795
"853","May",2017,60.7,53.3,73,48,0,739
"854","May",2017,56.9,51.7,62.1,53.1,0,762
"855","May",2017,58.8,50.7,69.1,53.1,0,763
"856","May",2017,60.2,51.4,71.1,52,0,767
"857","May",2017,61.7,52.8,78.1,52,0,800
"858","May",2017,67.6,55,78.1,52,0,705
"859","May",2017,68.7,46.6,77,55.9,0,768
"860","May",2017,64.2,44.3,77,54,0,814
"861","May",2017,63.8,43.5,73.9,52,0,739
"862","Jun",2017,66.4,40.6,81,51.1,0,895
"863","Jun",2017,70.5,41.5,86,51.1,0,841
"864","Jun",2017,73.4,48.6,86,53.1,0,823
"865","Jun",2017,80.1,58.5,91.9,57,0,820
"866","Jun",2017,70,55.7,91.9,62.1,0,737
"867","Jun",2017,64.5,44.5,75.9,54,0,826
"868","Jun",2017,66.7,43.7,77,54,0,787
"869","Jun",2017,69.1,42.9,82.9,53.1,0,769
"870","Jun",2017,74.3,52.7,87.1,53.1,0,816
"871","Jun",2017,75.6,53.9,90,64,0,785
"872","Jun",2017,81.8,55.9,93,64,0,813
"873","Jun",2017,85,60.5,95,73,0,742
"874","Jun",2017,79.9,62.5,95,68,0,808
"875","Jun",2017,77.3,64.4,91.9,68,0,769
"876","Jun",2017,76.2,64.4,91.9,68,0,823
"877","Jun",2017,76.8,59.9,91,66.9,0,835
"878","Jun",2017,78,66.7,87.1,66.9,0,827
"879","Jun",2017,74.4,63.6,87.1,69.1,0,786
"880","Jun",2017,70.2,54.4,80.1,63,0,745
"881","Jun",2017,67.2,52.8,80.1,57.9,0,802
"882","Jun",2017,67.7,53.1,80.1,55,0,786
"883","Jun",2017,78.5,63.5,88,55,0,818
"884","Jun",2017,76.9,62.2,88,66.9,0,778
"885","Jun",2017,69.6,51.5,82.9,61,0,819
"886","Jun",2017,64,46.6,75,54,0,796
"887","Jun",2017,64,46.1,75,54,0,787
"888","Jun",2017,64.6,44.4,78.1,50,0,772
"889","Jun",2017,67.6,50.8,80.1,50,0,707
"890","Jun",2017,74.4,63.8,81,57.9,0,776
"891","Jun",2017,73,65.3,84,64,0,778
"892","Jul",2017,75.1,60.1,84,66,0,934
"893","Jul",2017,74.4,56.3,89.1,62.1,0,780
"894","Jul",2017,73,62.2,89.1,62.1,0,864
"895","Jul",2017,72.3,61.2,82.9,64,0,796
"896","Jul",2017,76.2,61.3,89.1,64,0,859
"897","Jul",2017,80.7,64,93,64.9,0,781
"898","Jul",2017,80.9,66,93,69.1,0,758
"899","Jul",2017,70.5,55.3,89.1,62.1,0,759
"900","Jul",2017,73.4,51.8,86,62.1,0,823
"901","Jul",2017,77,66.1,86,63,0,779
"902","Jul",2017,76.4,68.3,84.9,66.9,0,769
"903","Jul",2017,75.4,70,84.9,68,0,691
"904","Jul",2017,78.2,69.2,82.9,72,0,820
"905","Jul",2017,70.9,59.7,82.9,64.9,0,798
"906","Jul",2017,69.7,58.2,81,60.1,0,889
"907","Jul",2017,71.8,61.5,81,60.1,0,812
"908","Jul",2017,67.4,56.2,79,55.9,0,847
"909","Jul",2017,73.7,59.2,89.1,55.9,0,792
"910","Jul",2017,80.5,68.1,89.1,60.1,0,769
"911","Jul",2017,76.7,69,88,69.1,0,761
"912","Jul",2017,79.7,69.7,89.1,70,0,758
"913","Jul",2017,77.4,69.7,89.1,72,0,755
"914","Jul",2017,78.8,67.5,90,70,0,842
"915","Jul",2017,70.6,60.1,73,66,0,782
"916","Jul",2017,71.2,57.7,82,61,0,850
"917","Jul",2017,74.9,62.1,84.9,64.9,0,752
"918","Jul",2017,77.9,68,84.9,64.9,0,790
"919","Jul",2017,73.6,60.1,82,69.1,0,851
"920","Jul",2017,72,53.6,79,64,0,800
"921","Jul",2017,73.3,57.5,84,62.1,0,818
"922","Jul",2017,75.7,57.2,86,62.1,0,794
"923","Aug",2017,76.7,63,87.1,66,0,774
"924","Aug",2017,74.7,66.6,87.1,66,0,849
"925","Aug",2017,63.1,54,84,55.9,0,924
"926","Aug",2017,67.7,53.3,80.1,55.9,0,928
"927","Aug",2017,70.7,56.7,80.1,60.1,0,865
"928","Aug",2017,69.5,57,77,63,0,773
"929","Aug",2017,70.2,50.4,84,57.9,0,768
"930","Aug",2017,72.9,55.9,84,57.9,0,769
"931","Aug",2017,73.8,57.8,84,61,0,790
"932","Aug",2017,71.3,61,84,62.1,0,765
"933","Aug",2017,68.4,56.4,78.1,60.1,0,813
"934","Aug",2017,68.8,53.3,80.1,57,0,730
"935","Aug",2017,72.4,56.9,82.9,57,0,815
"936","Aug",2017,75.4,63.8,84,62.1,0,795
"937","Aug",2017,75,64.2,88,66.9,0,795
"938","Aug",2017,77.3,68.8,88,66.9,0,768
"939","Aug",2017,74.2,61.3,82,66.9,0,859
"940","Aug",2017,74.2,58,86,63,0,892
"941","Aug",2017,75.1,59.5,90,63,0,776
"942","Aug",2017,78.1,68.7,90,63,0,754
"943","Aug",2017,75.9,63.6,87.1,71.1,0,780
"944","Aug",2017,69.6,49.6,82,60.1,0,747
"945","Aug",2017,66.7,53.2,79,60.1,0,801
"946","Aug",2017,63.6,47.9,75,52,0,772
"947","Aug",2017,66.9,50.2,78.1,52,0,779
"948","Aug",2017,68.4,54.8,78.1,55.9,0,756
"949","Aug",2017,69.8,60.1,80.1,62.1,0,688
"950","Aug",2017,67.7,62.2,80.1,61,0,724
"951","Aug",2017,70.3,58.5,82,60.1,0,788
"952","Aug",2017,69.3,56.8,82,60.1,0,736
"953","Sep",2017,64.2,49.1,73,57.9,0,920
"954","Sep",2017,62.3,46,75,50,0,772
"955","Sep",2017,68.1,54.6,84,50,0,757
"956","Sep",2017,73.3,56.8,84,57,0,716
"957","Sep",2017,63.2,48.4,82,54,0,704
"958","Sep",2017,57.8,43.9,70,48.9,0,648
"959","Sep",2017,59.8,45.3,71.1,48.9,0,728
"960","Sep",2017,62.4,49.1,71.1,52,0,702
"961","Sep",2017,63.5,47.7,72,55.9,0,736
"962","Sep",2017,60.8,45.7,72,50,0,739
"963","Sep",2017,62.2,47.9,75,50,0,691
"964","Sep",2017,65,51.8,77,52,0,726
"965","Sep",2017,65.8,57.5,77,54,0,706
"966","Sep",2017,68.4,60.5,81,57.9,0,734
"967","Sep",2017,73.4,59.4,87.1,59,0,808
"968","Sep",2017,76.9,60.3,88,62.1,0,826
"969","Sep",2017,76.6,61.8,88,64.9,0,812
"970","Sep",2017,67.7,54.3,86,57.9,0,772
"971","Sep",2017,69.9,62.1,79,57.9,0,708
"972","Sep",2017,74.8,63.9,91.9,62.1,0,827
"973","Sep",2017,83.4,65.4,93.9,62.1,0,807
"974","Sep",2017,83.7,66.4,93.9,71.1,0,798
"975","Sep",2017,82.7,64.7,95,71.1,0,830
"976","Sep",2017,81.1,62.8,95,70,0,811
"977","Sep",2017,79.4,58.2,93,66.9,0,821
"978","Sep",2017,80,58.5,91.9,66.9,0,749
"979","Sep",2017,69.9,53.9,91.9,63,0,726
"980","Sep",2017,62,43.5,73.9,53.1,0,717
"981","Sep",2017,64.1,45.3,73.9,60.1,0,810
"982","Sep",2017,61.1,43.7,70,55.9,0,745
"983","Oct",2017,59.1,40.5,72,48,0,852
"984","Oct",2017,69.3,47.2,82.9,48,0,752
"985","Oct",2017,72.8,57.1,82.9,57.9,0,738
"986","Oct",2017,71.4,61,78.1,64.9,0,742
"987","Oct",2017,64.6,47.9,77,54,0,747
"988","Oct",2017,64.2,59,77,54,0,748
"989","Oct",2017,69.5,61.1,79,60.1,0,712
"990","Oct",2017,64.6,53.3,79,54,0,718
"991","Oct",2017,66.1,51.6,81,52,0,746
"992","Oct",2017,61.6,54.1,64.9,57.9,0,703
"993","Oct",2017,58.8,55.8,63,57,0,617
"994","Oct",2017,57.8,53.1,62.1,55.9,0,765
"995","Oct",2017,61.4,54.1,73,55,0,768
"996","Oct",2017,63.6,59.5,73,55,0,647
"997","Oct",2017,60.2,53.7,68,51.8,0,639
"998","Oct",2017,51.7,39,68,43,0,763
"999","Oct",2017,57,38.8,70,43,0,719
"1000","Oct",2017,59.4,41.3,71.1,46.9,0,774
"1001","Oct",2017,61.4,37,71.1,46.9,0,773
"1002","Oct",2017,61.4,44.1,78.1,51.1,0,849
"1003","Oct",2017,67.5,51,78.1,51.1,0,814
"1004","Oct",2017,65.6,56.1,72,51.8,0,739
"1005","Oct",2017,52.3,49,54,51.1,0,740
"1006","Oct",2017,48.4,43.6,54,46,0,689
"1007","Oct",2017,44.1,32.5,53.1,37.9,0,714
"1008","Oct",2017,46.5,36.4,60.1,36,0,754
"1009","Oct",2017,45,32.9,60.1,36,0,819
"1010","Oct",2017,38.5,29.9,53.1,36,0,717
"1011","Oct",2017,39.9,26.6,46,33.1,0,696
"1012","Oct",2017,44.8,29.6,50,34,0,708
"1013","Oct",2017,37.8,21.9,50,34,0,757
"1014","Nov",2017,38.7,28.6,44.1,34,0,824
"1015","Nov",2017,46.6,43.8,51.1,36,0,722
"1016","Nov",2017,44.4,37.1,51.1,37.9,0,789
"1017","Nov",2017,45.7,39.9,48.2,44.1,0,756
"1018","Nov",2017,49.5,47,52,42.1,0,773
"1019","Nov",2017,41,30.6,52,32,0,717
"1020","Nov",2017,40,29,45,33.1,0,678
"1021","Nov",2017,36.6,25.5,46,28.9,0,758
"1022","Nov",2017,38.8,25.6,46,29.1,0,656
"1023","Nov",2017,24,9.5,33.1,17.6,0,678
"1024","Nov",2017,29.5,16.7,36,18,0,688
"1025","Nov",2017,37.6,29.7,39.9,26.2,0,666
"1026","Nov",2017,36.4,32.5,39.9,30.9,0,718
"1027","Nov",2017,38.9,32.5,48.9,30,0,700
"1028","Nov",2017,47.6,39.5,52,30.2,0,709
"1029","Nov",2017,36.2,26.8,52,33.1,0,765
"1030","Nov",2017,38.4,30.4,45,33.1,0,741
"1031","Nov",2017,42.8,39.5,48.2,35.1,0,698
"1032","Nov",2017,34.6,22.3,48,30,0,690
"1033","Nov",2017,38.1,24.8,52,30,0,762
"1034","Nov",2017,42.9,27.7,52,30.2,0,673
"1035","Nov",2017,28.7,14.7,44.1,21.9,0,656
"1036","Nov",2017,36.3,20.1,46,23,0,543
"1037","Nov",2017,44,29.9,63,32,0,683
"1038","Nov",2017,48.9,35.3,63,32,0,714
"1039","Nov",2017,37.5,24.2,55,27,0,665
"1040","Nov",2017,44.2,32.6,55.9,27.1,0,774
"1041","Nov",2017,55.3,34.6,61,50,0,783
"1042","Nov",2017,43.3,25.7,61,34,0,771
"1043","Nov",2017,46.3,28.8,54,34,0,751
"1044","Dec",2017,41.2,26.3,54,28,0,918
"1045","Dec",2017,42.1,28.4,54,28.2,0,758
"1046","Dec",2017,42.8,29.7,57.9,28.9,0,676
"1047","Dec",2017,55.4,39.9,64.9,46.9,0,809
"1048","Dec",2017,41.4,27.2,64.9,30,0,710
"1049","Dec",2017,30.6,12.9,44.1,27,0,712
"1050","Dec",2017,25.1,12.7,35.1,19,0,625
"1051","Dec",2017,24.7,9,37,18,0,735
"1052","Dec",2017,29.8,19.5,37,18,1.2,659
"1053","Dec",2017,25.9,15.4,35.1,19.9,1.2,664
"1054","Dec",2017,30.6,20.8,39,19.9,1.2,740
"1055","Dec",2017,24.1,13.6,39,17.1,1.2,684
"1056","Dec",2017,26.5,14.9,37.9,18,1.2,700
"1057","Dec",2017,24.1,13,37.9,16,1.2,718
"1058","Dec",2017,25.7,15.1,34,17.1,0,768
"1059","Dec",2017,38.1,23.3,46,21,0,772
"1060","Dec",2017,35.5,30.9,46,27,0,729
"1061","Dec",2017,42.4,35.2,46,29.1,0,727
"1062","Dec",2017,43.4,32.3,50,39,0,764
"1063","Dec",2017,34,17.3,50,27,0,704
"1064","Dec",2017,34.9,24.2,39.9,27,0,747
"1065","Dec",2017,37.8,29.6,39.9,32,0,784
"1066","Dec",2017,30.6,21,39,24.1,0,714
"1067","Dec",2017,2.5,-8.6,21,-2.9,1.2,526
"1068","Dec",2017,1.1,-9.2,7,-4,1.2,523
"1069","Dec",2017,6.2,-2.9,15.1,-4,2,601
"1070","Dec",2017,12.2,5.9,15.1,0,2,574
"1071","Dec",2017,9.7,0.8,15.8,3,2,621
"1072","Dec",2017,0.4,-10,1.9,-0.9,2,541
"1073","Jan",2018,-2.4,-12,7,-9,1.2,562
"1074","Jan",2018,11.4,1.8,17.1,-7.1,1.2,576
"1075","Jan",2018,7,-4.3,17.1,0,1.2,602
"1076","Jan",2018,4.6,-6.2,12,-0.9,1.2,664
"1077","Jan",2018,5.3,-6.9,17.1,-2,1.2,586
"1078","Jan",2018,16.9,5.6,30,-0.9,1.2,533
"1079","Jan",2018,33.6,28.3,37,30,1.2,621
"1080","Jan",2018,30.9,26.9,37,26.1,1.2,652
"1081","Jan",2018,36.9,34.6,51.8,28,0,720
"1082","Jan",2018,55.5,51.3,59,30.2,0,701
"1083","Jan",2018,23.4,15.7,39,19,0,707
"1084","Jan",2018,12.9,-1.9,23,6.1,0,617
"1085","Jan",2018,11.8,-0.8,21,5,0,564
"1086","Jan",2018,19,13.9,24.1,5,2,531
"1087","Jan",2018,15.5,8.7,25,8.6,3.1,614
"1088","Jan",2018,13.2,5.8,26.1,3.9,2,649
"1089","Jan",2018,21.2,11,32,5,2,626
"1090","Jan",2018,32.2,20.2,39.9,17.1,1.2,709
"1091","Jan",2018,39.2,28.6,45,28.2,2,731
"1092","Jan",2018,40.2,36.8,45,35.1,0,718
"1093","Jan",2018,47.2,44.6,54,36,0,724
"1094","Jan",2018,35.5,30,54,30,0,719
"1095","Jan",2018,28.6,21.3,39,27,1.2,613
"1096","Jan",2018,31.2,23.6,43,24.1,1.2,641
"1097","Jan",2018,41,31.1,51.1,24.3,1.2,763
"1098","Jan",2018,47.2,30,51.1,33.1,0,754
"1099","Jan",2018,35.3,26.9,50,28,0,671
"1100","Jan",2018,27.3,18.8,33.1,21.2,0,652
"1101","Jan",2018,21,9.9,30,15.1,0,637
"1102","Jan",2018,34.6,20.4,42.1,16,0,708
"1103","Feb",2018,27.8,13.9,42.1,12.9,0,741
"1104","Feb",2018,10.7,-6,19,5,0,674
"1105","Feb",2018,26.2,8.1,41,5,0,630
"1106","Feb",2018,25.8,17.8,41,12,2,513
"1107","Feb",2018,5.9,-4.4,12,-2,2,543
"1108","Feb",2018,11.9,4.6,21,-2,3.1,588
"1109","Feb",2018,16.7,9.7,21,3,3.9,544
"1110","Feb",2018,13.2,4.4,21,7,3.1,557
"1111","Feb",2018,18.8,11.1,28,14,9.1,534
"1112","Feb",2018,19.5,13.4,21.9,15.1,11.8,537
"1113","Feb",2018,15.2,2.5,27,3.9,11,572
"1114","Feb",2018,20,8.8,35.1,3.9,9.8,645
"1115","Feb",2018,32.1,25.1,44.1,23,5.9,661
"1116","Feb",2018,40.8,39.1,48,26.2,1.2,698
"1117","Feb",2018,35.7,25,48,28.9,3.9,664
"1118","Feb",2018,24.7,14.6,39,17.1,2,605
"1119","Feb",2018,27.1,21.9,37.9,12,1.2,587
"1120","Feb",2018,42.3,37.9,57.9,36,2,624
"1121","Feb",2018,58.8,55.4,66,37.9,0,645
"1122","Feb",2018,32.1,24.4,41,27,0,639
"1123","Feb",2018,33.3,24.5,39.9,28.9,0,677
"1124","Feb",2018,39.8,35.6,44.1,29.1,0,671
"1125","Feb",2018,36.2,30.1,44.1,33.1,0,681
"1126","Feb",2018,40.5,30.4,50,33.1,0,657
"1127","Feb",2018,40.4,25.8,53.1,28,0,625
"1128","Feb",2018,48.2,31.6,62.1,28.2,0,691
"1129","Feb",2018,51.1,38.3,62.1,37,0,646
"1130","Mar",2018,39.4,33,59,37,0,830
"1131","Mar",2018,37.5,23.2,48,30,0,692
"1132","Mar",2018,37.8,20.2,48,30.2,0,664
"1133","Mar",2018,37.7,20.4,46,32,0,649
"1134","Mar",2018,36.8,19.9,46,32,0,665
"1135","Mar",2018,35.1,30.6,41,32,0,653
"1136","Mar",2018,30.9,22.2,41,26.1,0,656
"1137","Mar",2018,27.9,14.3,34,24.1,0,660
"1138","Mar",2018,29.8,15.4,41,23,0,745
"1139","Mar",2018,32.5,17.3,41,23,0,684
"1140","Mar",2018,34.3,20,41,23,0,619
"1141","Mar",2018,36.7,21.6,46,28,0,661
"1142","Mar",2018,31.9,20.1,46,27,2,638
"1143","Mar",2018,30.1,14.4,48,19,1.2,665
"1144","Mar",2018,39.6,24.6,50,22.1,1.2,691
"1145","Mar",2018,32.4,21.4,50,28,0,703
"1146","Mar",2018,37.2,21.8,46,29.1,0,777
"1147","Mar",2018,39.9,19.3,57,27,0,689
"1148","Mar",2018,40.7,24.8,57,27.1,0,660
"1149","Mar",2018,33.1,21.9,46,28.9,0,712
"1150","Mar",2018,33.3,20,39.9,28.9,0,689
"1151","Mar",2018,34.3,17.7,50,21.9,0,670
"1152","Mar",2018,35.6,21.1,50,22.1,0,752
"1153","Mar",2018,35.6,21.6,43,25.2,0,649
"1154","Mar",2018,33.8,16.3,41,27,0,677
"1155","Mar",2018,39.3,20.6,53.1,27.1,0,696
"1156","Mar",2018,48.9,44,53.1,31.1,0,674
"1157","Mar",2018,44.7,35.3,54,39,0,689
"1158","Mar",2018,45,38.4,54,39,0,629
"1159","Mar",2018,38.8,27.2,50,33.1,0,704
"1160","Mar",2018,44,31.1,57.9,33.1,0,690
"1161","Apr",2018,32.3,15.1,57.9,24.1,0,736
"1162","Apr",2018,31.6,15.4,44.1,21,0,674
"1163","Apr",2018,38.9,32.4,44.1,21.2,0,605
"1164","Apr",2018,31.8,23.9,39.9,26.1,0,701
"1165","Apr",2018,31.6,16,42.1,23,0,672
"1166","Apr",2018,35.1,25,42.1,23.2,0,695
"1167","Apr",2018,28.2,8,39,19.9,0,635
"1168","Apr",2018,30.7,11.5,39,19.9,0,618
"1169","Apr",2018,32.8,26.6,39,21,1.2,661
"1170","Apr",2018,35.7,24,46,28,1.2,714
"1171","Apr",2018,47.8,30.8,66,28.2,0,769
"1172","Apr",2018,55.6,41.2,73,39,0,751
"1173","Apr",2018,43.4,37.1,48,39.9,0,781
"1174","Apr",2018,38.8,35.9,41,36,0,689
"1175","Apr",2018,35.2,32.1,37,33.8,0,603
"1176","Apr",2018,30.5,24.6,35.1,26.6,0,733
"1177","Apr",2018,34.7,21.1,43,27.1,0,699
"1178","Apr",2018,34.8,25.4,43,29.1,0,627
"1179","Apr",2018,39.3,29,55,30.2,0,724
"1180","Apr",2018,46.6,21.6,61,31.1,0,803
"1181","Apr",2018,47.4,19.2,61,36,0,677
"1182","Apr",2018,50.1,22,62.1,39,0,698
"1183","Apr",2018,50.8,27.9,63,42.1,0,716
"1184","Apr",2018,54.6,37.7,64.9,43,0,713
"1185","Apr",2018,49.1,34.4,64.9,43,0,750
"1186","Apr",2018,48.4,28.8,66,36,0,733
"1187","Apr",2018,53.2,30.9,66,36,0,772
"1188","Apr",2018,42.4,29.2,57.9,35.1,0,679
"1189","Apr",2018,43.3,21,59,30.9,0,725
"1190","Apr",2018,56.2,19.4,80.1,31.1,0,790
"1191","May",2018,76.9,51,86,60.1,0,789
"1192","May",2018,64.3,59.2,86,57.9,0,742
"1193","May",2018,65.4,53.7,73.9,54,0,814
"1194","May",2018,69.7,44.1,82,57,0,853
"1195","May",2018,62.3,42.4,82,53.1,0,716
"1196","May",2018,59.1,40.1,75,46,0,805
"1197","May",2018,68.5,40,81,46,0,805
"1198","May",2018,69.7,48.1,81,57,0,792
"1199","May",2018,66,53.3,81,57.9,0,779
"1200","May",2018,51.7,42.3,73,46,0,729
"1201","May",2018,46.4,41.8,52,44.1,0,699
"1202","May",2018,52.2,47.5,66.9,44.1,0,690
"1203","May",2018,62.1,54.7,82.9,45,0,788
"1204","May",2018,63.8,57.4,82.9,53.1,0,743
"1205","May",2018,61.8,43.4,79,46.9,0,759
"1206","May",2018,63.2,46.3,79,46.9,0,795
"1207","May",2018,57,44.1,69.1,52,0,800
"1208","May",2018,60.1,55.9,69.1,52,0,759
"1209","May",2018,51.2,45.6,69.1,44.1,0,764
"1210","May",2018,52.8,48.4,64,44.1,0,714
"1211","May",2018,59,54.9,66.9,48.9,0,797
"1212","May",2018,63.8,52,80.1,52,0,781
"1213","May",2018,71.3,52.5,87.1,52,0,820
"1214","May",2018,77.6,54.8,89.1,57.9,0,805
"1215","May",2018,78.9,62.1,90,66.9,0,854
"1216","May",2018,82.8,61.4,97,70,0,882
"1217","May",2018,82.7,61.3,97,70,0,888
"1218","May",2018,76.6,59.8,95,66,0,875
"1219","May",2018,75.3,63.5,87.1,66,0,847
"1220","May",2018,76.9,66,89.1,66.9,0,841
"1221","Jun",2018,59.5,50.8,75.9,52,0,820
"1222","Jun",2018,66.6,53.6,78.1,52,0,835
"1223","Jun",2018,66.5,47.9,80.1,55,0,790
"1224","Jun",2018,67,47.8,80.1,55,0,752
"1225","Jun",2018,60.9,46.5,79,48,0,815
"1226","Jun",2018,71.4,56.1,81,48,0,767
"1227","Jun",2018,64.2,53.3,81,60.1,0,774
"1228","Jun",2018,66.1,58.5,82,57,0,816
"1229","Jun",2018,64.5,61,82,57,0,731
"1230","Jun",2018,64,60.2,71.1,60.1,0,748
"1231","Jun",2018,69.3,63.8,80.1,62.1,0,794
"1232","Jun",2018,74.7,60.5,81,62.1,0,751
"1233","Jun",2018,73,50.3,81,64,0,758
"1234","Jun",2018,74.4,55,89.1,64,0,842
"1235","Jun",2018,80.8,67.8,91.9,64,0,826
"1236","Jun",2018,85.9,69.8,93,69.1,0,828
"1237","Jun",2018,86.5,70.3,93.9,73.4,0,846
"1238","Jun",2018,70.9,65.5,95,63,0,795
"1239","Jun",2018,69,62.2,81,63,0,891
"1240","Jun",2018,65.8,61.5,77,64,0,667
"1241","Jun",2018,62.4,58.4,66.9,59,0,723
"1242","Jun",2018,68.1,57,81,60.1,0,839
"1243","Jun",2018,72.7,59.1,81,62.1,0,870
"1244","Jun",2018,68.9,59.1,80.1,61,0,854
"1245","Jun",2018,73.3,62.4,84,61,0,795
"1246","Jun",2018,72.8,66.4,84,66.9,0,827
"1247","Jun",2018,76.2,64.6,88,68,0,822
"1248","Jun",2018,82.1,68.8,96.1,68,0,780
"1249","Jun",2018,87.1,74.7,96.1,73,0,867
"1250","Jul",2018,77,63.2,93.9,69.1,0,860
"1251","Jul",2018,77.7,61.3,89.1,63,0,826
"1252","Jul",2018,83.4,71,93,63,0,829
"1253","Jul",2018,81.4,70.9,93,75,0,841
"1254","Jul",2018,74,58.2,91.9,69.1,0,890
"1255","Jul",2018,70.6,48.1,82,59,0,831
"1256","Jul",2018,74.8,51.7,88,59,0,825
"1257","Jul",2018,79.4,58.7,91,63,0,802
"1258","Jul",2018,82.1,61.8,91,66.9,0,810
"1259","Jul",2018,77.2,54,87.1,66.9,0,737
"1260","Jul",2018,78.6,58.7,87.1,66.9,0,798
"1261","Jul",2018,81.9,61.1,95,70,0,819
"1262","Jul",2018,78.3,66.5,95,72,0,788
"1263","Jul",2018,80.2,68.6,91,72,0,812
"1264","Jul",2018,82.3,70.6,91,72,0,786
"1265","Jul",2018,76.6,57.3,93,70,0,745
"1266","Jul",2018,72.1,54,81,63,0,840
"1267","Jul",2018,75.8,55.4,87.1,63,0,778
"1268","Jul",2018,75.7,63.8,87.1,66.9,0,823
"1269","Jul",2018,71.5,65.9,79,69.1,0,800
"1270","Jul",2018,70.7,65.7,79,68,0,795
"1271","Jul",2018,72.3,62.4,82,64.9,0,846
"1272","Jul",2018,75.1,62.8,88,64.9,0,798
"1273","Jul",2018,78.8,58.3,90,66,0,808
"1274","Jul",2018,76.6,59.2,90,66.9,0,801
"1275","Jul",2018,70.2,54.4,81,62.1,0,800
"1276","Jul",2018,71.2,52.4,82,61,0,808
"1277","Jul",2018,71.9,55.2,82.9,61,0,776
"1278","Jul",2018,72.5,58.5,82.9,62.1,0,782
"1279","Jul",2018,72.9,60.8,82,62.1,0,830
"1280","Aug",2018,73.3,58.9,84.9,63,0,942
"1281","Aug",2018,76.8,61.9,84.9,63,0,854
"1282","Aug",2018,77.1,60,89.1,66.9,0,891
"1283","Aug",2018,82,63.3,97,66.9,0,904
"1284","Aug",2018,84.7,64.3,97,71.1,0,860
"1285","Aug",2018,77.6,67,93.9,69.1,0,803
"1286","Aug",2018,75.3,67.5,82.9,69.1,0,785
"1287","Aug",2018,74,65,84.9,69.1,0,792
"1288","Aug",2018,77.9,65,89.1,69.1,0,769
"1289","Aug",2018,76.1,67.1,89.1,69.1,0,858
"1290","Aug",2018,76.9,61.8,88,68,0,860
"1291","Aug",2018,78.7,60.4,88,68,0,843
"1292","Aug",2018,77.1,61.1,89.1,66,0,824
"1293","Aug",2018,79.2,61.3,89.1,66,0,829
"1294","Aug",2018,79.8,65.2,87.1,71.1,0,799
"1295","Aug",2018,77.3,68,86,72,0,836
"1296","Aug",2018,74.9,67.1,86,68,0,810
"1297","Aug",2018,75.3,67.2,84.9,68,0,912
"1298","Aug",2018,75.6,65.8,86,68,0,793
"1299","Aug",2018,75.1,66.6,86,68,0,748
"1300","Aug",2018,71.7,66,77,69.1,0,722
"1301","Aug",2018,69.4,54.1,79,57.9,0,850
"1302","Aug",2018,69.9,51.6,80.1,57.9,0,728
"1303","Aug",2018,68.4,55.6,80.1,60.1,0,790
"1304","Aug",2018,70.9,65.6,86,64,0,837
"1305","Aug",2018,80.8,72.4,93,66,0,792
"1306","Aug",2018,85.4,70.9,93,72,0,825
"1307","Aug",2018,82.2,70.6,93,71.1,0,802
"1308","Aug",2018,71.6,65.3,91,66,0,751
"1309","Aug",2018,67.7,56.6,75.9,61,0,821
"1310","Aug",2018,69.9,59,84.9,60.1,0,833
"1311","Sep",2018,79.8,69.3,91,70,0,832
"1312","Sep",2018,77.1,69.4,87.1,69.8,0,776
"1313","Sep",2018,79.3,69.5,91.9,70,0,820
"1314","Sep",2018,82.5,68.1,91.9,71.1,0,717
"1315","Sep",2018,68.5,63,75,64,0,741
"1316","Sep",2018,67.1,58.8,70,63,0,730
"1317","Sep",2018,66.7,52.3,69.1,63,0,790
"1318","Sep",2018,64.3,51.8,69.1,60.1,0,665
"1319","Sep",2018,64.9,55.2,73.9,55.9,0,716
"1320","Sep",2018,66.9,56.5,79,55.9,0,692
"1321","Sep",2018,70.8,56.9,82,57,0,714
"1322","Sep",2018,69,56.6,82,60.1,0,687
"1323","Sep",2018,73.1,60.2,87.1,60.1,0,869
"1324","Sep",2018,73.5,61.3,87.1,64,0,809
"1325","Sep",2018,76.1,65.3,89.1,64,0,819
"1326","Sep",2018,79,64.3,90,70,0,786
"1327","Sep",2018,73.3,63.9,82,66.2,0,737
"1328","Sep",2018,69.5,62.1,75.9,66,0,762
"1329","Sep",2018,75.3,67.1,93,66,0,829
"1330","Sep",2018,79,60.7,93,64,0,825
"1331","Sep",2018,58.6,42.8,64,51.1,0,799
"1332","Sep",2018,59.7,48.7,71.1,50,0,735
"1333","Sep",2018,65,57.3,73.9,57,0,796
"1334","Sep",2018,72.9,64.5,84,57,0,751
"1335","Sep",2018,60.9,49.2,66.9,50,0,752
"1336","Sep",2018,58.7,43.3,70,48,0,708
"1337","Sep",2018,58.3,44.5,70,48,0,793
"1338","Sep",2018,50.4,38.7,61,42.1,0,732
"1339","Sep",2018,56.6,49.4,62.1,42.1,0,741
"1340","Oct",2018,60.8,55.7,72,54,0,918
"1341","Oct",2018,62.1,57.8,72,57,0,717
"1342","Oct",2018,69.7,60.3,88,57.9,0,676
"1343","Oct",2018,65.9,53.6,88,52,0,698
"1344","Oct",2018,57.3,51.2,64,52,0,654
"1345","Oct",2018,63.6,61,70,54,0,726
"1346","Oct",2018,57.9,53.4,70,57,0,718
"1347","Oct",2018,69.4,63.5,84.9,57,0,743
"1348","Oct",2018,76.3,65.2,84.9,63,0,746
"1349","Oct",2018,72.8,64.7,84.9,68,0,724
"1350","Oct",2018,50.3,38.1,75.9,43,0,679
"1351","Oct",2018,40.5,30.9,51.1,36,0,707
"1352","Oct",2018,40.9,33.3,53.1,32,0,744
"1353","Oct",2018,46.4,38.4,54,32,0,702
"1354","Oct",2018,43.8,34.4,54,37,0,705
"1355","Oct",2018,43.4,29.2,59,34,0,667
"1356","Oct",2018,47.7,30.9,59,34,0,690
"1357","Oct",2018,45,26.5,57.9,34,0,725
"1358","Oct",2018,49.4,35.3,57.9,34,0,766
"1359","Oct",2018,47.6,37,54,37.9,0,806
"1360","Oct",2018,37.4,20.4,51.1,28,0,644
"1361","Oct",2018,48,29.2,64,28.2,0,716
"1362","Oct",2018,49.2,32,64,39,0,736
"1363","Oct",2018,43.7,35.3,54,37,0,805
"1364","Oct",2018,43.9,34.3,53.1,37,0,721
"1365","Oct",2018,48.4,38.1,53.1,37,0,830
"1366","Oct",2018,49.1,40.1,54,44.1,0,788
"1367","Oct",2018,47.2,42.5,54,43,0,717
"1368","Oct",2018,46.9,38.7,55.9,39.9,0,723
"1369","Oct",2018,51.5,42.9,64,39.9,0,766
"1370","Oct",2018,53.5,46,64,45,0,885
"1371","Nov",2018,50.5,37.3,61,46,0,939
"1372","Nov",2018,44.1,34.9,52,37,0,786
"1373","Nov",2018,42.2,31.8,50,34,0,784
"1374","Nov",2018,48,41.8,51.8,45,0,685
"1375","Nov",2018,48.1,42.1,52,44.1,0,706
"1376","Nov",2018,47.7,43.2,51.1,44.1,0,763
"1377","Nov",2018,38.3,27.9,44.1,35.6,0,685
"1378","Nov",2018,35.2,24.2,41,33.1,0,676
"1379","Nov",2018,34.1,27,41,28.9,0,718
"1380","Nov",2018,25,12.9,37,19.9,0,651
"1381","Nov",2018,32.5,19.8,41,19.9,0,648
"1382","Nov",2018,33,23.5,41,28,0,687
"1383","Nov",2018,24.6,11.5,34,19,0,609
"1384","Nov",2018,24.7,12.8,36,17.1,0,639
"1385","Nov",2018,31,25.9,36,17.1,1.2,692
"1386","Nov",2018,34.1,28.7,39.9,28.9,0,733
"1387","Nov",2018,33.8,29.8,36,32,2,670
"1388","Nov",2018,32.8,24.7,37,30,0,630
"1389","Nov",2018,27.7,22.2,34,23,0,639
"1390","Nov",2018,31.4,21.9,34,28.9,0,699
"1391","Nov",2018,32.2,23.1,36,30,0,741
"1392","Nov",2018,34.1,24.1,39.9,30.9,0,542
"1393","Nov",2018,39.7,32.5,51.1,31.1,0,750
"1394","Nov",2018,44.9,40.8,51.1,34,0,697
"1395","Nov",2018,38.4,34,46.9,33.1,0,574
"1396","Nov",2018,30.1,26.7,37,26.6,5.9,561
"1397","Nov",2018,23.6,16.7,33.1,21,5.1,637
"1398","Nov",2018,21.7,15.1,26.1,17.1,5.1,715
"1399","Nov",2018,29.9,23.6,37.9,17.1,5.1,675
"1400","Nov",2018,33.8,27.8,42.1,27,3.9,752
"1401","Dec",2018,37.7,34.7,42.1,28.2,1.2,818
"1402","Dec",2018,41.4,38.6,44.1,36,3.1,711
"1403","Dec",2018,34.4,29.4,44.1,30.9,0,771
"1404","Dec",2018,30.5,22.1,35.1,28.9,0,724
"1405","Dec",2018,28.3,19.5,32,25,0,712
"1406","Dec",2018,30.7,21.7,33.1,25,0,719
"1407","Dec",2018,20.7,11.2,33.1,16,0,747
"1408","Dec",2018,24.3,13.2,32,16,0,739
"1409","Dec",2018,24.3,17,35.1,17.1,0,691
"1410","Dec",2018,23.2,17.9,35.1,16,0,718
"1411","Dec",2018,29.6,23.7,37.9,16,0,671
"1412","Dec",2018,33.9,27.7,41,25,0,759
"1413","Dec",2018,32.6,26.4,46,24.1,0,712
"1414","Dec",2018,38.8,38.2,46,24.3,0,793
"1415","Dec",2018,35.2,31.4,46,26.1,0,744
"1416","Dec",2018,35.1,30.4,48,25,0,751
"1417","Dec",2018,36.6,24.7,48.9,26.2,0,712
"1418","Dec",2018,32.9,23.4,42.1,25,0,717
"1419","Dec",2018,39.1,30.3,48.9,25.2,0,740
"1420","Dec",2018,43.7,40.2,48.9,33.1,0,788
"1421","Dec",2018,34.9,31.8,46,30.9,0,802
"1422","Dec",2018,29.9,24.1,37.9,28,0,760
"1423","Dec",2018,32.8,26.1,37.9,28,0,637
"1424","Dec",2018,28.8,17.8,37.9,23,0,610
"1425","Dec",2018,34.4,28.7,46.9,26.1,0,630
"1426","Dec",2018,42,35.6,50,26.2,0,628
"1427","Dec",2018,41.9,38.2,53.1,30,0,725
"1428","Dec",2018,28.8,26.1,30.2,26.1,0,696
"1429","Dec",2018,25.5,19.1,36,19,0,671
"1430","Dec",2018,34.3,31.6,39,19.9,0,648
"1431","Jan",2019,27.6,24.5,34,26.1,0,655
"1432","Jan",2019,29.2,22.9,37.9,24.1,0,752
"1433","Jan",2019,37,28.1,48,24.3,0,769
"1434","Jan",2019,38.9,32,52,31.1,0,792
"1435","Jan",2019,37.9,31.7,52,30,0,664
"1436","Jan",2019,43.6,38.7,53.6,37,0,676
"1437","Jan",2019,41.4,35.4,53.1,36,0,701
"1438","Jan",2019,23.2,11.6,45,19,0,631
"1439","Jan",2019,17.9,8.7,25,14,0,686
"1440","Jan",2019,23.4,17.4,30,14,0,784
"1441","Jan",2019,30.2,23.8,32,17.1,2,673
"1442","Jan",2019,29.7,24,32,26.1,2,573
"1443","Jan",2019,25.4,20.4,30.9,23,1.2,635
"1444","Jan",2019,25.5,21.8,28,23,1.2,696
"1445","Jan",2019,31.2,24.9,34,24.1,1.2,700
"1446","Jan",2019,30.3,24,35.1,28,1.2,653
"1447","Jan",2019,29.7,23.5,35.1,27,0,668
"1448","Jan",2019,26.4,23.3,30.9,21,5.1,521
"1449","Jan",2019,9.4,0.2,17.1,3,5.1,556
"1450","Jan",2019,18.7,8.7,32,3,3.9,626
"1451","Jan",2019,29.5,27.9,34,12.9,5.1,662
"1452","Jan",2019,16.6,12.3,34,9,5.1,607
"1453","Jan",2019,1.3,-5.5,21.9,-6,5.1,586
"1454","Jan",2019,2.1,-4.7,12,-7.1,5.9,532
"1455","Jan",2019,3.8,-2.4,12,-7.1,5.9,524
"1456","Jan",2019,18.4,12.9,34,-2.9,9.8,521
"1457","Feb",2019,6.9,1.6,21,-4,9.1,774
"1458","Feb",2019,25.6,21,42.1,1.9,7.1,722
"1459","Feb",2019,42.3,40.1,46.4,37,1.2,596
"1460","Feb",2019,47.3,44.2,51.1,37.9,3.9,736
"1461","Feb",2019,29.5,24.3,51.1,24.1,0,653
"1462","Feb",2019,32.8,31.4,36,25,0,636
"1463","Feb",2019,35.6,34,44.1,28.9,0,670
"1464","Feb",2019,11.4,2.5,28.9,3.9,0,642
"1465","Feb",2019,11.8,2.2,24.1,3.9,0,756
"1466","Feb",2019,23.4,15.9,28,19.9,1.2,638
"1467","Feb",2019,28,25.3,30.9,21.9,1.2,626
"1468","Feb",2019,32,29.3,34,26.6,1.2,665
"1469","Feb",2019,18.5,14.6,34,10,1.2,643
"1470","Feb",2019,36.1,27.2,50,12,1.2,742
"1471","Feb",2019,22.8,15.3,50,8.1,1.2,741
"1472","Feb",2019,18.6,11.4,32,9,0,677
"1473","Feb",2019,25.3,20.4,28.9,12.9,2,618
"1474","Feb",2019,25.1,20.6,30.9,19.9,3.1,590
"1475","Feb",2019,21.8,12.9,35.1,12,2,612
"1476","Feb",2019,31.1,25.9,37.9,28,1.2,635
"1477","Feb",2019,30.9,21.3,37.9,25,1.2,696
"1478","Feb",2019,28.6,19,41,19,1.2,712
"1479","Feb",2019,35.6,29,41,19.2,0,647
"1480","Feb",2019,37.4,30.7,53.1,21,0,547
"1481","Feb",2019,12.3,0.5,21,6.1,0,597
"1482","Feb",2019,16.9,8,23,6.1,0,609
"1483","Feb",2019,24.6,17.4,30,12.9,0,649
"1484","Feb",2019,18,8.1,27,10.9,0,595
"1485","Mar",2019,26.7,16,34,10.9,0,755
"1486","Mar",2019,29.1,21.4,34,23,0,664
"1487","Mar",2019,22.2,10.7,33.1,16,0,551
"1488","Mar",2019,5.2,-6.4,25,-2.9,0,544
"1489","Mar",2019,11.9,0.4,21,-2.9,0,542
"1490","Mar",2019,16.3,3.7,30,8.1,0,629
"1491","Mar",2019,22.7,10.7,30,9,0,610
"1492","Mar",2019,28,20.3,39,14,0,718
"1493","Mar",2019,33.5,27.4,41,21,0,617
"1494","Mar",2019,36.6,32.2,43,26.2,0,612
"1495","Mar",2019,32,19.2,41,27,0,700
"1496","Mar",2019,35.2,23.5,48.9,24.1,0,627
"1497","Mar",2019,44.9,36.8,57.9,24.3,0,688
"1498","Mar",2019,55.3,48.4,62.1,39.9,0,676
"1499","Mar",2019,38,33,44.1,35.1,0,735
"1500","Mar",2019,34.4,21.4,41,28,0,766
"1501","Mar",2019,34.8,21.9,43,28,0,612
"1502","Mar",2019,35.4,23.7,43,27,0,651
"1503","Mar",2019,38.7,24,48.9,27.1,0,644
"1504","Mar",2019,41.7,33.2,48.9,30.2,0,693
"1505","Mar",2019,39.8,34.8,44.1,35.6,0,689
"1506","Mar",2019,40.2,29.8,46,34,0,709
"1507","Mar",2019,36.5,24.9,53.1,25,0,690
"1508","Mar",2019,45.5,31.8,53.1,25.2,0,648
"1509","Mar",2019,36,25.6,50,33.1,0,639
"1510","Mar",2019,34.9,13.9,48,23,0,672
"1511","Mar",2019,41.8,17.3,59,23,0,698
"1512","Mar",2019,53.2,38.7,64.9,46.9,0,683
"1513","Mar",2019,46.7,32,64.9,37.9,0,675
"1514","Mar",2019,39.7,32.1,57,34,0,663
"1515","Mar",2019,30.7,14.6,45,23,0,636
"1516","Apr",2019,35,20.2,48.9,23,0,793
"1517","Apr",2019,44.7,30.6,55,26.2,0,657
"1518","Apr",2019,45.5,28.4,57.9,37,0,680
"1519","Apr",2019,46,38.1,57.9,37,0,663
"1520","Apr",2019,43.5,39.2,57,39,0,705
"1521","Apr",2019,51.7,44.3,66,39,0,743
"1522","Apr",2019,56.3,49.4,66.9,39,0,703
"1523","Apr",2019,61.2,46.7,73,51.1,0,744
"1524","Apr",2019,59.8,36.2,73,48,0,693
"1525","Apr",2019,40.5,30.7,66,34,0,659
"1526","Apr",2019,42.2,34.2,55.9,34,0,746
"1527","Apr",2019,47.9,35.4,55.9,37,0,780
"1528","Apr",2019,42.4,24.9,52,35.1,0,754
"1529","Apr",2019,36.8,29.9,52,32,3.1,536
"1530","Apr",2019,37.8,28.5,52,30.9,2,724
"1531","Apr",2019,56,41.8,72,48,3.1,708
"1532","Apr",2019,55,46.1,77,44.1,0,692
"1533","Apr",2019,58.5,50.3,77,44.1,0,628
"1534","Apr",2019,44.9,34.2,64.9,41,0,650
"1535","Apr",2019,49.5,20.7,64,36,0,730
"1536","Apr",2019,58.3,25.3,77,36,0,645
"1537","Apr",2019,68.1,42,80.1,44.1,0,736
"1538","Apr",2019,59.1,48.8,80.1,48.9,0,743
"1539","Apr",2019,52.7,38.4,64.9,42.1,0,702
"1540","Apr",2019,56.7,37.4,66.9,42.1,0,767
"1541","Apr",2019,55.6,38,66.9,46,0,762
"1542","Apr",2019,42.4,29.9,63,32,2,629
"1543","Apr",2019,39.1,27.2,52,30.9,2,606
"1544","Apr",2019,45.1,38,52,31.1,0,717
"1545","Apr",2019,44.4,42.6,51.1,37.9,0,729
"1546","May",2019,50,47.3,57.9,39,0,815
"1547","May",2019,44.3,42.4,57.9,41,0,698
"1548","May",2019,47.5,40.2,55,39.9,0,791
"1549","May",2019,49.5,38.1,63,37.9,0,699
"1550","May",2019,58.3,40.8,73,37.9,0,779
"1551","May",2019,59.3,47.7,73,46,0,792
"1552","May",2019,46.4,40,50,44.1,0,700
"1553","May",2019,50.1,38.7,66,43,0,759
"1554","May",2019,61.3,55.5,68,46,0,737
"1555","May",2019,49.6,38.2,66.9,44.1,0,798
"1556","May",2019,47.6,36.5,57.9,44.1,0,696
"1557","May",2019,46.2,37.5,53.1,42.1,0,631
"1558","May",2019,49.7,37.7,61,42.1,0,790
"1559","May",2019,54.3,37.1,71.1,41,0,720
"1560","May",2019,62.3,42.5,75,41,0,764
"1561","May",2019,66.3,54.8,77,50,0,740
"1562","May",2019,57.9,50,77,46,0,775
"1563","May",2019,55.7,47.4,80.1,44.1,0,757
"1564","May",2019,62.7,56.2,80.1,44.1,0,774
"1565","May",2019,53.3,43.1,73.9,46,0,810
"1566","May",2019,48.5,39.3,57,45,0,728
"1567","May",2019,61.4,50.1,82,50,0,772
"1568","May",2019,70.1,55.4,82,48.9,0,772
"1569","May",2019,62.3,51.8,73.9,54,0,847
"1570","May",2019,73.6,62.7,81,54,0,875
"1571","May",2019,70,57.6,81,63,0,827
"1572","May",2019,61.2,51.4,73.9,53.1,0,746
"1573","May",2019,64.5,60.1,73,53.1,0,747
"1574","May",2019,59.5,54.6,75,52,0,738
"1575","May",2019,66,57,78.1,52,0,746
"1576","May",2019,70.5,57.9,81,60.1,0,831
"1577","Jun",2019,71,60.3,81,61,0,922
"1578","Jun",2019,60.1,46.6,80.1,52,0,734
"1579","Jun",2019,57.8,38.2,70,48.9,0,706
"1580","Jun",2019,64.2,49.1,82,48.9,0,772
"1581","Jun",2019,74.4,63.8,82.9,55.9,0,790
"1582","Jun",2019,65.5,58.6,82.9,57,0,741
"1583","Jun",2019,66.2,57,78.1,55,0,823
"1584","Jun",2019,67,52.3,78.1,55,0,888
"1585","Jun",2019,68.8,57.7,75.9,57,0,805
"1586","Jun",2019,66.7,52.8,75,60.1,0,798
"1587","Jun",2019,68.8,43.8,82,57,0,776
"1588","Jun",2019,67.4,48.1,82,57,0,715
"1589","Jun",2019,57.9,47.6,71.1,51.1,0,701
"1590","Jun",2019,64.8,43.6,80.1,51.1,0,806
"1591","Jun",2019,66.5,56.9,80.1,52,0,832
"1592","Jun",2019,57,55,70,54,0,721
"1593","Jun",2019,59,52.6,66.9,54,0,752
"1594","Jun",2019,63.9,55.9,78.1,54,0,716
"1595","Jun",2019,66.6,56.3,78.1,54,0,808
"1596","Jun",2019,60,56.4,69.1,55.4,0,733
"1597","Jun",2019,62.8,48.8,72,52,0,779
"1598","Jun",2019,66.5,52.9,79,52,0,825
"1599","Jun",2019,73.1,62.8,81,57.9,0,809
"1600","Jun",2019,71.3,67.1,81,63,0,810
"1601","Jun",2019,72,59.1,84.9,62.1,0,784
"1602","Jun",2019,78.2,60.6,89.1,62.1,0,798
"1603","Jun",2019,77.2,65.5,89.1,68,0,750
"1604","Jun",2019,75.7,66,90,68,0,847
"1605","Jun",2019,78.4,66.9,90,69.1,0,864
"1606","Jun",2019,77.7,65.1,91,69.1,0,804
"1607","Jul",2019,77.1,67.5,91,69.1,0,909
"1608","Jul",2019,83.9,70,91.9,69.1,0,769
"1609","Jul",2019,77.6,68.7,91.9,69.1,0,807
"1610","Jul",2019,78.1,67.7,91,69.1,0,799
"1611","Jul",2019,81.4,69.1,91,70,0,891
"1612","Jul",2019,77.7,68.5,91,72,0,816
"1613","Jul",2019,70.2,58.1,82.9,64.9,0,775
"1614","Jul",2019,70.8,53.2,82.9,60.1,0,833
"1615","Jul",2019,74.2,57.5,88,60.1,0,743
"1616","Jul",2019,83.4,66.1,93.9,61,0,837
"1617","Jul",2019,77.5,61.6,93.9,70,0,765
"1618","Jul",2019,71.8,55.7,87.1,59,0,788
"1619","Jul",2019,81.9,63.2,93.9,59,0,893
"1620","Jul",2019,79.4,62.5,93.9,70,0,790
"1621","Jul",2019,81,65.1,91.9,70,0,822
"1622","Jul",2019,77.2,67.3,91.9,71.1,0,755
"1623","Jul",2019,80.5,70.7,91.9,71.1,0,803
"1624","Jul",2019,77.4,71.2,91.9,71.1,0,760
"1625","Jul",2019,85.5,75.7,93,73.9,0,802
"1626","Jul",2019,85,73.7,95,73,0,827
"1627","Jul",2019,73.6,66.4,78.1,68,0,774
"1628","Jul",2019,70.3,54.2,79,64.9,0,790
"1629","Jul",2019,69.9,54.3,80.1,62.1,0,787
"1630","Jul",2019,71.2,53.3,81,62.1,0,745
"1631","Jul",2019,73.3,51.3,84.9,62.1,0,800
"1632","Jul",2019,75.6,59,84.9,63,0,816
"1633","Jul",2019,79.7,62.4,89.1,66.9,0,826
"1634","Jul",2019,81.1,64.7,89.1,71.1,0,832
"1635","Jul",2019,77.3,67.1,89.1,70,0,815
"1636","Jul",2019,73.2,61.2,82,66.9,0,777
"1637","Jul",2019,68.6,55.6,78.1,59,0,713
"1638","Aug",2019,68.5,54.9,80.1,57,0,918
"1639","Aug",2019,72,57.1,82.9,57,0,882
"1640","Aug",2019,75.4,55.9,89.1,61,0,869
"1641","Aug",2019,78.7,61.5,89.1,63,0,842
"1642","Aug",2019,78.8,63.3,90,70,0,809
"1643","Aug",2019,76.1,63.5,90,66.9,0,783
"1644","Aug",2019,76.7,61.6,88,66,0,779
"1645","Aug",2019,79.1,59.6,88,66,0,820
"1646","Aug",2019,72.7,52,87.1,62.1,0,796
"1647","Aug",2019,74.2,55.9,86,62.1,0,800
"1648","Aug",2019,74.4,59.7,86,66.9,0,802
"1649","Aug",2019,76,69,84,68,0,709
"1650","Aug",2019,75.2,68.3,86,70,0,762
"1651","Aug",2019,71.9,64.8,86,66,0,793
"1652","Aug",2019,70.1,60.4,82.9,63,0,813
"1653","Aug",2019,71.8,60.1,84,63,0,774
"1654","Aug",2019,73.3,65.8,84,64,0,811
"1655","Aug",2019,73.5,67.1,82,66.9,0,759
"1656","Aug",2019,75.6,66,84.9,68,0,787
"1657","Aug",2019,74.3,69.8,84.9,68,0,732
"1658","Aug",2019,73.1,66.9,82.9,64.9,0,722
"1659","Aug",2019,71.4,60.1,82.9,64,0,754
"1660","Aug",2019,67.6,52.8,75.9,57.9,0,781
"1661","Aug",2019,66.8,52.5,75,57.9,0,818
"1662","Aug",2019,68.6,52.9,78.1,60.1,0,766
"1663","Aug",2019,70.2,63.1,78.1,61,0,730
"1664","Aug",2019,71.6,62.9,79,64.9,0,732
"1665","Aug",2019,68.2,52.1,79,59,0,752
"1666","Aug",2019,69.8,56.3,84,57.9,0,773
"1667","Aug",2019,69.6,52.7,84,57.9,0,766
"1668","Aug",2019,66.9,51.9,75,59,0,775
"1669","Sep",2019,66.9,60.3,75,62.1,0,890
"1670","Sep",2019,70,61.5,82,61,0,777
"1671","Sep",2019,72.3,65.1,82,61,0,680
"1672","Sep",2019,67.6,57,80.1,59,0,683
"1673","Sep",2019,63.9,52.2,73.9,55.9,0,649
"1674","Sep",2019,67.3,57.7,73.9,55.9,0,772
"1675","Sep",2019,66.3,55.9,78.1,55.9,0,737
"1676","Sep",2019,65.1,55.4,78.1,55.9,0,720
"1677","Sep",2019,66.5,58.5,75.9,62.1,0,778
"1678","Sep",2019,78,66.5,90,62.1,0,720
"1679","Sep",2019,80.5,70.4,90,71.1,0,750
"1680","Sep",2019,71.9,66.8,89.1,63,0,784
"1681","Sep",2019,72.7,65.4,78.1,64.9,0,817
"1682","Sep",2019,66.7,55.1,80.1,55.9,0,764
"1683","Sep",2019,70.6,62.7,80.1,55.9,0,784
"1684","Sep",2019,71.2,66.8,78.1,63,0,806
"1685","Sep",2019,69.3,63.2,78.1,64,0,781
"1686","Sep",2019,70.9,61,82,62.1,0,756
"1687","Sep",2019,72.2,58.8,82.9,62.1,0,789
"1688","Sep",2019,74.1,64.4,84,63,0,816
"1689","Sep",2019,75.1,67,84,68,0,757
"1690","Sep",2019,72.2,67.5,78.1,69.1,0,656
"1691","Sep",2019,66.7,57.7,77,59,0,766
"1692","Sep",2019,66.9,54.5,79,57.9,0,757
"1693","Sep",2019,70.3,55.9,79,57.9,0,713
"1694","Sep",2019,65.5,45.8,79,55.9,0,709
"1695","Sep",2019,63.3,49.2,72,55.9,0,668
"1696","Sep",2019,61.3,59.1,69.1,54,0,700
"1697","Sep",2019,60.9,57.9,66,53.1,0,713
"1698","Sep",2019,71.2,65.9,84.9,60.1,0,753
"1699","Oct",2019,78.6,67.3,86,64.9,0,880
"1700","Oct",2019,65.9,61.9,82.9,57.2,0,730
"1701","Oct",2019,60.7,56.3,69.1,57,0,730
"1702","Oct",2019,51.8,45.1,57,46,0,715
"1703","Oct",2019,54.6,46.3,63,45,0,723
"1704","Oct",2019,58.6,47.2,66.9,48,0,670
"1705","Oct",2019,58.6,43,69.1,48,0,746
"1706","Oct",2019,57.1,43.2,70,46,0,712
"1707","Oct",2019,59.8,44.3,70,46,0,734
"1708","Oct",2019,61.6,52.1,70,50,0,647
"1709","Oct",2019,59.7,55.2,69.1,42.1,0,728
"1710","Oct",2019,42.7,26.6,66.9,35.1,0,733
"1711","Oct",2019,45.4,31.9,54,36,0,697
"1712","Oct",2019,44.7,31.8,54,37,0,686
"1713","Oct",2019,50,40.6,62.6,41,0,744
"1714","Oct",2019,48.8,37,62.1,41,0,741
"1715","Oct",2019,46,36.4,54,41,0,676
"1716","Oct",2019,46.8,38.5,59,37.9,0,704
"1717","Oct",2019,53.4,40.4,68,37.9,0,717
"1718","Oct",2019,56.3,47.6,68,44.1,0,720
"1719","Oct",2019,56.2,50.9,66.9,48.2,0,712
"1720","Oct",2019,50,38.8,66.9,46,0,660
"1721","Oct",2019,47.5,33.7,57.9,39,0,700
"1722","Oct",2019,47.1,39,57.9,39.9,0,716
"1723","Oct",2019,44.5,34.1,50,42.1,0,751
"1724","Oct",2019,42.1,37.6,48.2,36,0,559
"1725","Oct",2019,48.6,42,57.9,36,0,701
"1726","Oct",2019,47.1,41.2,57.9,41,0,659
"1727","Oct",2019,40.3,36.3,48.9,35.1,0,635
"1728","Oct",2019,36.5,32.4,45,32,1.2,578
"1729","Oct",2019,33.4,31.7,41,30,3.1,589
"1730","Nov",2019,30.9,23.6,44.1,23,2,857
"1731","Nov",2019,38,31.3,44.1,23.2,2,664
"1732","Nov",2019,38.8,28.3,53.1,30,0,721
"1733","Nov",2019,47.6,34.7,53.1,30.2,0,672
"1734","Nov",2019,37.7,25.3,51.1,32,0,636
"1735","Nov",2019,38.6,24.7,55,30,0,661
"1736","Nov",2019,28.3,18.7,37,21.9,0,663
"1737","Nov",2019,23,8.1,32,16,0,680
"1738","Nov",2019,33.6,16.8,46,16,0,710
"1739","Nov",2019,40.6,30.9,46,27.1,0,652
"1740","Nov",2019,13.4,1.9,33.1,7,3.1,547
"1741","Nov",2019,15.7,3.7,25,7,2,578
"1742","Nov",2019,27.1,19.9,30,10.9,2,578
"1743","Nov",2019,27.1,20.2,37.9,21.9,1.2,757
"1744","Nov",2019,32.8,26.6,42.1,21.9,1.2,664
"1745","Nov",2019,32.9,26.6,42.1,26.1,1.2,701
"1746","Nov",2019,36.7,33.5,39.9,27.1,0,683
"1747","Nov",2019,37.2,32,41,34,0,686
"1748","Nov",2019,40.8,37.3,46.9,35.1,0,729
"1749","Nov",2019,46.5,41.9,54,37.9,0,662
"1750","Nov",2019,36,26.8,54,28.9,0,727
"1751","Nov",2019,31,25,39.9,24.1,0,702
"1752","Nov",2019,38,30.2,50,24.3,0,698
"1753","Nov",2019,44.5,36.3,53.1,32,0,694
"1754","Nov",2019,41.2,34.3,53.1,32,0,678
"1755","Nov",2019,44.4,39.6,55,33.1,0,637
"1756","Nov",2019,35.7,32.8,39.9,31.1,0,649
"1757","Nov",2019,37.3,34.2,39.9,33.1,0,663
"1758","Dec",2019,39.3,37.6,41,34,0,723
"1759","Dec",2019,31.7,26.5,41,28.9,0,709
"1760","Dec",2019,32.4,26.2,39.9,28.9,0,690
"1761","Dec",2019,36.7,28.1,43,29.1,0,746
"1762","Dec",2019,35.7,27.9,45,27,0,700
"1763","Dec",2019,38.5,29.6,45,29.1,0,736
"1764","Dec",2019,30.7,23.8,42.1,25,0,700
"1765","Dec",2019,38.5,30.7,46.9,25.2,0,671
"1766","Dec",2019,45.8,43.3,46.9,34,0,705
"1767","Dec",2019,22,13.2,46.9,14,0,675
"1768","Dec",2019,17.9,7.4,24.1,12.9,0,606
"1769","Dec",2019,28,18.2,45,12.9,0,656
"1770","Dec",2019,39.7,27.5,45,36,0,731
"1771","Dec",2019,32.8,28,45,27,0,682
"1772","Dec",2019,23.5,15.2,35.1,19,0,655
"1773","Dec",2019,26,20.1,30.2,24.1,0,624
"1774","Dec",2019,24.9,18.7,30,19,0,670
"1775","Dec",2019,19.9,7.4,28.9,10,0,653
"1776","Dec",2019,22.9,8.8,35.1,14,0,683
"1777","Dec",2019,29.9,24.6,41,15.1,0,726
"1778","Dec",2019,37.5,28.5,46.9,23.2,0,747
"1779","Dec",2019,39.7,30.6,52,33.1,0,680
"1780","Dec",2019,42,31.8,52,33.1,0,689
"1781","Dec",2019,39.8,35,55,30,0,624
"1782","Dec",2019,55.6,48,61,37,0,609
"1783","Dec",2019,36.9,31.7,61,32,0,693
"1784","Dec",2019,34.1,30,44.1,27,0,639
"1785","Dec",2019,51.9,49,57.2,44.1,0,689
"1786","Dec",2019,38.4,34.7,53.1,28.4,0,616
"1787","Dec",2019,26.3,20.8,30,24.1,1.2,549
