"","temp","dewp","NUM_CRIMES"
"2",25.7,16,674
"3",31.5,27,648
"4",29,26.1,514
"5",2.2,-7.4,523
"9",8.1,-0.5,590
"10",4.8,-3.9,647
"11",25.8,14.1,650
"12",23.1,16.3,607
"13",16.9,8.7,612
"14",10.5,5.8,675
"15",22,14.6,763
"16",28.3,22.4,710
"17",34.2,26.6,741
"18",36.8,29.5,698
"19",31.8,26.7,709
"20",33.6,30.3,793
"21",30.9,27.6,746
"22",29.9,22.7,752
"23",29.6,23,800
"24",32.7,26.4,756
"25",31.1,27.5,646
"26",23.2,15.8,656
"27",27.4,21.8,675
"28",25.8,17.5,647
"29",33.3,25.2,704
"30",27,12.5,714
"31",27,17.9,636
"32",29.1,26.8,562
"35",21.1,16.4,577
"36",7.4,-3,572
"37",17.5,7.9,696
"38",29.1,24.3,679
"39",36,33.1,615
"40",25.6,22.3,607
"41",24.8,16.8,629
"42",30.6,22.8,606
"43",15.9,3.6,611
"44",11,1.8,632
"45",18.6,8.5,597
"46",4.5,-6.2,552
"47",11.8,-1.9,539
"48",16.5,6.6,597
"51",3.3,-6.4,651
"52",21.7,12,652
"53",21.4,10.8,593
"54",4.2,-10.4,572
"55",11.3,-0.3,628
"56",21.1,7.5,572
"57",16.8,10.2,518
"58",6,-6.6,638
"59",6,-4.6,545
"60",18.3,12.8,759
"61",21.3,10.5,658
"62",28.2,22.2,636
"63",24.1,14.5,562
"64",11.6,-3.9,612
"65",12.4,2,712
"66",31.7,22,697
"67",34.9,27.1,625
"68",36.8,26.3,726
"69",40.5,36.1,754
"70",42.1,33.1,746
"71",41.8,26.4,752
"72",47,30.3,814
"73",51,37.4,798
"74",45.2,32,779
"75",58,37.1,779
"76",44.6,26.1,692
"77",36.8,14.7,690
"78",41.7,17.7,717
"79",42.5,30.3,777
"80",42.5,34.1,689
"81",32.4,21.6,656
"82",29.1,23.9,592
"83",29.7,20.6,639
"84",36.6,31.4,724
"85",36.7,27.5,684
"86",29,15.6,725
"87",26.8,11.3,657
"88",31.6,18.6,619
"89",46,30.5,719
"90",48.7,35.2,693
"91",51.9,35.1,929
"92",58.5,42.9,794
"93",50.1,30.9,710
"94",39.7,23.1,694
"95",53.5,23.8,673
"96",45.5,34.5,676
"97",40.4,35.9,603
"98",44.5,42.2,679
"99",50.5,48.2,648
"100",52.6,41.8,714
"101",47.7,33.4,720
"102",54.7,32.7,773
"103",60.1,40.3,735
"104",55.8,24.5,767
"105",54,24.6,802
"106",52.9,35.9,688
"107",60.2,44.3,785
"108",59.6,42.6,769
"109",55.6,34.7,703
"110",48.6,44.4,743
"111",44.3,29,663
"112",39.7,23.7,682
"113",42.3,21.3,731
"114",44.2,23,761
"115",43.5,37.2,695
"116",44.8,28.7,718
"117",46.3,30.2,721
"118",46.3,33.7,719
"119",49.7,34.3,766
"120",45.6,33.9,666
"122",62.1,38.1,687
"123",67.4,42.6,745
"124",65.1,54.6,779
"125",52.1,45.6,697
"126",55.6,50.9,739
"127",66.9,52,826
"128",71.1,60.7,807
"129",59.5,56.2,685
"130",48.5,45.8,741
"131",56.4,52.7,749
"132",52,39.5,757
"133",47.6,34.7,768
"134",52.2,38.8,755
"135",63.2,56.8,822
"136",69,62.5,882
"137",72.3,65,836
"138",72.1,58.3,758
"139",50.4,36.9,708
"140",43.5,30.2,730
"141",51.8,37.7,745
"142",58.8,35.1,824
"143",61.8,35.6,798
"144",66.1,49.3,687
"145",70.4,62.1,708
"146",70.6,62.5,770
"147",68.4,59.1,738
"148",69.5,54.3,800
"149",72.1,60.3,828
"150",64.4,58.8,719
"151",47.5,39.5,666
"153",55.5,40.1,772
"154",62.3,49.2,778
"155",68.2,56.7,721
"156",65.3,56.7,786
"157",60.1,50,758
"158",65.7,57.7,739
"159",73.1,63.8,682
"160",69.7,56.2,732
"161",80.2,62.3,793
"162",68.9,57,804
"163",61.5,59,828
"164",66.1,60.5,813
"165",73.3,67.9,795
"166",74.8,69.9,739
"167",68.6,58.7,847
"168",61.3,51,722
"169",71.6,65.4,768
"170",60.8,50.8,774
"171",62.8,53.5,766
"172",73.5,64.7,783
"173",75.2,69.2,780
"174",75.3,59.3,732
"175",70.2,56.5,728
"176",70.7,64,784
"177",63.1,58.8,784
"178",64,52.1,723
"179",67.5,51,797
"180",68.1,61.6,752
"181",68.1,61.4,749
"182",60.7,52.7,889
"183",59.3,51.8,757
"184",64.2,51.9,768
"185",69.7,54.4,845
"186",72.4,58.4,898
"187",74.2,64.9,757
"188",67.3,58.1,701
"189",59.7,50.2,718
"190",63.6,56,672
"191",69,56.5,739
"192",70.4,57.8,798
"193",73.6,65.6,801
"194",75.7,68.2,782
"195",76.2,66.4,711
"196",65.8,53.1,795
"197",66,56.4,673
"198",77.3,70.9,825
"199",78.7,71.4,776
"200",79.4,69.6,764
"201",74.5,62,778
"202",74.9,58.2,777
"203",73.6,55.9,774
"204",74.4,56.6,810
"205",75.2,60.1,867
"206",79.5,67.1,832
"207",74.7,65.5,802
"208",77.2,64,835
"209",79.4,66.6,767
"210",81.3,66,764
"211",77.1,55.3,775
"212",78.2,56.4,782
"214",79.6,65.4,822
"215",75.7,60.1,729
"216",72.2,53.5,761
"217",72.7,55.6,772
"218",73.3,60.6,809
"219",73.2,59.3,839
"220",75.3,62.6,849
"221",71.8,65.9,745
"222",75.1,67.7,809
"223",72.9,62.3,791
"224",71.2,56.8,760
"225",73.8,60.4,784
"226",78.2,66.1,808
"227",76.6,66.7,826
"228",78.7,69.1,865
"229",78.6,67.1,741
"230",73.6,66.8,762
"231",71.7,63.2,793
"232",64.8,52.9,839
"233",68.7,53,858
"234",72.1,56.7,845
"235",71.5,58.6,806
"236",65,49,724
"237",63.4,48.2,767
"238",61.9,52.4,792
"239",63.1,52.3,764
"240",65.5,56.8,806
"241",67.6,63.2,761
"242",68.4,63.9,800
"243",71,64.2,745
"245",80.3,69.4,801
"246",81,68.3,875
"247",74.4,66.8,815
"248",75.4,67.3,767
"249",79.9,66.6,818
"250",81.5,66.9,808
"251",77,69.6,717
"252",70.2,60.4,711
"253",64,56,659
"254",61.9,56.5,691
"255",57.6,45.8,724
"256",58.1,44.5,734
"257",65.3,48.8,791
"258",72.9,53.9,813
"259",70.5,52.8,766
"260",71.7,58.5,717
"261",72,67.2,791
"262",65.5,57.4,792
"263",60.4,48.6,811
"264",62.1,49.4,735
"265",64.6,51.5,777
"266",68.2,52.1,833
"267",66.7,56.6,718
"268",65.5,59.6,811
"269",67,58.5,792
"270",67.4,59.5,802
"271",69.6,63.6,753
"272",64.4,59.6,670
"273",56.7,44.1,678
"274",55.2,42.4,889
"275",55,41.7,799
"276",52.1,39.6,709
"277",51.9,47.4,654
"278",57,53.8,755
"279",60.2,53.8,752
"280",62,54.9,718
"281",61.7,52.4,701
"282",60.4,52.1,795
"283",53.2,43.7,729
"284",61.5,46.7,735
"285",67.1,48.6,732
"286",55.7,41.3,741
"287",52.3,39.3,764
"288",54.8,36.3,816
"289",48.9,30,734
"290",42.5,23.1,706
"291",44.6,26.8,675
"292",54.9,30.7,788
"293",63.7,37.7,785
"294",62.7,51.9,794
"295",59.8,48.8,774
"296",55,44.5,777
"297",61.8,57.9,765
"298",51.3,39.1,728
"299",49.2,38.7,781
"300",53.2,42.9,651
"301",52.7,50.5,682
"302",40.6,32.8,669
"303",45.5,37,776
"304",46.8,42.1,721
"306",57.9,43.4,785
"307",58.4,47.9,749
"308",57.5,54.5,791
"309",63.8,56.8,755
"310",55.5,48.3,747
"311",44.3,34.5,691
"312",40.8,28.1,705
"313",41.7,28.2,684
"314",45.1,32.3,640
"315",47.9,36.8,688
"316",48.4,42,693
"317",41.7,27.6,679
"318",38.9,26.1,696
"319",52.5,33.5,722
"320",51.6,35.8,744
"321",51,48,668
"322",58.4,50.7,683
"323",44.6,31.7,696
"324",35.9,17.5,714
"325",31.9,29.5,528
"326",19.1,13.2,520
"327",28.4,22,650
"328",31.6,26.8,607
"329",38.3,30.9,620
"330",52,46.4,589
"331",45.5,42.5,613
"332",34.7,28.5,658
"333",32.7,25.7,612
"334",40.1,31.7,668
"335",41.6,36,797
"336",34.8,31,716
"337",33,28.4,710
"338",36.6,32.2,700
"339",35.8,32.1,707
"340",35.8,31.6,687
"341",33.7,32,689
"342",40,36.6,733
"343",46,40.7,685
"344",48.3,38.4,690
"345",45.9,35.1,742
"346",49.7,45.2,752
"347",55,52.9,652
"348",54.7,51.1,739
"349",41.3,35.8,793
"350",43.3,38.4,722
"351",33.4,24,728
"352",27.7,17.1,653
"353",23.3,12.8,666
"354",34.2,23,693
"355",46.3,40.1,650
"356",39.3,37.3,694
"357",47.1,45.5,754
"358",42.1,34.5,675
"360",39.1,34.8,640
"361",38.4,36,627
"362",33.5,27.4,516
"363",33.5,31.1,624
"364",28.8,23.6,603
"365",27,21.3,611
"367",27,19.4,576
"368",26.8,19.3,618
"369",26.9,18.5,626
"370",25.5,17,627
"371",28.3,20.9,628
"372",36,26.4,707
"373",38.5,34.2,743
"374",37.1,36.6,650
"375",19,14.2,597
"376",5.1,-1.6,513
"377",14,7.1,548
"378",6.7,-0.8,654
"379",30.6,23.7,734
"380",39.9,35.4,734
"381",28.4,21.3,652
"382",7.5,-3,537
"383",0.6,-9.9,515
"384",5.8,-4.7,610
"385",16.7,9.2,619
"386",19,12.8,634
"387",23.7,18.3,701
"388",27.8,21,722
"389",27.1,19,675
"390",30.6,25.2,744
"391",32.7,28.5,640
"392",27.6,17.5,669
"393",34.1,26.7,751
"394",28.3,14.4,746
"395",37.5,29.1,743
"396",42.2,38.5,665
"397",36,31.1,853
"398",34.5,31.6,614
"399",35.6,33.4,682
"400",26.7,18,670
"401",28.9,20.8,660
"402",30.5,23.1,695
"403",37.6,29.1,617
"404",30.9,24.9,570
"405",19.3,12.6,545
"406",13.6,3.4,565
"407",13,0.2,582
"408",19.1,6.3,647
"409",9.4,-7.7,597
"410",13.9,2.2,514
"411",20.7,17.9,553
"412",27.5,21.9,625
"413",28.4,20.3,641
"414",29.6,21.5,681
"415",47.5,35.3,775
"416",49.1,32,702
"417",39.6,31.6,707
"418",35.1,27.1,639
"419",35.6,26.1,630
"420",34.8,27.3,578
"421",33.4,23.9,699
"422",31.1,16.4,740
"423",36.7,24.3,692
"424",51.7,36,624
"425",40.8,30.6,646
"426",28.3,23.2,817
"427",20.6,6.8,608
"428",30.1,24.1,617
"429",30.1,19.1,704
"430",33.5,28.4,700
"431",38.8,29.1,714
"432",51.3,39.9,795
"433",61.8,49.6,723
"434",61.1,55.1,679
"435",49,40.9,716
"436",42.7,34.4,733
"437",43.3,36.6,746
"438",46.8,42.8,628
"439",46.9,44.1,684
"440",49.5,45.2,713
"441",52.6,42.1,745
"442",47.4,29.3,738
"443",41.3,27.6,791
"444",38.5,30.4,699
"445",36.8,25.7,685
"446",38.4,23.6,699
"447",47.8,31.3,722
"448",41.6,35.3,686
"449",37.1,35.9,677
"450",34.5,26.5,717
"451",40.1,31.9,735
"452",46.9,37.8,631
"453",45.1,36.9,741
"454",43.7,31.2,739
"455",48.9,35,716
"456",59.8,54.5,754
"457",44.9,37,826
"458",35.2,25.1,651
"459",40.1,21.6,706
"460",40.6,28.5,660
"461",33.5,18.2,677
"462",44.5,37.6,660
"463",40,33.8,742
"464",36.9,27.7,626
"465",30,15.1,689
"466",37.1,27.1,704
"467",47.7,38.8,676
"468",39.7,21.5,701
"469",42.7,26.8,715
"470",47.7,29,691
"471",53.5,31.7,811
"472",57.6,38.4,734
"473",62.5,39.5,708
"474",65.7,39.7,738
"475",54,40.6,703
"476",58.1,41.6,690
"477",61.6,52.8,714
"478",51.2,44,731
"479",47.6,37.8,694
"480",56.2,42.6,756
"481",69,52,758
"482",53.4,46,693
"483",44,38.4,661
"484",44.9,40.7,731
"485",44.3,39.9,719
"486",44.8,39.9,605
"487",45.2,43.6,820
"488",49.3,38.7,757
"489",52.8,36,735
"490",52.3,40.3,682
"491",48.8,36.7,701
"492",59.2,41.2,794
"493",64.6,42.6,742
"494",55,31.3,729
"495",55.9,43.4,732
"496",54.2,52.9,713
"497",58.2,55.3,758
"498",61.2,56.3,690
"499",57.6,44.5,808
"500",46.3,37,723
"501",45,28.4,739
"502",55.7,34.6,782
"503",54.3,41.7,692
"504",52,36.4,801
"505",55.2,35.1,764
"506",58.5,37.3,805
"507",62.5,35.9,792
"508",66.2,41.2,750
"509",66.1,43.9,782
"510",71.9,46.9,803
"511",75.9,59.7,721
"512",71.1,64.1,767
"513",74.2,64.9,800
"514",73,64.9,791
"515",71.8,61.1,798
"516",74.5,57.5,820
"517",72.6,56.4,756
"518",68.1,62.4,937
"519",70.1,54,800
"520",70.1,53.3,822
"521",68.8,58.4,827
"522",68.2,58.3,777
"523",71.2,54.2,792
"524",63.3,47.9,754
"525",60.7,47.3,744
"526",61,50.9,727
"527",73.8,63.2,765
"528",82.4,63.1,816
"529",71.4,49.1,852
"530",67.9,47.8,794
"531",74.1,58.5,835
"532",78.4,68.2,790
"533",74.4,62.5,821
"534",70.8,54.8,830
"535",74.3,51.2,763
"536",77.7,56,811
"537",83.4,65.5,857
"538",75.5,50.7,825
"539",71.8,58.6,749
"540",70.3,65.6,801
"541",70.9,56.8,807
"542",76.7,61.4,813
"543",81.3,68.7,775
"544",79.6,60,771
"545",68.2,53.5,767
"546",66.8,50.2,804
"547",69.4,50.6,847
"549",65.5,47.8,756
"550",68,51.4,782
"551",70.8,60.1,848
"552",75.5,64.5,895
"553",77.4,66.9,742
"554",76.8,68.8,790
"555",75.9,66.7,790
"556",73.1,58.9,729
"557",72.4,56.5,760
"558",78.3,65.6,701
"559",81.1,69.3,780
"560",77.8,68.9,726
"561",76,64.1,769
"562",70.8,58.2,846
"563",67.3,56.1,780
"564",70.5,59.4,789
"565",78.6,67.1,799
"566",78.6,62.9,791
"567",78.8,65.7,825
"568",81,72.2,785
"569",79.2,70.9,792
"570",84.6,74.6,814
"571",78.5,72.6,790
"572",79,66.4,827
"573",78.9,63.5,877
"574",79.3,63.2,795
"575",76.8,67.2,774
"576",73.2,68.8,802
"577",72.3,65.6,927
"578",72.7,63.9,813
"579",74.7,64.9,882
"580",77.2,65.7,793
"581",79.6,66.1,772
"582",80.7,65.4,793
"583",78.2,67.7,862
"584",75.7,60.1,828
"585",74.7,59,838
"586",76.9,61,804
"587",77.7,60.8,725
"588",80.4,65.5,722
"589",81.7,68.7,852
"590",79.9,72.8,746
"591",77,71.3,827
"592",76.7,63.7,843
"593",74.5,66.1,843
"594",76.5,67.1,816
"595",77,65.6,862
"596",76.9,69,767
"597",75.3,66.2,793
"598",74.7,68.4,844
"599",66.4,55.3,786
"600",67.1,52,728
"601",70.5,58.1,753
"602",74.9,66.5,823
"603",76.4,69,770
"604",72.4,61.3,803
"605",73.6,67.2,819
"606",76.9,69.4,805
"607",75.7,69.3,884
"608",75.6,70.6,755
"609",72.9,62.5,780
"611",67.6,55.3,799
"612",67.9,56,830
"613",69,57.6,779
"614",73.2,62.4,822
"615",82.2,71.6,761
"616",82.5,72.4,723
"617",76.3,70,795
"618",73.8,66.4,818
"619",68.8,59.9,767
"620",64.7,51.4,758
"621",66.5,51.9,793
"622",72.2,58.3,786
"623",69.4,59.2,820
"624",68.2,57.5,823
"625",72,60.8,807
"626",73.9,62.3,834
"627",69.1,54.7,781
"628",71.4,53.2,712
"629",74.8,54.9,792
"630",70.2,60.9,731
"631",71.4,63.4,831
"632",71.7,65.4,845
"633",68.5,62.5,833
"634",71.7,62.7,809
"635",65.9,48.1,764
"636",60.1,35.5,735
"637",56,45.4,634
"638",60.7,55.9,702
"639",61.8,58.4,772
"640",61,57.7,862
"641",59.7,57,707
"642",61.9,56.4,772
"643",65.2,56.4,743
"644",68.7,57.7,805
"645",65.8,59.7,754
"646",65.2,57.4,863
"647",52.4,38,715
"648",55.9,45.7,682
"649",56,45.4,724
"650",63,49.9,697
"651",62.3,53.6,746
"652",47.9,36.9,693
"653",50.2,39.9,821
"654",58,52.6,823
"655",68.5,62.7,790
"656",71.8,64.5,817
"657",73.9,58.8,774
"658",60.4,46,712
"659",54.8,47.2,717
"660",47.7,33.9,760
"661",46.6,32.2,773
"662",55,43.7,785
"663",53.7,40.3,770
"664",46,36.8,736
"665",47.8,42.1,699
"666",47.6,42.6,730
"667",48.9,43.4,802
"668",65.8,58.1,831
"669",54.5,49.3,786
"670",47.9,41.4,867
"671",65.3,55.7,910
"672",62.3,57.5,749
"673",56,50.5,783
"674",52.8,44.1,783
"675",54.7,44.3,821
"676",56.1,46.5,753
"677",53.8,42.7,738
"678",55.7,45.4,644
"679",49.5,35.4,680
"680",49.4,33.8,723
"681",49.4,36.1,797
"682",41.8,31.4,780
"683",44.6,30.4,660
"684",48.4,35.5,670
"685",46,42.3,712
"686",48.1,41.7,770
"687",54.6,45.8,811
"688",62,49.2,794
"689",37.9,24.8,677
"690",29.2,15.9,663
"691",30.1,17.2,683
"692",32.8,25.5,722
"693",39.8,35.6,699
"694",40.3,36.5,534
"695",37.3,32.6,689
"696",37.8,32.2,719
"697",37.8,35,693
"698",44.1,40.5,693
"699",49.7,42.7,698
"700",40.8,34.8,697
"701",37.5,31.8,822
"702",37.4,30,835
"703",33.3,23.2,758
"704",31.5,26.8,595
"705",31.9,30.2,678
"706",32.9,30.3,688
"707",26.2,18.3,660
"708",21.3,12.7,606
"709",22.9,15.3,668
"710",20.1,12.5,612
"712",25.2,21,629
"713",15,7,574
"714",9.6,-0.3,610
"715",3.9,-6.7,580
"716",11.7,2.5,695
"717",20.4,16.3,614
"718",11.3,4.4,526
"719",-0.6,-10.3,660
"720",19.6,7.6,693
"721",26,18.7,728
"722",34.1,25.7,702
"723",30.6,25.2,728
"724",34.9,31.3,604
"726",45.1,39.2,647
"727",28,18.5,663
"728",29.6,22,722
"729",33.6,25.3,647
"730",29.3,17.1,742
"731",35.5,21.4,704
"733",34,27.9,613
"734",38.2,36.9,718
"735",18.2,9,612
"736",9.3,-1.5,611
"737",4.4,-6.4,601
"738",6.5,-4.8,618
"739",9.2,-4.2,591
"740",21.5,10.5,713
"741",37.5,32.2,705
"742",31.6,26.3,663
"743",26.1,23.2,644
"744",19.9,9.7,800
"745",28.9,19.3,685
"746",26,17.5,656
"747",32.6,28.2,652
"748",37.2,36.2,705
"749",34.7,32.9,707
"750",35.8,33.4,738
"751",39,37.6,783
"752",48.2,44.3,786
"753",42.8,39.6,742
"754",39.4,36.1,789
"755",36.6,32.7,736
"756",37.2,34.3,748
"757",33.2,29.6,675
"758",27.8,20.6,784
"759",26.7,20.2,731
"760",26.8,16.5,634
"761",22.1,9.7,756
"762",36,29.3,734
"763",34.6,25.7,847
"764",20.6,6.9,671
"765",19.1,3.5,670
"766",21.6,5.5,638
"767",32.7,17.2,695
"768",33.5,26.3,762
"769",43.8,43.1,693
"770",30.7,23.1,666
"771",19,4.2,668
"772",25.7,13.5,745
"773",40.9,33.2,704
"774",39.3,28.8,678
"775",34.6,19.9,718
"776",39.7,26.4,713
"777",33.2,17.2,673
"778",33.4,12.8,671
"779",43.2,28.4,832
"780",57.5,35.4,748
"781",51.1,33.6,674
"782",53,39.8,711
"783",60.1,49.8,679
"784",57.7,51.9,703
"785",51.6,44.2,655
"786",39.4,36.7,660
"787",29.3,21.6,599
"788",32.3,17.2,576
"789",41.1,27.7,633
"790",51.3,44.6,631
"791",47.1,43.8,741
"792",32,20.8,629
"793",27.5,7.5,673
"794",33.2,22.3,633
"795",41.4,28.8,662
"796",54.8,46.9,683
"797",55.1,40.9,682
"798",46.3,20.1,667
"799",39,19.4,676
"800",31.8,7.7,666
"801",24,-5,659
"802",26.5,3,553
"803",29.5,22.1,541
"805",23.5,7,607
"806",29,10.9,668
"807",38.2,30.1,709
"808",42.3,32,674
"809",40.8,29.5,605
"810",48.6,38.3,696
"811",43.7,29,650
"812",33.5,19.3,647
"813",36.8,20.4,666
"814",58.3,39.3,779
"815",42.7,37.9,695
"816",51.3,47.2,702
"817",50.4,46.8,722
"818",43.8,36.6,673
"819",40.9,34.7,669
"820",43.3,39.1,691
"821",39.3,35.8,777
"822",44.6,26.3,831
"823",49.7,27.1,690
"824",50.4,39.7,697
"825",48.9,43.3,712
"826",44.8,39.3,633
"827",42.9,33.8,668
"828",43.8,22.4,705
"829",49.9,27.1,696
"830",64.1,44.1,761
"831",68.8,53.2,683
"832",46.8,39.6,703
"833",47.7,35.7,726
"834",49.7,33.7,665
"835",54.1,41.1,773
"836",69.7,54.7,817
"837",68.1,52.5,687
"838",58.8,35.5,752
"839",55.4,39.2,735
"840",64.7,52.7,758
"841",56.5,46.6,713
"842",50.4,35.4,815
"843",49.7,29.8,701
"844",54.5,26.3,703
"845",55.3,34.4,736
"846",63.7,43.5,757
"847",69.5,54.1,758
"848",54.3,48.3,716
"849",48.4,38.2,832
"850",45.5,36.9,616
"851",43.6,41.3,657
"852",49.6,43.5,863
"853",45.8,37.8,689
"854",47.6,33.4,739
"855",48.7,34.5,741
"856",49.1,37.3,799
"857",51,36.2,713
"858",48.3,24.6,630
"859",46.1,25.8,705
"860",48.1,33.2,707
"861",55,38.7,663
"862",54.8,46.7,737
"863",58.6,41.2,849
"864",62.1,44,724
"865",62.4,43.9,712
"866",62.5,42.9,871
"867",74.1,57.7,748
"868",78.3,58.2,835
"869",74,57.7,775
"870",48,40.7,776
"871",51.4,44.6,664
"872",60.8,52.9,791
"873",57.5,42.6,795
"874",60.7,53.3,739
"875",56.9,51.7,762
"876",58.8,50.7,763
"877",60.2,51.4,767
"878",61.7,52.8,800
"879",67.6,55,705
"880",68.7,46.6,768
"881",64.2,44.3,814
"882",63.8,43.5,739
"883",66.4,40.6,895
"884",70.5,41.5,841
"885",73.4,48.6,823
"886",80.1,58.5,820
"887",70,55.7,737
"888",64.5,44.5,826
"889",66.7,43.7,787
"890",69.1,42.9,769
"891",74.3,52.7,816
"892",75.6,53.9,785
"893",81.8,55.9,813
"894",85,60.5,742
"895",79.9,62.5,808
"896",77.3,64.4,769
"897",76.2,64.4,823
"898",76.8,59.9,835
"899",78,66.7,827
"900",74.4,63.6,786
"901",70.2,54.4,745
"902",67.2,52.8,802
"903",67.7,53.1,786
"904",78.5,63.5,818
"905",76.9,62.2,778
"906",69.6,51.5,819
"907",64,46.6,796
"908",64,46.1,787
"909",64.6,44.4,772
"910",67.6,50.8,707
"911",74.4,63.8,776
"912",73,65.3,778
"913",75.1,60.1,934
"914",74.4,56.3,780
"915",73,62.2,864
"916",72.3,61.2,796
"917",76.2,61.3,859
"918",80.7,64,781
"919",80.9,66,758
"920",70.5,55.3,759
"921",73.4,51.8,823
"922",77,66.1,779
"923",76.4,68.3,769
"924",75.4,70,691
"925",78.2,69.2,820
"926",70.9,59.7,798
"927",69.7,58.2,889
"928",71.8,61.5,812
"929",67.4,56.2,847
"930",73.7,59.2,792
"931",80.5,68.1,769
"932",76.7,69,761
"933",79.7,69.7,758
"934",77.4,69.7,755
"935",78.8,67.5,842
"936",70.6,60.1,782
"937",71.2,57.7,850
"938",74.9,62.1,752
"939",77.9,68,790
"940",73.6,60.1,851
"941",72,53.6,800
"942",73.3,57.5,818
"943",75.7,57.2,794
"945",76.7,63,774
"946",74.7,66.6,849
"947",63.1,54,924
"948",67.7,53.3,928
"949",70.7,56.7,865
"950",69.5,57,773
"951",70.2,50.4,768
"952",72.9,55.9,769
"953",73.8,57.8,790
"954",71.3,61,765
"955",68.4,56.4,813
"956",68.8,53.3,730
"957",72.4,56.9,815
"958",75.4,63.8,795
"959",75,64.2,795
"960",77.3,68.8,768
"961",74.2,61.3,859
"962",74.2,58,892
"963",75.1,59.5,776
"964",78.1,68.7,754
"965",75.9,63.6,780
"966",69.6,49.6,747
"967",66.7,53.2,801
"968",63.6,47.9,772
"969",66.9,50.2,779
"970",68.4,54.8,756
"971",69.8,60.1,688
"972",67.7,62.2,724
"973",70.3,58.5,788
"974",69.3,56.8,736
"975",64.2,49.1,920
"976",62.3,46,772
"977",68.1,54.6,757
"978",73.3,56.8,716
"979",63.2,48.4,704
"980",57.8,43.9,648
"981",59.8,45.3,728
"982",62.4,49.1,702
"983",63.5,47.7,736
"984",60.8,45.7,739
"985",62.2,47.9,691
"986",65,51.8,726
"987",65.8,57.5,706
"988",68.4,60.5,734
"989",73.4,59.4,808
"990",76.9,60.3,826
"991",76.6,61.8,812
"992",67.7,54.3,772
"993",69.9,62.1,708
"994",74.8,63.9,827
"995",83.4,65.4,807
"996",83.7,66.4,798
"997",82.7,64.7,830
"998",81.1,62.8,811
"999",79.4,58.2,821
"1000",80,58.5,749
"1001",69.9,53.9,726
"1002",62,43.5,717
"1003",64.1,45.3,810
"1004",61.1,43.7,745
"1005",59.1,40.5,852
"1006",69.3,47.2,752
"1007",72.8,57.1,738
"1008",71.4,61,742
"1009",64.6,47.9,747
"1010",64.2,59,748
"1011",69.5,61.1,712
"1012",64.6,53.3,718
"1013",66.1,51.6,746
"1014",61.6,54.1,703
"1015",58.8,55.8,617
"1016",57.8,53.1,765
"1017",61.4,54.1,768
"1018",63.6,59.5,647
"1019",60.2,53.7,639
"1020",51.7,39,763
"1021",57,38.8,719
"1022",59.4,41.3,774
"1023",61.4,37,773
"1024",61.4,44.1,849
"1025",67.5,51,814
"1026",65.6,56.1,739
"1027",52.3,49,740
"1028",48.4,43.6,689
"1029",44.1,32.5,714
"1030",46.5,36.4,754
"1031",45,32.9,819
"1032",38.5,29.9,717
"1033",39.9,26.6,696
"1034",44.8,29.6,708
"1035",37.8,21.9,757
"1036",38.7,28.6,824
"1037",46.6,43.8,722
"1038",44.4,37.1,789
"1039",45.7,39.9,756
"1040",49.5,47,773
"1041",41,30.6,717
"1042",40,29,678
"1043",36.6,25.5,758
"1044",38.8,25.6,656
"1045",24,9.5,678
"1046",29.5,16.7,688
"1047",37.6,29.7,666
"1048",36.4,32.5,718
"1049",38.9,32.5,700
"1050",47.6,39.5,709
"1051",36.2,26.8,765
"1052",38.4,30.4,741
"1053",42.8,39.5,698
"1054",34.6,22.3,690
"1055",38.1,24.8,762
"1056",42.9,27.7,673
"1057",28.7,14.7,656
"1058",36.3,20.1,543
"1059",44,29.9,683
"1060",48.9,35.3,714
"1061",37.5,24.2,665
"1062",44.2,32.6,774
"1063",55.3,34.6,783
"1064",43.3,25.7,771
"1065",46.3,28.8,751
"1066",41.2,26.3,918
"1067",42.1,28.4,758
"1068",42.8,29.7,676
"1069",55.4,39.9,809
"1070",41.4,27.2,710
"1071",30.6,12.9,712
"1072",25.1,12.7,625
"1073",24.7,9,735
"1074",29.8,19.5,659
"1075",25.9,15.4,664
"1076",30.6,20.8,740
"1077",24.1,13.6,684
"1078",26.5,14.9,700
"1079",24.1,13,718
"1080",25.7,15.1,768
"1081",38.1,23.3,772
"1082",35.5,30.9,729
"1083",42.4,35.2,727
"1084",43.4,32.3,764
"1085",34,17.3,704
"1086",34.9,24.2,747
"1087",37.8,29.6,784
"1088",30.6,21,714
"1091",2.5,-8.6,526
"1092",1.1,-9.2,523
"1093",6.2,-2.9,601
"1094",12.2,5.9,574
"1095",9.7,0.8,621
"1096",0.4,-10,541
"1098",-2.4,-12,562
"1099",11.4,1.8,576
"1100",7,-4.3,602
"1101",4.6,-6.2,664
"1102",5.3,-6.9,586
"1103",16.9,5.6,533
"1104",33.6,28.3,621
"1105",30.9,26.9,652
"1106",36.9,34.6,720
"1107",55.5,51.3,701
"1108",23.4,15.7,707
"1109",12.9,-1.9,617
"1110",11.8,-0.8,564
"1111",19,13.9,531
"1112",15.5,8.7,614
"1113",13.2,5.8,649
"1114",21.2,11,626
"1115",32.2,20.2,709
"1116",39.2,28.6,731
"1117",40.2,36.8,718
"1118",47.2,44.6,724
"1119",35.5,30,719
"1120",28.6,21.3,613
"1121",31.2,23.6,641
"1122",41,31.1,763
"1123",47.2,30,754
"1124",35.3,26.9,671
"1125",27.3,18.8,652
"1126",21,9.9,637
"1127",34.6,20.4,708
"1128",27.8,13.9,741
"1129",10.7,-6,674
"1130",26.2,8.1,630
"1131",25.8,17.8,513
"1132",5.9,-4.4,543
"1133",11.9,4.6,588
"1134",16.7,9.7,544
"1135",13.2,4.4,557
"1137",18.8,11.1,534
"1138",19.5,13.4,537
"1139",15.2,2.5,572
"1140",20,8.8,645
"1141",32.1,25.1,661
"1142",40.8,39.1,698
"1143",35.7,25,664
"1144",24.7,14.6,605
"1145",27.1,21.9,587
"1146",42.3,37.9,624
"1147",58.8,55.4,645
"1148",32.1,24.4,639
"1149",33.3,24.5,677
"1150",39.8,35.6,671
"1151",36.2,30.1,681
"1152",40.5,30.4,657
"1153",40.4,25.8,625
"1154",48.2,31.6,691
"1155",51.1,38.3,646
"1156",39.4,33,830
"1157",37.5,23.2,692
"1158",37.8,20.2,664
"1159",37.7,20.4,649
"1160",36.8,19.9,665
"1161",35.1,30.6,653
"1162",30.9,22.2,656
"1163",27.9,14.3,660
"1164",29.8,15.4,745
"1165",32.5,17.3,684
"1166",34.3,20,619
"1167",36.7,21.6,661
"1168",31.9,20.1,638
"1169",30.1,14.4,665
"1170",39.6,24.6,691
"1171",32.4,21.4,703
"1172",37.2,21.8,777
"1173",39.9,19.3,689
"1174",40.7,24.8,660
"1175",33.1,21.9,712
"1176",33.3,20,689
"1177",34.3,17.7,670
"1178",35.6,21.1,752
"1179",35.6,21.6,649
"1180",33.8,16.3,677
"1181",39.3,20.6,696
"1182",48.9,44,674
"1183",44.7,35.3,689
"1184",45,38.4,629
"1185",38.8,27.2,704
"1186",44,31.1,690
"1187",32.3,15.1,736
"1188",31.6,15.4,674
"1189",38.9,32.4,605
"1190",31.8,23.9,701
"1191",31.6,16,672
"1192",35.1,25,695
"1193",28.2,8,635
"1194",30.7,11.5,618
"1195",32.8,26.6,661
"1196",35.7,24,714
"1197",47.8,30.8,769
"1198",55.6,41.2,751
"1199",43.4,37.1,781
"1200",38.8,35.9,689
"1201",35.2,32.1,603
"1202",30.5,24.6,733
"1203",34.7,21.1,699
"1204",34.8,25.4,627
"1205",39.3,29,724
"1206",46.6,21.6,803
"1207",47.4,19.2,677
"1208",50.1,22,698
"1209",50.8,27.9,716
"1210",54.6,37.7,713
"1211",49.1,34.4,750
"1212",48.4,28.8,733
"1213",53.2,30.9,772
"1214",42.4,29.2,679
"1215",43.3,21,725
"1216",56.2,19.4,790
"1218",76.9,51,789
"1219",64.3,59.2,742
"1220",65.4,53.7,814
"1221",69.7,44.1,853
"1222",62.3,42.4,716
"1223",59.1,40.1,805
"1224",68.5,40,805
"1225",69.7,48.1,792
"1226",66,53.3,779
"1227",51.7,42.3,729
"1228",46.4,41.8,699
"1229",52.2,47.5,690
"1230",62.1,54.7,788
"1231",63.8,57.4,743
"1232",61.8,43.4,759
"1233",63.2,46.3,795
"1234",57,44.1,800
"1235",60.1,55.9,759
"1236",51.2,45.6,764
"1237",52.8,48.4,714
"1238",59,54.9,797
"1239",63.8,52,781
"1240",71.3,52.5,820
"1241",77.6,54.8,805
"1242",78.9,62.1,854
"1243",82.8,61.4,882
"1244",82.7,61.3,888
"1245",76.6,59.8,875
"1246",75.3,63.5,847
"1247",76.9,66,841
"1249",59.5,50.8,820
"1250",66.6,53.6,835
"1251",66.5,47.9,790
"1252",67,47.8,752
"1253",60.9,46.5,815
"1254",71.4,56.1,767
"1255",64.2,53.3,774
"1256",66.1,58.5,816
"1257",64.5,61,731
"1258",64,60.2,748
"1259",69.3,63.8,794
"1260",74.7,60.5,751
"1261",73,50.3,758
"1262",74.4,55,842
"1263",80.8,67.8,826
"1264",85.9,69.8,828
"1265",86.5,70.3,846
"1266",70.9,65.5,795
"1267",69,62.2,891
"1268",65.8,61.5,667
"1269",62.4,58.4,723
"1270",68.1,57,839
"1271",72.7,59.1,870
"1272",68.9,59.1,854
"1273",73.3,62.4,795
"1274",72.8,66.4,827
"1275",76.2,64.6,822
"1276",82.1,68.8,780
"1277",87.1,74.7,867
"1279",77,63.2,860
"1280",77.7,61.3,826
"1281",83.4,71,829
"1282",81.4,70.9,841
"1283",74,58.2,890
"1284",70.6,48.1,831
"1285",74.8,51.7,825
"1286",79.4,58.7,802
"1287",82.1,61.8,810
"1288",77.2,54,737
"1289",78.6,58.7,798
"1290",81.9,61.1,819
"1291",78.3,66.5,788
"1292",80.2,68.6,812
"1293",82.3,70.6,786
"1294",76.6,57.3,745
"1295",72.1,54,840
"1296",75.8,55.4,778
"1297",75.7,63.8,823
"1298",71.5,65.9,800
"1299",70.7,65.7,795
"1300",72.3,62.4,846
"1301",75.1,62.8,798
"1302",78.8,58.3,808
"1303",76.6,59.2,801
"1304",70.2,54.4,800
"1305",71.2,52.4,808
"1306",71.9,55.2,776
"1307",72.5,58.5,782
"1308",72.9,60.8,830
"1309",73.3,58.9,942
"1310",76.8,61.9,854
"1311",77.1,60,891
"1312",82,63.3,904
"1313",84.7,64.3,860
"1314",77.6,67,803
"1315",75.3,67.5,785
"1316",74,65,792
"1317",77.9,65,769
"1318",76.1,67.1,858
"1319",76.9,61.8,860
"1320",78.7,60.4,843
"1321",77.1,61.1,824
"1322",79.2,61.3,829
"1323",79.8,65.2,799
"1324",77.3,68,836
"1325",74.9,67.1,810
"1326",75.3,67.2,912
"1327",75.6,65.8,793
"1328",75.1,66.6,748
"1329",71.7,66,722
"1330",69.4,54.1,850
"1331",69.9,51.6,728
"1332",68.4,55.6,790
"1333",70.9,65.6,837
"1334",80.8,72.4,792
"1335",85.4,70.9,825
"1336",82.2,70.6,802
"1337",71.6,65.3,751
"1338",67.7,56.6,821
"1339",69.9,59,833
"1341",79.8,69.3,832
"1342",77.1,69.4,776
"1343",79.3,69.5,820
"1344",82.5,68.1,717
"1345",68.5,63,741
"1346",67.1,58.8,730
"1347",66.7,52.3,790
"1348",64.3,51.8,665
"1349",64.9,55.2,716
"1350",66.9,56.5,692
"1351",70.8,56.9,714
"1352",69,56.6,687
"1353",73.1,60.2,869
"1354",73.5,61.3,809
"1355",76.1,65.3,819
"1356",79,64.3,786
"1357",73.3,63.9,737
"1358",69.5,62.1,762
"1359",75.3,67.1,829
"1360",79,60.7,825
"1361",58.6,42.8,799
"1362",59.7,48.7,735
"1363",65,57.3,796
"1364",72.9,64.5,751
"1365",60.9,49.2,752
"1366",58.7,43.3,708
"1367",58.3,44.5,793
"1368",50.4,38.7,732
"1369",56.6,49.4,741
"1370",60.8,55.7,918
"1371",62.1,57.8,717
"1372",69.7,60.3,676
"1373",65.9,53.6,698
"1374",57.3,51.2,654
"1375",63.6,61,726
"1376",57.9,53.4,718
"1377",69.4,63.5,743
"1378",76.3,65.2,746
"1379",72.8,64.7,724
"1380",50.3,38.1,679
"1381",40.5,30.9,707
"1382",40.9,33.3,744
"1383",46.4,38.4,702
"1384",43.8,34.4,705
"1385",43.4,29.2,667
"1386",47.7,30.9,690
"1387",45,26.5,725
"1388",49.4,35.3,766
"1389",47.6,37,806
"1390",37.4,20.4,644
"1391",48,29.2,716
"1392",49.2,32,736
"1393",43.7,35.3,805
"1394",43.9,34.3,721
"1395",48.4,38.1,830
"1396",49.1,40.1,788
"1397",47.2,42.5,717
"1398",46.9,38.7,723
"1399",51.5,42.9,766
"1400",53.5,46,885
"1401",50.5,37.3,939
"1402",44.1,34.9,786
"1403",42.2,31.8,784
"1404",48,41.8,685
"1405",48.1,42.1,706
"1406",47.7,43.2,763
"1407",38.3,27.9,685
"1408",35.2,24.2,676
"1409",34.1,27,718
"1410",25,12.9,651
"1411",32.5,19.8,648
"1412",33,23.5,687
"1413",24.6,11.5,609
"1414",24.7,12.8,639
"1415",31,25.9,692
"1416",34.1,28.7,733
"1417",33.8,29.8,670
"1418",32.8,24.7,630
"1419",27.7,22.2,639
"1420",31.4,21.9,699
"1421",32.2,23.1,741
"1422",34.1,24.1,542
"1423",39.7,32.5,750
"1424",44.9,40.8,697
"1425",38.4,34,574
"1426",30.1,26.7,561
"1427",23.6,16.7,637
"1428",21.7,15.1,715
"1429",29.9,23.6,675
"1430",33.8,27.8,752
"1431",37.7,34.7,818
"1432",41.4,38.6,711
"1433",34.4,29.4,771
"1434",30.5,22.1,724
"1435",28.3,19.5,712
"1436",30.7,21.7,719
"1437",20.7,11.2,747
"1438",24.3,13.2,739
"1439",24.3,17,691
"1440",23.2,17.9,718
"1441",29.6,23.7,671
"1442",33.9,27.7,759
"1443",32.6,26.4,712
"1444",38.8,38.2,793
"1445",35.2,31.4,744
"1446",35.1,30.4,751
"1447",36.6,24.7,712
"1448",32.9,23.4,717
"1449",39.1,30.3,740
"1450",43.7,40.2,788
"1451",34.9,31.8,802
"1452",29.9,24.1,760
"1453",32.8,26.1,637
"1454",28.8,17.8,610
"1456",34.4,28.7,630
"1457",42,35.6,628
"1458",41.9,38.2,725
"1459",28.8,26.1,696
"1460",25.5,19.1,671
"1461",34.3,31.6,648
"1463",27.6,24.5,655
"1464",29.2,22.9,752
"1465",37,28.1,769
"1466",38.9,32,792
"1467",37.9,31.7,664
"1468",43.6,38.7,676
"1469",41.4,35.4,701
"1470",23.2,11.6,631
"1471",17.9,8.7,686
"1472",23.4,17.4,784
"1473",30.2,23.8,673
"1474",29.7,24,573
"1475",25.4,20.4,635
"1476",25.5,21.8,696
"1477",31.2,24.9,700
"1478",30.3,24,653
"1479",29.7,23.5,668
"1480",26.4,23.3,521
"1482",9.4,0.2,556
"1483",18.7,8.7,626
"1484",29.5,27.9,662
"1485",16.6,12.3,607
"1486",1.3,-5.5,586
"1487",2.1,-4.7,532
"1488",3.8,-2.4,524
"1489",18.4,12.9,521
"1493",6.9,1.6,774
"1494",25.6,21,722
"1495",42.3,40.1,596
"1496",47.3,44.2,736
"1497",29.5,24.3,653
"1498",32.8,31.4,636
"1499",35.6,34,670
"1500",11.4,2.5,642
"1501",11.8,2.2,756
"1502",23.4,15.9,638
"1503",28,25.3,626
"1504",32,29.3,665
"1505",18.5,14.6,643
"1506",36.1,27.2,742
"1507",22.8,15.3,741
"1508",18.6,11.4,677
"1509",25.3,20.4,618
"1510",25.1,20.6,590
"1511",21.8,12.9,612
"1512",31.1,25.9,635
"1513",30.9,21.3,696
"1514",28.6,19,712
"1515",35.6,29,647
"1516",37.4,30.7,547
"1517",12.3,0.5,597
"1518",16.9,8,609
"1519",24.6,17.4,649
"1520",18,8.1,595
"1521",26.7,16,755
"1522",29.1,21.4,664
"1523",22.2,10.7,551
"1524",5.2,-6.4,544
"1525",11.9,0.4,542
"1526",16.3,3.7,629
"1527",22.7,10.7,610
"1528",28,20.3,718
"1529",33.5,27.4,617
"1530",36.6,32.2,612
"1531",32,19.2,700
"1532",35.2,23.5,627
"1533",44.9,36.8,688
"1534",55.3,48.4,676
"1535",38,33,735
"1536",34.4,21.4,766
"1537",34.8,21.9,612
"1538",35.4,23.7,651
"1539",38.7,24,644
"1540",41.7,33.2,693
"1541",39.8,34.8,689
"1542",40.2,29.8,709
"1543",36.5,24.9,690
"1544",45.5,31.8,648
"1545",36,25.6,639
"1546",34.9,13.9,672
"1547",41.8,17.3,698
"1548",53.2,38.7,683
"1549",46.7,32,675
"1550",39.7,32.1,663
"1551",30.7,14.6,636
"1552",35,20.2,793
"1553",44.7,30.6,657
"1554",45.5,28.4,680
"1555",46,38.1,663
"1556",43.5,39.2,705
"1557",51.7,44.3,743
"1558",56.3,49.4,703
"1559",61.2,46.7,744
"1560",59.8,36.2,693
"1561",40.5,30.7,659
"1562",42.2,34.2,746
"1563",47.9,35.4,780
"1564",42.4,24.9,754
"1565",36.8,29.9,536
"1566",37.8,28.5,724
"1567",56,41.8,708
"1568",55,46.1,692
"1569",58.5,50.3,628
"1570",44.9,34.2,650
"1571",49.5,20.7,730
"1572",58.3,25.3,645
"1573",68.1,42,736
"1574",59.1,48.8,743
"1575",52.7,38.4,702
"1576",56.7,37.4,767
"1577",55.6,38,762
"1578",42.4,29.9,629
"1579",39.1,27.2,606
"1580",45.1,38,717
"1581",44.4,42.6,729
"1582",50,47.3,815
"1583",44.3,42.4,698
"1584",47.5,40.2,791
"1585",49.5,38.1,699
"1586",58.3,40.8,779
"1587",59.3,47.7,792
"1588",46.4,40,700
"1589",50.1,38.7,759
"1590",61.3,55.5,737
"1591",49.6,38.2,798
"1592",47.6,36.5,696
"1593",46.2,37.5,631
"1594",49.7,37.7,790
"1595",54.3,37.1,720
"1596",62.3,42.5,764
"1597",66.3,54.8,740
"1598",57.9,50,775
"1599",55.7,47.4,757
"1600",62.7,56.2,774
"1601",53.3,43.1,810
"1602",48.5,39.3,728
"1603",61.4,50.1,772
"1604",70.1,55.4,772
"1605",62.3,51.8,847
"1606",73.6,62.7,875
"1607",70,57.6,827
"1608",61.2,51.4,746
"1609",64.5,60.1,747
"1610",59.5,54.6,738
"1611",66,57,746
"1612",70.5,57.9,831
"1613",71,60.3,922
"1614",60.1,46.6,734
"1615",57.8,38.2,706
"1616",64.2,49.1,772
"1617",74.4,63.8,790
"1618",65.5,58.6,741
"1619",66.2,57,823
"1620",67,52.3,888
"1621",68.8,57.7,805
"1622",66.7,52.8,798
"1623",68.8,43.8,776
"1624",67.4,48.1,715
"1625",57.9,47.6,701
"1626",64.8,43.6,806
"1627",66.5,56.9,832
"1628",57,55,721
"1629",59,52.6,752
"1630",63.9,55.9,716
"1631",66.6,56.3,808
"1632",60,56.4,733
"1633",62.8,48.8,779
"1634",66.5,52.9,825
"1635",73.1,62.8,809
"1636",71.3,67.1,810
"1637",72,59.1,784
"1638",78.2,60.6,798
"1639",77.2,65.5,750
"1640",75.7,66,847
"1641",78.4,66.9,864
"1642",77.7,65.1,804
"1643",77.1,67.5,909
"1644",83.9,70,769
"1645",77.6,68.7,807
"1646",78.1,67.7,799
"1647",81.4,69.1,891
"1648",77.7,68.5,816
"1649",70.2,58.1,775
"1650",70.8,53.2,833
"1651",74.2,57.5,743
"1652",83.4,66.1,837
"1653",77.5,61.6,765
"1654",71.8,55.7,788
"1655",81.9,63.2,893
"1656",79.4,62.5,790
"1657",81,65.1,822
"1658",77.2,67.3,755
"1659",80.5,70.7,803
"1660",77.4,71.2,760
"1661",85.5,75.7,802
"1662",85,73.7,827
"1663",73.6,66.4,774
"1664",70.3,54.2,790
"1665",69.9,54.3,787
"1666",71.2,53.3,745
"1667",73.3,51.3,800
"1668",75.6,59,816
"1669",79.7,62.4,826
"1670",81.1,64.7,832
"1671",77.3,67.1,815
"1672",73.2,61.2,777
"1673",68.6,55.6,713
"1674",68.5,54.9,918
"1675",72,57.1,882
"1676",75.4,55.9,869
"1677",78.7,61.5,842
"1678",78.8,63.3,809
"1679",76.1,63.5,783
"1680",76.7,61.6,779
"1681",79.1,59.6,820
"1682",72.7,52,796
"1683",74.2,55.9,800
"1684",74.4,59.7,802
"1685",76,69,709
"1686",75.2,68.3,762
"1687",71.9,64.8,793
"1688",70.1,60.4,813
"1689",71.8,60.1,774
"1690",73.3,65.8,811
"1691",73.5,67.1,759
"1692",75.6,66,787
"1693",74.3,69.8,732
"1694",73.1,66.9,722
"1695",71.4,60.1,754
"1696",67.6,52.8,781
"1697",66.8,52.5,818
"1698",68.6,52.9,766
"1699",70.2,63.1,730
"1700",71.6,62.9,732
"1701",68.2,52.1,752
"1702",69.8,56.3,773
"1703",69.6,52.7,766
"1704",66.9,51.9,775
"1705",66.9,60.3,890
"1706",70,61.5,777
"1707",72.3,65.1,680
"1708",67.6,57,683
"1709",63.9,52.2,649
"1710",67.3,57.7,772
"1711",66.3,55.9,737
"1712",65.1,55.4,720
"1713",66.5,58.5,778
"1714",78,66.5,720
"1715",80.5,70.4,750
"1716",71.9,66.8,784
"1717",72.7,65.4,817
"1718",66.7,55.1,764
"1719",70.6,62.7,784
"1720",71.2,66.8,806
"1721",69.3,63.2,781
"1722",70.9,61,756
"1723",72.2,58.8,789
"1724",74.1,64.4,816
"1725",75.1,67,757
"1726",72.2,67.5,656
"1727",66.7,57.7,766
"1728",66.9,54.5,757
"1729",70.3,55.9,713
"1730",65.5,45.8,709
"1731",63.3,49.2,668
"1732",61.3,59.1,700
"1733",60.9,57.9,713
"1734",71.2,65.9,753
"1735",78.6,67.3,880
"1736",65.9,61.9,730
"1737",60.7,56.3,730
"1738",51.8,45.1,715
"1739",54.6,46.3,723
"1740",58.6,47.2,670
"1741",58.6,43,746
"1742",57.1,43.2,712
"1743",59.8,44.3,734
"1744",61.6,52.1,647
"1745",59.7,55.2,728
"1746",42.7,26.6,733
"1747",45.4,31.9,697
"1748",44.7,31.8,686
"1749",50,40.6,744
"1750",48.8,37,741
"1751",46,36.4,676
"1752",46.8,38.5,704
"1753",53.4,40.4,717
"1754",56.3,47.6,720
"1755",56.2,50.9,712
"1756",50,38.8,660
"1757",47.5,33.7,700
"1758",47.1,39,716
"1759",44.5,34.1,751
"1760",42.1,37.6,559
"1761",48.6,42,701
"1762",47.1,41.2,659
"1763",40.3,36.3,635
"1764",36.5,32.4,578
"1765",33.4,31.7,589
"1766",30.9,23.6,857
"1767",38,31.3,664
"1768",38.8,28.3,721
"1769",47.6,34.7,672
"1770",37.7,25.3,636
"1771",38.6,24.7,661
"1772",28.3,18.7,663
"1773",23,8.1,680
"1774",33.6,16.8,710
"1775",40.6,30.9,652
"1777",13.4,1.9,547
"1778",15.7,3.7,578
"1779",27.1,19.9,578
"1780",27.1,20.2,757
"1781",32.8,26.6,664
"1782",32.9,26.6,701
"1783",36.7,33.5,683
"1784",37.2,32,686
"1785",40.8,37.3,729
"1786",46.5,41.9,662
"1787",36,26.8,727
"1788",31,25,702
"1789",38,30.2,698
"1790",44.5,36.3,694
"1791",41.2,34.3,678
"1792",44.4,39.6,637
"1794",35.7,32.8,649
"1795",37.3,34.2,663
"1796",39.3,37.6,723
"1797",31.7,26.5,709
"1798",32.4,26.2,690
"1799",36.7,28.1,746
"1800",35.7,27.9,700
"1801",38.5,29.6,736
"1802",30.7,23.8,700
"1803",38.5,30.7,671
"1804",45.8,43.3,705
"1805",22,13.2,675
"1806",17.9,7.4,606
"1807",28,18.2,656
"1808",39.7,27.5,731
"1809",32.8,28,682
"1810",23.5,15.2,655
"1811",26,20.1,624
"1812",24.9,18.7,670
"1813",19.9,7.4,653
"1814",22.9,8.8,683
"1815",29.9,24.6,726
"1816",37.5,28.5,747
"1817",39.7,30.6,680
"1818",42,31.8,689
"1819",39.8,35,624
"1821",55.6,48,609
"1822",36.9,31.7,693
"1823",34.1,30,639
"1824",51.9,49,689
"1825",38.4,34.7,616
"1826",26.3,20.8,549
