"","temp","sndp","NUM_CRIMES"
"2",25.7,0,674
"3",31.5,0,648
"4",29,2,514
"5",2.2,2,523
"6",5.3,3.1,503
"7",3.1,3.1,474
"8",-2.1,3.9,448
"9",8.1,3.9,590
"10",4.8,3.9,647
"11",25.8,3.9,650
"12",23.1,5.9,607
"13",16.9,5.9,612
"14",10.5,5.1,675
"15",22,5.1,763
"16",28.3,3.9,710
"17",34.2,1.2,741
"18",36.8,1.2,698
"19",31.8,0,709
"20",33.6,0,793
"21",30.9,0,746
"22",29.9,0,752
"23",29.6,0,800
"24",32.7,0,756
"25",31.1,1.2,646
"26",23.2,1.2,656
"27",27.4,1.2,675
"28",25.8,1.2,647
"29",33.3,1.2,704
"30",27,1.2,714
"31",27,1.2,636
"32",29.1,13,562
"33",14.5,16.9,473
"34",13.5,16.9,512
"35",21.1,16.1,577
"36",7.4,14.2,572
"37",17.5,14.2,696
"38",29.1,9.8,679
"39",36,7.9,615
"40",25.6,7.1,607
"41",24.8,5.9,629
"42",30.6,5.9,606
"43",15.9,5.1,611
"44",11,5.1,632
"45",18.6,5.1,597
"46",4.5,5.1,552
"47",11.8,5.1,539
"48",16.5,5.1,597
"49",7.3,5.1,511
"50",-1.8,5.1,463
"51",3.3,5.1,651
"52",21.7,5.1,652
"53",21.4,5.1,593
"54",4.2,5.1,572
"55",11.3,5.1,628
"56",21.1,5.1,572
"57",16.8,9.8,518
"58",6,9.1,638
"59",6,7.9,545
"60",18.3,7.9,759
"61",21.3,7.9,658
"62",28.2,7.9,636
"63",24.1,7.1,562
"64",11.6,7.1,612
"65",12.4,7.1,712
"66",31.7,5.1,697
"67",34.9,3.9,625
"68",36.8,2,726
"69",40.5,3.9,754
"70",42.1,0,746
"71",41.8,0,752
"72",47,0,814
"73",51,0,798
"74",45.2,0,779
"75",58,0,779
"76",44.6,0,692
"77",36.8,0,690
"78",41.7,0,717
"79",42.5,0,777
"80",42.5,0,689
"81",32.4,0,656
"82",29.1,5.1,592
"83",29.7,3.9,639
"84",36.6,2,724
"85",36.7,2,684
"86",29,1.2,725
"87",26.8,1.2,657
"88",31.6,0,619
"89",46,0,719
"90",48.7,0,693
"91",51.9,0,929
"92",58.5,0,794
"93",50.1,0,710
"94",39.7,0,694
"95",53.5,0,673
"96",45.5,0,676
"97",40.4,0,603
"98",44.5,0,679
"99",50.5,0,648
"100",52.6,0,714
"101",47.7,0,720
"102",54.7,0,773
"103",60.1,0,735
"104",55.8,0,767
"105",54,0,802
"106",52.9,0,688
"107",60.2,0,785
"108",59.6,0,769
"109",55.6,0,703
"110",48.6,0,743
"111",44.3,0,663
"112",39.7,0,682
"113",42.3,0,731
"114",44.2,0,761
"115",43.5,0,695
"116",44.8,0,718
"117",46.3,0,721
"118",46.3,0,719
"119",49.7,0,766
"120",45.6,0,666
"121",50,0,954
"122",62.1,0,687
"123",67.4,0,745
"124",65.1,0,779
"125",52.1,0,697
"126",55.6,0,739
"127",66.9,0,826
"128",71.1,0,807
"129",59.5,0,685
"130",48.5,0,741
"131",56.4,0,749
"132",52,0,757
"133",47.6,0,768
"134",52.2,0,755
"135",63.2,0,822
"136",69,0,882
"137",72.3,0,836
"138",72.1,0,758
"139",50.4,0,708
"140",43.5,0,730
"141",51.8,0,745
"142",58.8,0,824
"143",61.8,0,798
"144",66.1,0,687
"145",70.4,0,708
"146",70.6,0,770
"147",68.4,0,738
"148",69.5,0,800
"149",72.1,0,828
"150",64.4,0,719
"151",47.5,0,666
"152",51.2,0,954
"153",55.5,0,772
"154",62.3,0,778
"155",68.2,0,721
"156",65.3,0,786
"157",60.1,0,758
"158",65.7,0,739
"159",73.1,0,682
"160",69.7,0,732
"161",80.2,0,793
"162",68.9,0,804
"163",61.5,0,828
"164",66.1,0,813
"165",73.3,0,795
"166",74.8,0,739
"167",68.6,0,847
"168",61.3,0,722
"169",71.6,0,768
"170",60.8,0,774
"171",62.8,0,766
"172",73.5,0,783
"173",75.2,0,780
"174",75.3,0,732
"175",70.2,0,728
"176",70.7,0,784
"177",63.1,0,784
"178",64,0,723
"179",67.5,0,797
"180",68.1,0,752
"181",68.1,0,749
"182",60.7,0,889
"183",59.3,0,757
"184",64.2,0,768
"185",69.7,0,845
"186",72.4,0,898
"187",74.2,0,757
"188",67.3,0,701
"189",59.7,0,718
"190",63.6,0,672
"191",69,0,739
"192",70.4,0,798
"193",73.6,0,801
"194",75.7,0,782
"195",76.2,0,711
"196",65.8,0,795
"197",66,0,673
"198",77.3,0,825
"199",78.7,0,776
"200",79.4,0,764
"201",74.5,0,778
"202",74.9,0,777
"203",73.6,0,774
"204",74.4,0,810
"205",75.2,0,867
"206",79.5,0,832
"207",74.7,0,802
"208",77.2,0,835
"209",79.4,0,767
"210",81.3,0,764
"211",77.1,0,775
"212",78.2,0,782
"213",75.5,0,1044
"214",79.6,0,822
"215",75.7,0,729
"216",72.2,0,761
"217",72.7,0,772
"218",73.3,0,809
"219",73.2,0,839
"220",75.3,0,849
"221",71.8,0,745
"222",75.1,0,809
"223",72.9,0,791
"224",71.2,0,760
"225",73.8,0,784
"226",78.2,0,808
"227",76.6,0,826
"228",78.7,0,865
"229",78.6,0,741
"230",73.6,0,762
"231",71.7,0,793
"232",64.8,0,839
"233",68.7,0,858
"234",72.1,0,845
"235",71.5,0,806
"236",65,0,724
"237",63.4,0,767
"238",61.9,0,792
"239",63.1,0,764
"240",65.5,0,806
"241",67.6,0,761
"242",68.4,0,800
"243",71,0,745
"244",77.7,0,955
"245",80.3,0,801
"246",81,0,875
"247",74.4,0,815
"248",75.4,0,767
"249",79.9,0,818
"250",81.5,0,808
"251",77,0,717
"252",70.2,0,711
"253",64,0,659
"254",61.9,0,691
"255",57.6,0,724
"256",58.1,0,734
"257",65.3,0,791
"258",72.9,0,813
"259",70.5,0,766
"260",71.7,0,717
"261",72,0,791
"262",65.5,0,792
"263",60.4,0,811
"264",62.1,0,735
"265",64.6,0,777
"266",68.2,0,833
"267",66.7,0,718
"268",65.5,0,811
"269",67,0,792
"270",67.4,0,802
"271",69.6,0,753
"272",64.4,0,670
"273",56.7,0,678
"274",55.2,0,889
"275",55,0,799
"276",52.1,0,709
"277",51.9,0,654
"278",57,0,755
"279",60.2,0,752
"280",62,0,718
"281",61.7,0,701
"282",60.4,0,795
"283",53.2,0,729
"284",61.5,0,735
"285",67.1,0,732
"286",55.7,0,741
"287",52.3,0,764
"288",54.8,0,816
"289",48.9,0,734
"290",42.5,0,706
"291",44.6,0,675
"292",54.9,0,788
"293",63.7,0,785
"294",62.7,0,794
"295",59.8,0,774
"296",55,0,777
"297",61.8,0,765
"298",51.3,0,728
"299",49.2,0,781
"300",53.2,0,651
"301",52.7,0,682
"302",40.6,0,669
"303",45.5,0,776
"304",46.8,0,721
"305",52.7,0,996
"306",57.9,0,785
"307",58.4,0,749
"308",57.5,0,791
"309",63.8,0,755
"310",55.5,0,747
"311",44.3,0,691
"312",40.8,0,705
"313",41.7,0,684
"314",45.1,0,640
"315",47.9,0,688
"316",48.4,0,693
"317",41.7,0,679
"318",38.9,0,696
"319",52.5,0,722
"320",51.6,0,744
"321",51,0,668
"322",58.4,0,683
"323",44.6,0,696
"324",35.9,0,714
"325",31.9,9.1,528
"326",19.1,5.9,520
"327",28.4,5.1,650
"328",31.6,3.9,607
"329",38.3,3.1,620
"330",52,3.9,589
"331",45.5,0,613
"332",34.7,0,658
"333",32.7,0,612
"334",40.1,0,668
"335",41.6,0,797
"336",34.8,0,716
"337",33,0,710
"338",36.6,0,700
"339",35.8,0,707
"340",35.8,0,687
"341",33.7,0,689
"342",40,0,733
"343",46,0,685
"344",48.3,0,690
"345",45.9,0,742
"346",49.7,0,752
"347",55,0,652
"348",54.7,0,739
"349",41.3,0,793
"350",43.3,0,722
"351",33.4,0,728
"352",27.7,0,653
"353",23.3,0,666
"354",34.2,0,693
"355",46.3,0,650
"356",39.3,0,694
"357",47.1,0,754
"358",42.1,0,675
"359",38.5,0,498
"360",39.1,0,640
"361",38.4,0,627
"362",33.5,2,516
"363",33.5,1.2,624
"364",28.8,2,603
"365",27,2,611
"367",27,1.2,576
"368",26.8,1.2,618
"369",26.9,1.2,626
"370",25.5,1.2,627
"371",28.3,1.2,628
"372",36,1.2,707
"373",38.5,1.2,743
"374",37.1,1.2,650
"375",19,1.2,597
"376",5.1,1.2,513
"377",14,3.1,548
"378",6.7,2,654
"379",30.6,1.2,734
"380",39.9,2,734
"381",28.4,0,652
"382",7.5,0,537
"383",0.6,0,515
"384",5.8,0,610
"385",16.7,1.2,619
"386",19,1.2,634
"387",23.7,0,701
"388",27.8,0,722
"389",27.1,0,675
"390",30.6,0,744
"391",32.7,0,640
"392",27.6,0,669
"393",34.1,0,751
"394",28.3,0,746
"395",37.5,0,743
"396",42.2,0,665
"397",36,0,853
"398",34.5,0,614
"399",35.6,0,682
"400",26.7,0,670
"401",28.9,0,660
"402",30.5,0,695
"403",37.6,0,617
"404",30.9,0,570
"405",19.3,1.2,545
"406",13.6,1.2,565
"407",13,1.2,582
"408",19.1,0,647
"409",9.4,0,597
"410",13.9,2,514
"411",20.7,2,553
"412",27.5,1.2,625
"413",28.4,1.2,641
"414",29.6,1.2,681
"415",47.5,0,775
"416",49.1,0,702
"417",39.6,0,707
"418",35.1,0,639
"419",35.6,0,630
"420",34.8,2,578
"421",33.4,1.2,699
"422",31.1,0,740
"423",36.7,0,692
"424",51.7,0,624
"425",40.8,0,646
"426",28.3,1.2,817
"427",20.6,1.2,608
"428",30.1,1.2,617
"429",30.1,1.2,704
"430",33.5,1.2,700
"431",38.8,1.2,714
"432",51.3,0,795
"433",61.8,0,723
"434",61.1,0,679
"435",49,0,716
"436",42.7,0,733
"437",43.3,0,746
"438",46.8,0,628
"439",46.9,0,684
"440",49.5,0,713
"441",52.6,0,745
"442",47.4,0,738
"443",41.3,0,791
"444",38.5,0,699
"445",36.8,0,685
"446",38.4,0,699
"447",47.8,0,722
"448",41.6,0,686
"449",37.1,0,677
"450",34.5,0,717
"451",40.1,0,735
"452",46.9,0,631
"453",45.1,0,741
"454",43.7,0,739
"455",48.9,0,716
"456",59.8,0,754
"457",44.9,0,826
"458",35.2,0,651
"459",40.1,0,706
"460",40.6,0,660
"461",33.5,0,677
"462",44.5,0,660
"463",40,0,742
"464",36.9,0,626
"465",30,1.2,689
"466",37.1,0,704
"467",47.7,0,676
"468",39.7,0,701
"469",42.7,0,715
"470",47.7,0,691
"471",53.5,0,811
"472",57.6,0,734
"473",62.5,0,708
"474",65.7,0,738
"475",54,0,703
"476",58.1,0,690
"477",61.6,0,714
"478",51.2,0,731
"479",47.6,0,694
"480",56.2,0,756
"481",69,0,758
"482",53.4,0,693
"483",44,0,661
"484",44.9,0,731
"485",44.3,0,719
"486",44.8,0,605
"487",45.2,0,820
"488",49.3,0,757
"489",52.8,0,735
"490",52.3,0,682
"491",48.8,0,701
"492",59.2,0,794
"493",64.6,0,742
"494",55,0,729
"495",55.9,0,732
"496",54.2,0,713
"497",58.2,0,758
"498",61.2,0,690
"499",57.6,0,808
"500",46.3,0,723
"501",45,0,739
"502",55.7,0,782
"503",54.3,0,692
"504",52,0,801
"505",55.2,0,764
"506",58.5,0,805
"507",62.5,0,792
"508",66.2,0,750
"509",66.1,0,782
"510",71.9,0,803
"511",75.9,0,721
"512",71.1,0,767
"513",74.2,0,800
"514",73,0,791
"515",71.8,0,798
"516",74.5,0,820
"517",72.6,0,756
"518",68.1,0,937
"519",70.1,0,800
"520",70.1,0,822
"521",68.8,0,827
"522",68.2,0,777
"523",71.2,0,792
"524",63.3,0,754
"525",60.7,0,744
"526",61,0,727
"527",73.8,0,765
"528",82.4,0,816
"529",71.4,0,852
"530",67.9,0,794
"531",74.1,0,835
"532",78.4,0,790
"533",74.4,0,821
"534",70.8,0,830
"535",74.3,0,763
"536",77.7,0,811
"537",83.4,0,857
"538",75.5,0,825
"539",71.8,0,749
"540",70.3,0,801
"541",70.9,0,807
"542",76.7,0,813
"543",81.3,0,775
"544",79.6,0,771
"545",68.2,0,767
"546",66.8,0,804
"547",69.4,0,847
"548",68.5,0,962
"549",65.5,0,756
"550",68,0,782
"551",70.8,0,848
"552",75.5,0,895
"553",77.4,0,742
"554",76.8,0,790
"555",75.9,0,790
"556",73.1,0,729
"557",72.4,0,760
"558",78.3,0,701
"559",81.1,0,780
"560",77.8,0,726
"561",76,0,769
"562",70.8,0,846
"563",67.3,0,780
"564",70.5,0,789
"565",78.6,0,799
"566",78.6,0,791
"567",78.8,0,825
"568",81,0,785
"569",79.2,0,792
"570",84.6,0,814
"571",78.5,0,790
"572",79,0,827
"573",78.9,0,877
"574",79.3,0,795
"575",76.8,0,774
"576",73.2,0,802
"577",72.3,0,927
"578",72.7,0,813
"579",74.7,0,882
"580",77.2,0,793
"581",79.6,0,772
"582",80.7,0,793
"583",78.2,0,862
"584",75.7,0,828
"585",74.7,0,838
"586",76.9,0,804
"587",77.7,0,725
"588",80.4,0,722
"589",81.7,0,852
"590",79.9,0,746
"591",77,0,827
"592",76.7,0,843
"593",74.5,0,843
"594",76.5,0,816
"595",77,0,862
"596",76.9,0,767
"597",75.3,0,793
"598",74.7,0,844
"599",66.4,0,786
"600",67.1,0,728
"601",70.5,0,753
"602",74.9,0,823
"603",76.4,0,770
"604",72.4,0,803
"605",73.6,0,819
"606",76.9,0,805
"607",75.7,0,884
"608",75.6,0,755
"609",72.9,0,780
"610",67.2,0,1037
"611",67.6,0,799
"612",67.9,0,830
"613",69,0,779
"614",73.2,0,822
"615",82.2,0,761
"616",82.5,0,723
"617",76.3,0,795
"618",73.8,0,818
"619",68.8,0,767
"620",64.7,0,758
"621",66.5,0,793
"622",72.2,0,786
"623",69.4,0,820
"624",68.2,0,823
"625",72,0,807
"626",73.9,0,834
"627",69.1,0,781
"628",71.4,0,712
"629",74.8,0,792
"630",70.2,0,731
"631",71.4,0,831
"632",71.7,0,845
"633",68.5,0,833
"634",71.7,0,809
"635",65.9,0,764
"636",60.1,0,735
"637",56,0,634
"638",60.7,0,702
"639",61.8,0,772
"640",61,0,862
"641",59.7,0,707
"642",61.9,0,772
"643",65.2,0,743
"644",68.7,0,805
"645",65.8,0,754
"646",65.2,0,863
"647",52.4,0,715
"648",55.9,0,682
"649",56,0,724
"650",63,0,697
"651",62.3,0,746
"652",47.9,0,693
"653",50.2,0,821
"654",58,0,823
"655",68.5,0,790
"656",71.8,0,817
"657",73.9,0,774
"658",60.4,0,712
"659",54.8,0,717
"660",47.7,0,760
"661",46.6,0,773
"662",55,0,785
"663",53.7,0,770
"664",46,0,736
"665",47.8,0,699
"666",47.6,0,730
"667",48.9,0,802
"668",65.8,0,831
"669",54.5,0,786
"670",47.9,0,867
"671",65.3,0,910
"672",62.3,0,749
"673",56,0,783
"674",52.8,0,783
"675",54.7,0,821
"676",56.1,0,753
"677",53.8,0,738
"678",55.7,0,644
"679",49.5,0,680
"680",49.4,0,723
"681",49.4,0,797
"682",41.8,0,780
"683",44.6,0,660
"684",48.4,0,670
"685",46,0,712
"686",48.1,0,770
"687",54.6,0,811
"688",62,0,794
"689",37.9,0,677
"690",29.2,0,663
"691",30.1,0,683
"692",32.8,0,722
"693",39.8,0,699
"694",40.3,0,534
"695",37.3,0,689
"696",37.8,0,719
"697",37.8,0,693
"698",44.1,0,693
"699",49.7,0,698
"700",40.8,0,697
"701",37.5,0,822
"702",37.4,0,835
"703",33.3,0,758
"704",31.5,5.9,595
"705",31.9,3.1,678
"706",32.9,2,688
"707",26.2,2,660
"708",21.3,0,606
"709",22.9,0,668
"710",20.1,0,612
"711",26,5.1,512
"712",25.2,5.1,629
"713",15,5.1,574
"714",9.6,3.9,610
"715",3.9,3.9,580
"716",11.7,3.9,695
"717",20.4,5.1,614
"718",11.3,5.9,526
"719",-0.6,5.9,660
"720",19.6,5.9,693
"721",26,5.1,728
"722",34.1,3.9,702
"723",30.6,3.1,728
"724",34.9,2,604
"725",33.3,1.2,488
"726",45.1,1.2,647
"727",28,0,663
"728",29.6,0,722
"729",33.6,0,647
"730",29.3,0,742
"731",35.5,0,704
"733",34,0,613
"734",38.2,0,718
"735",18.2,0,612
"736",9.3,0,611
"737",4.4,0,601
"738",6.5,0,618
"739",9.2,0,591
"740",21.5,0,713
"741",37.5,0,705
"742",31.6,0,663
"743",26.1,0,644
"744",19.9,0,800
"745",28.9,0,685
"746",26,0,656
"747",32.6,0,652
"748",37.2,0,705
"749",34.7,0,707
"750",35.8,0,738
"751",39,0,783
"752",48.2,0,786
"753",42.8,0,742
"754",39.4,0,789
"755",36.6,0,736
"756",37.2,0,748
"757",33.2,0,675
"758",27.8,0,784
"759",26.7,0,731
"760",26.8,0,634
"761",22.1,0,756
"762",36,0,734
"763",34.6,0,847
"764",20.6,0,671
"765",19.1,0,670
"766",21.6,0,638
"767",32.7,0,695
"768",33.5,0,762
"769",43.8,0,693
"770",30.7,0,666
"771",19,0,668
"772",25.7,0,745
"773",40.9,0,704
"774",39.3,0,678
"775",34.6,0,718
"776",39.7,0,713
"777",33.2,0,673
"778",33.4,0,671
"779",43.2,0,832
"780",57.5,0,748
"781",51.1,0,674
"782",53,0,711
"783",60.1,0,679
"784",57.7,0,703
"785",51.6,0,655
"786",39.4,0,660
"787",29.3,0,599
"788",32.3,0,576
"789",41.1,0,633
"790",51.3,0,631
"791",47.1,0,741
"792",32,0,629
"793",27.5,0,673
"794",33.2,0,633
"795",41.4,0,662
"796",54.8,0,683
"797",55.1,0,682
"798",46.3,0,667
"799",39,0,676
"800",31.8,0,666
"801",24,0,659
"802",26.5,0,553
"803",29.5,2,541
"804",25.2,3.9,474
"805",23.5,2,607
"806",29,1.2,668
"807",38.2,1.2,709
"808",42.3,0,674
"809",40.8,0,605
"810",48.6,0,696
"811",43.7,0,650
"812",33.5,0,647
"813",36.8,0,666
"814",58.3,0,779
"815",42.7,0,695
"816",51.3,0,702
"817",50.4,0,722
"818",43.8,0,673
"819",40.9,0,669
"820",43.3,0,691
"821",39.3,0,777
"822",44.6,0,831
"823",49.7,0,690
"824",50.4,0,697
"825",48.9,0,712
"826",44.8,0,633
"827",42.9,0,668
"828",43.8,0,705
"829",49.9,0,696
"830",64.1,0,761
"831",68.8,0,683
"832",46.8,0,703
"833",47.7,0,726
"834",49.7,0,665
"835",54.1,0,773
"836",69.7,0,817
"837",68.1,0,687
"838",58.8,0,752
"839",55.4,0,735
"840",64.7,0,758
"841",56.5,0,713
"842",50.4,0,815
"843",49.7,0,701
"844",54.5,0,703
"845",55.3,0,736
"846",63.7,0,757
"847",69.5,0,758
"848",54.3,0,716
"849",48.4,0,832
"850",45.5,0,616
"851",43.6,0,657
"852",49.6,0,863
"853",45.8,0,689
"854",47.6,0,739
"855",48.7,0,741
"856",49.1,0,799
"857",51,0,713
"858",48.3,0,630
"859",46.1,0,705
"860",48.1,0,707
"861",55,0,663
"862",54.8,0,737
"863",58.6,0,849
"864",62.1,0,724
"865",62.4,0,712
"866",62.5,0,871
"867",74.1,0,748
"868",78.3,0,835
"869",74,0,775
"870",48,0,776
"871",51.4,0,664
"872",60.8,0,791
"873",57.5,0,795
"874",60.7,0,739
"875",56.9,0,762
"876",58.8,0,763
"877",60.2,0,767
"878",61.7,0,800
"879",67.6,0,705
"880",68.7,0,768
"881",64.2,0,814
"882",63.8,0,739
"883",66.4,0,895
"884",70.5,0,841
"885",73.4,0,823
"886",80.1,0,820
"887",70,0,737
"888",64.5,0,826
"889",66.7,0,787
"890",69.1,0,769
"891",74.3,0,816
"892",75.6,0,785
"893",81.8,0,813
"894",85,0,742
"895",79.9,0,808
"896",77.3,0,769
"897",76.2,0,823
"898",76.8,0,835
"899",78,0,827
"900",74.4,0,786
"901",70.2,0,745
"902",67.2,0,802
"903",67.7,0,786
"904",78.5,0,818
"905",76.9,0,778
"906",69.6,0,819
"907",64,0,796
"908",64,0,787
"909",64.6,0,772
"910",67.6,0,707
"911",74.4,0,776
"912",73,0,778
"913",75.1,0,934
"914",74.4,0,780
"915",73,0,864
"916",72.3,0,796
"917",76.2,0,859
"918",80.7,0,781
"919",80.9,0,758
"920",70.5,0,759
"921",73.4,0,823
"922",77,0,779
"923",76.4,0,769
"924",75.4,0,691
"925",78.2,0,820
"926",70.9,0,798
"927",69.7,0,889
"928",71.8,0,812
"929",67.4,0,847
"930",73.7,0,792
"931",80.5,0,769
"932",76.7,0,761
"933",79.7,0,758
"934",77.4,0,755
"935",78.8,0,842
"936",70.6,0,782
"937",71.2,0,850
"938",74.9,0,752
"939",77.9,0,790
"940",73.6,0,851
"941",72,0,800
"942",73.3,0,818
"943",75.7,0,794
"944",76.5,0,961
"945",76.7,0,774
"946",74.7,0,849
"947",63.1,0,924
"948",67.7,0,928
"949",70.7,0,865
"950",69.5,0,773
"951",70.2,0,768
"952",72.9,0,769
"953",73.8,0,790
"954",71.3,0,765
"955",68.4,0,813
"956",68.8,0,730
"957",72.4,0,815
"958",75.4,0,795
"959",75,0,795
"960",77.3,0,768
"961",74.2,0,859
"962",74.2,0,892
"963",75.1,0,776
"964",78.1,0,754
"965",75.9,0,780
"966",69.6,0,747
"967",66.7,0,801
"968",63.6,0,772
"969",66.9,0,779
"970",68.4,0,756
"971",69.8,0,688
"972",67.7,0,724
"973",70.3,0,788
"974",69.3,0,736
"975",64.2,0,920
"976",62.3,0,772
"977",68.1,0,757
"978",73.3,0,716
"979",63.2,0,704
"980",57.8,0,648
"981",59.8,0,728
"982",62.4,0,702
"983",63.5,0,736
"984",60.8,0,739
"985",62.2,0,691
"986",65,0,726
"987",65.8,0,706
"988",68.4,0,734
"989",73.4,0,808
"990",76.9,0,826
"991",76.6,0,812
"992",67.7,0,772
"993",69.9,0,708
"994",74.8,0,827
"995",83.4,0,807
"996",83.7,0,798
"997",82.7,0,830
"998",81.1,0,811
"999",79.4,0,821
"1000",80,0,749
"1001",69.9,0,726
"1002",62,0,717
"1003",64.1,0,810
"1004",61.1,0,745
"1005",59.1,0,852
"1006",69.3,0,752
"1007",72.8,0,738
"1008",71.4,0,742
"1009",64.6,0,747
"1010",64.2,0,748
"1011",69.5,0,712
"1012",64.6,0,718
"1013",66.1,0,746
"1014",61.6,0,703
"1015",58.8,0,617
"1016",57.8,0,765
"1017",61.4,0,768
"1018",63.6,0,647
"1019",60.2,0,639
"1020",51.7,0,763
"1021",57,0,719
"1022",59.4,0,774
"1023",61.4,0,773
"1024",61.4,0,849
"1025",67.5,0,814
"1026",65.6,0,739
"1027",52.3,0,740
"1028",48.4,0,689
"1029",44.1,0,714
"1030",46.5,0,754
"1031",45,0,819
"1032",38.5,0,717
"1033",39.9,0,696
"1034",44.8,0,708
"1035",37.8,0,757
"1036",38.7,0,824
"1037",46.6,0,722
"1038",44.4,0,789
"1039",45.7,0,756
"1040",49.5,0,773
"1041",41,0,717
"1042",40,0,678
"1043",36.6,0,758
"1044",38.8,0,656
"1045",24,0,678
"1046",29.5,0,688
"1047",37.6,0,666
"1048",36.4,0,718
"1049",38.9,0,700
"1050",47.6,0,709
"1051",36.2,0,765
"1052",38.4,0,741
"1053",42.8,0,698
"1054",34.6,0,690
"1055",38.1,0,762
"1056",42.9,0,673
"1057",28.7,0,656
"1058",36.3,0,543
"1059",44,0,683
"1060",48.9,0,714
"1061",37.5,0,665
"1062",44.2,0,774
"1063",55.3,0,783
"1064",43.3,0,771
"1065",46.3,0,751
"1066",41.2,0,918
"1067",42.1,0,758
"1068",42.8,0,676
"1069",55.4,0,809
"1070",41.4,0,710
"1071",30.6,0,712
"1072",25.1,0,625
"1073",24.7,0,735
"1074",29.8,1.2,659
"1075",25.9,1.2,664
"1076",30.6,1.2,740
"1077",24.1,1.2,684
"1078",26.5,1.2,700
"1079",24.1,1.2,718
"1080",25.7,0,768
"1081",38.1,0,772
"1082",35.5,0,729
"1083",42.4,0,727
"1084",43.4,0,764
"1085",34,0,704
"1086",34.9,0,747
"1087",37.8,0,784
"1088",30.6,0,714
"1089",21.1,2,504
"1090",16,1.2,394
"1091",2.5,1.2,526
"1092",1.1,1.2,523
"1093",6.2,2,601
"1094",12.2,2,574
"1095",9.7,2,621
"1096",0.4,2,541
"1097",-2,1.2,962
"1098",-2.4,1.2,562
"1099",11.4,1.2,576
"1100",7,1.2,602
"1101",4.6,1.2,664
"1102",5.3,1.2,586
"1103",16.9,1.2,533
"1104",33.6,1.2,621
"1105",30.9,1.2,652
"1106",36.9,0,720
"1107",55.5,0,701
"1108",23.4,0,707
"1109",12.9,0,617
"1110",11.8,0,564
"1111",19,2,531
"1112",15.5,3.1,614
"1113",13.2,2,649
"1114",21.2,2,626
"1115",32.2,1.2,709
"1116",39.2,2,731
"1117",40.2,0,718
"1118",47.2,0,724
"1119",35.5,0,719
"1120",28.6,1.2,613
"1121",31.2,1.2,641
"1122",41,1.2,763
"1123",47.2,0,754
"1124",35.3,0,671
"1125",27.3,0,652
"1126",21,0,637
"1127",34.6,0,708
"1128",27.8,0,741
"1129",10.7,0,674
"1130",26.2,0,630
"1131",25.8,2,513
"1132",5.9,2,543
"1133",11.9,3.1,588
"1134",16.7,3.9,544
"1135",13.2,3.1,557
"1136",23.6,9.8,505
"1137",18.8,9.1,534
"1138",19.5,11.8,537
"1139",15.2,11,572
"1140",20,9.8,645
"1141",32.1,5.9,661
"1142",40.8,1.2,698
"1143",35.7,3.9,664
"1144",24.7,2,605
"1145",27.1,1.2,587
"1146",42.3,2,624
"1147",58.8,0,645
"1148",32.1,0,639
"1149",33.3,0,677
"1150",39.8,0,671
"1151",36.2,0,681
"1152",40.5,0,657
"1153",40.4,0,625
"1154",48.2,0,691
"1155",51.1,0,646
"1156",39.4,0,830
"1157",37.5,0,692
"1158",37.8,0,664
"1159",37.7,0,649
"1160",36.8,0,665
"1161",35.1,0,653
"1162",30.9,0,656
"1163",27.9,0,660
"1164",29.8,0,745
"1165",32.5,0,684
"1166",34.3,0,619
"1167",36.7,0,661
"1168",31.9,2,638
"1169",30.1,1.2,665
"1170",39.6,1.2,691
"1171",32.4,0,703
"1172",37.2,0,777
"1173",39.9,0,689
"1174",40.7,0,660
"1175",33.1,0,712
"1176",33.3,0,689
"1177",34.3,0,670
"1178",35.6,0,752
"1179",35.6,0,649
"1180",33.8,0,677
"1181",39.3,0,696
"1182",48.9,0,674
"1183",44.7,0,689
"1184",45,0,629
"1185",38.8,0,704
"1186",44,0,690
"1187",32.3,0,736
"1188",31.6,0,674
"1189",38.9,0,605
"1190",31.8,0,701
"1191",31.6,0,672
"1192",35.1,0,695
"1193",28.2,0,635
"1194",30.7,0,618
"1195",32.8,1.2,661
"1196",35.7,1.2,714
"1197",47.8,0,769
"1198",55.6,0,751
"1199",43.4,0,781
"1200",38.8,0,689
"1201",35.2,0,603
"1202",30.5,0,733
"1203",34.7,0,699
"1204",34.8,0,627
"1205",39.3,0,724
"1206",46.6,0,803
"1207",47.4,0,677
"1208",50.1,0,698
"1209",50.8,0,716
"1210",54.6,0,713
"1211",49.1,0,750
"1212",48.4,0,733
"1213",53.2,0,772
"1214",42.4,0,679
"1215",43.3,0,725
"1216",56.2,0,790
"1217",72.2,0,1011
"1218",76.9,0,789
"1219",64.3,0,742
"1220",65.4,0,814
"1221",69.7,0,853
"1222",62.3,0,716
"1223",59.1,0,805
"1224",68.5,0,805
"1225",69.7,0,792
"1226",66,0,779
"1227",51.7,0,729
"1228",46.4,0,699
"1229",52.2,0,690
"1230",62.1,0,788
"1231",63.8,0,743
"1232",61.8,0,759
"1233",63.2,0,795
"1234",57,0,800
"1235",60.1,0,759
"1236",51.2,0,764
"1237",52.8,0,714
"1238",59,0,797
"1239",63.8,0,781
"1240",71.3,0,820
"1241",77.6,0,805
"1242",78.9,0,854
"1243",82.8,0,882
"1244",82.7,0,888
"1245",76.6,0,875
"1246",75.3,0,847
"1247",76.9,0,841
"1248",70.8,0,1020
"1249",59.5,0,820
"1250",66.6,0,835
"1251",66.5,0,790
"1252",67,0,752
"1253",60.9,0,815
"1254",71.4,0,767
"1255",64.2,0,774
"1256",66.1,0,816
"1257",64.5,0,731
"1258",64,0,748
"1259",69.3,0,794
"1260",74.7,0,751
"1261",73,0,758
"1262",74.4,0,842
"1263",80.8,0,826
"1264",85.9,0,828
"1265",86.5,0,846
"1266",70.9,0,795
"1267",69,0,891
"1268",65.8,0,667
"1269",62.4,0,723
"1270",68.1,0,839
"1271",72.7,0,870
"1272",68.9,0,854
"1273",73.3,0,795
"1274",72.8,0,827
"1275",76.2,0,822
"1276",82.1,0,780
"1277",87.1,0,867
"1278",85.1,0,983
"1279",77,0,860
"1280",77.7,0,826
"1281",83.4,0,829
"1282",81.4,0,841
"1283",74,0,890
"1284",70.6,0,831
"1285",74.8,0,825
"1286",79.4,0,802
"1287",82.1,0,810
"1288",77.2,0,737
"1289",78.6,0,798
"1290",81.9,0,819
"1291",78.3,0,788
"1292",80.2,0,812
"1293",82.3,0,786
"1294",76.6,0,745
"1295",72.1,0,840
"1296",75.8,0,778
"1297",75.7,0,823
"1298",71.5,0,800
"1299",70.7,0,795
"1300",72.3,0,846
"1301",75.1,0,798
"1302",78.8,0,808
"1303",76.6,0,801
"1304",70.2,0,800
"1305",71.2,0,808
"1306",71.9,0,776
"1307",72.5,0,782
"1308",72.9,0,830
"1309",73.3,0,942
"1310",76.8,0,854
"1311",77.1,0,891
"1312",82,0,904
"1313",84.7,0,860
"1314",77.6,0,803
"1315",75.3,0,785
"1316",74,0,792
"1317",77.9,0,769
"1318",76.1,0,858
"1319",76.9,0,860
"1320",78.7,0,843
"1321",77.1,0,824
"1322",79.2,0,829
"1323",79.8,0,799
"1324",77.3,0,836
"1325",74.9,0,810
"1326",75.3,0,912
"1327",75.6,0,793
"1328",75.1,0,748
"1329",71.7,0,722
"1330",69.4,0,850
"1331",69.9,0,728
"1332",68.4,0,790
"1333",70.9,0,837
"1334",80.8,0,792
"1335",85.4,0,825
"1336",82.2,0,802
"1337",71.6,0,751
"1338",67.7,0,821
"1339",69.9,0,833
"1340",76.4,0,981
"1341",79.8,0,832
"1342",77.1,0,776
"1343",79.3,0,820
"1344",82.5,0,717
"1345",68.5,0,741
"1346",67.1,0,730
"1347",66.7,0,790
"1348",64.3,0,665
"1349",64.9,0,716
"1350",66.9,0,692
"1351",70.8,0,714
"1352",69,0,687
"1353",73.1,0,869
"1354",73.5,0,809
"1355",76.1,0,819
"1356",79,0,786
"1357",73.3,0,737
"1358",69.5,0,762
"1359",75.3,0,829
"1360",79,0,825
"1361",58.6,0,799
"1362",59.7,0,735
"1363",65,0,796
"1364",72.9,0,751
"1365",60.9,0,752
"1366",58.7,0,708
"1367",58.3,0,793
"1368",50.4,0,732
"1369",56.6,0,741
"1370",60.8,0,918
"1371",62.1,0,717
"1372",69.7,0,676
"1373",65.9,0,698
"1374",57.3,0,654
"1375",63.6,0,726
"1376",57.9,0,718
"1377",69.4,0,743
"1378",76.3,0,746
"1379",72.8,0,724
"1380",50.3,0,679
"1381",40.5,0,707
"1382",40.9,0,744
"1383",46.4,0,702
"1384",43.8,0,705
"1385",43.4,0,667
"1386",47.7,0,690
"1387",45,0,725
"1388",49.4,0,766
"1389",47.6,0,806
"1390",37.4,0,644
"1391",48,0,716
"1392",49.2,0,736
"1393",43.7,0,805
"1394",43.9,0,721
"1395",48.4,0,830
"1396",49.1,0,788
"1397",47.2,0,717
"1398",46.9,0,723
"1399",51.5,0,766
"1400",53.5,0,885
"1401",50.5,0,939
"1402",44.1,0,786
"1403",42.2,0,784
"1404",48,0,685
"1405",48.1,0,706
"1406",47.7,0,763
"1407",38.3,0,685
"1408",35.2,0,676
"1409",34.1,0,718
"1410",25,0,651
"1411",32.5,0,648
"1412",33,0,687
"1413",24.6,0,609
"1414",24.7,0,639
"1415",31,1.2,692
"1416",34.1,0,733
"1417",33.8,2,670
"1418",32.8,0,630
"1419",27.7,0,639
"1420",31.4,0,699
"1421",32.2,0,741
"1422",34.1,0,542
"1423",39.7,0,750
"1424",44.9,0,697
"1425",38.4,0,574
"1426",30.1,5.9,561
"1427",23.6,5.1,637
"1428",21.7,5.1,715
"1429",29.9,5.1,675
"1430",33.8,3.9,752
"1431",37.7,1.2,818
"1432",41.4,3.1,711
"1433",34.4,0,771
"1434",30.5,0,724
"1435",28.3,0,712
"1436",30.7,0,719
"1437",20.7,0,747
"1438",24.3,0,739
"1439",24.3,0,691
"1440",23.2,0,718
"1441",29.6,0,671
"1442",33.9,0,759
"1443",32.6,0,712
"1444",38.8,0,793
"1445",35.2,0,744
"1446",35.1,0,751
"1447",36.6,0,712
"1448",32.9,0,717
"1449",39.1,0,740
"1450",43.7,0,788
"1451",34.9,0,802
"1452",29.9,0,760
"1453",32.8,0,637
"1454",28.8,0,610
"1455",33.7,0,448
"1456",34.4,0,630
"1457",42,0,628
"1458",41.9,0,725
"1459",28.8,0,696
"1460",25.5,0,671
"1461",34.3,0,648
"1462",30.7,0,1075
"1463",27.6,0,655
"1464",29.2,0,752
"1465",37,0,769
"1466",38.9,0,792
"1467",37.9,0,664
"1468",43.6,0,676
"1469",41.4,0,701
"1470",23.2,0,631
"1471",17.9,0,686
"1472",23.4,0,784
"1473",30.2,2,673
"1474",29.7,2,573
"1475",25.4,1.2,635
"1476",25.5,1.2,696
"1477",31.2,1.2,700
"1478",30.3,1.2,653
"1479",29.7,0,668
"1480",26.4,5.1,521
"1481",11.9,5.1,493
"1482",9.4,5.1,556
"1483",18.7,3.9,626
"1484",29.5,5.1,662
"1485",16.6,5.1,607
"1486",1.3,5.1,586
"1487",2.1,5.9,532
"1488",3.8,5.9,524
"1489",18.4,9.8,521
"1490",5.8,9.1,494
"1492",-15,7.9,459
"1493",6.9,9.1,774
"1494",25.6,7.1,722
"1495",42.3,1.2,596
"1496",47.3,3.9,736
"1497",29.5,0,653
"1498",32.8,0,636
"1499",35.6,0,670
"1500",11.4,0,642
"1501",11.8,0,756
"1502",23.4,1.2,638
"1503",28,1.2,626
"1504",32,1.2,665
"1505",18.5,1.2,643
"1506",36.1,1.2,742
"1507",22.8,1.2,741
"1508",18.6,0,677
"1509",25.3,2,618
"1510",25.1,3.1,590
"1511",21.8,2,612
"1512",31.1,1.2,635
"1513",30.9,1.2,696
"1514",28.6,1.2,712
"1515",35.6,0,647
"1516",37.4,0,547
"1517",12.3,0,597
"1518",16.9,0,609
"1519",24.6,0,649
"1520",18,0,595
"1521",26.7,0,755
"1522",29.1,0,664
"1523",22.2,0,551
"1524",5.2,0,544
"1525",11.9,0,542
"1526",16.3,0,629
"1527",22.7,0,610
"1528",28,0,718
"1529",33.5,0,617
"1530",36.6,0,612
"1531",32,0,700
"1532",35.2,0,627
"1533",44.9,0,688
"1534",55.3,0,676
"1535",38,0,735
"1536",34.4,0,766
"1537",34.8,0,612
"1538",35.4,0,651
"1539",38.7,0,644
"1540",41.7,0,693
"1541",39.8,0,689
"1542",40.2,0,709
"1543",36.5,0,690
"1544",45.5,0,648
"1545",36,0,639
"1546",34.9,0,672
"1547",41.8,0,698
"1548",53.2,0,683
"1549",46.7,0,675
"1550",39.7,0,663
"1551",30.7,0,636
"1552",35,0,793
"1553",44.7,0,657
"1554",45.5,0,680
"1555",46,0,663
"1556",43.5,0,705
"1557",51.7,0,743
"1558",56.3,0,703
"1559",61.2,0,744
"1560",59.8,0,693
"1561",40.5,0,659
"1562",42.2,0,746
"1563",47.9,0,780
"1564",42.4,0,754
"1565",36.8,3.1,536
"1566",37.8,2,724
"1567",56,3.1,708
"1568",55,0,692
"1569",58.5,0,628
"1570",44.9,0,650
"1571",49.5,0,730
"1572",58.3,0,645
"1573",68.1,0,736
"1574",59.1,0,743
"1575",52.7,0,702
"1576",56.7,0,767
"1577",55.6,0,762
"1578",42.4,2,629
"1579",39.1,2,606
"1580",45.1,0,717
"1581",44.4,0,729
"1582",50,0,815
"1583",44.3,0,698
"1584",47.5,0,791
"1585",49.5,0,699
"1586",58.3,0,779
"1587",59.3,0,792
"1588",46.4,0,700
"1589",50.1,0,759
"1590",61.3,0,737
"1591",49.6,0,798
"1592",47.6,0,696
"1593",46.2,0,631
"1594",49.7,0,790
"1595",54.3,0,720
"1596",62.3,0,764
"1597",66.3,0,740
"1598",57.9,0,775
"1599",55.7,0,757
"1600",62.7,0,774
"1601",53.3,0,810
"1602",48.5,0,728
"1603",61.4,0,772
"1604",70.1,0,772
"1605",62.3,0,847
"1606",73.6,0,875
"1607",70,0,827
"1608",61.2,0,746
"1609",64.5,0,747
"1610",59.5,0,738
"1611",66,0,746
"1612",70.5,0,831
"1613",71,0,922
"1614",60.1,0,734
"1615",57.8,0,706
"1616",64.2,0,772
"1617",74.4,0,790
"1618",65.5,0,741
"1619",66.2,0,823
"1620",67,0,888
"1621",68.8,0,805
"1622",66.7,0,798
"1623",68.8,0,776
"1624",67.4,0,715
"1625",57.9,0,701
"1626",64.8,0,806
"1627",66.5,0,832
"1628",57,0,721
"1629",59,0,752
"1630",63.9,0,716
"1631",66.6,0,808
"1632",60,0,733
"1633",62.8,0,779
"1634",66.5,0,825
"1635",73.1,0,809
"1636",71.3,0,810
"1637",72,0,784
"1638",78.2,0,798
"1639",77.2,0,750
"1640",75.7,0,847
"1641",78.4,0,864
"1642",77.7,0,804
"1643",77.1,0,909
"1644",83.9,0,769
"1645",77.6,0,807
"1646",78.1,0,799
"1647",81.4,0,891
"1648",77.7,0,816
"1649",70.2,0,775
"1650",70.8,0,833
"1651",74.2,0,743
"1652",83.4,0,837
"1653",77.5,0,765
"1654",71.8,0,788
"1655",81.9,0,893
"1656",79.4,0,790
"1657",81,0,822
"1658",77.2,0,755
"1659",80.5,0,803
"1660",77.4,0,760
"1661",85.5,0,802
"1662",85,0,827
"1663",73.6,0,774
"1664",70.3,0,790
"1665",69.9,0,787
"1666",71.2,0,745
"1667",73.3,0,800
"1668",75.6,0,816
"1669",79.7,0,826
"1670",81.1,0,832
"1671",77.3,0,815
"1672",73.2,0,777
"1673",68.6,0,713
"1674",68.5,0,918
"1675",72,0,882
"1676",75.4,0,869
"1677",78.7,0,842
"1678",78.8,0,809
"1679",76.1,0,783
"1680",76.7,0,779
"1681",79.1,0,820
"1682",72.7,0,796
"1683",74.2,0,800
"1684",74.4,0,802
"1685",76,0,709
"1686",75.2,0,762
"1687",71.9,0,793
"1688",70.1,0,813
"1689",71.8,0,774
"1690",73.3,0,811
"1691",73.5,0,759
"1692",75.6,0,787
"1693",74.3,0,732
"1694",73.1,0,722
"1695",71.4,0,754
"1696",67.6,0,781
"1697",66.8,0,818
"1698",68.6,0,766
"1699",70.2,0,730
"1700",71.6,0,732
"1701",68.2,0,752
"1702",69.8,0,773
"1703",69.6,0,766
"1704",66.9,0,775
"1705",66.9,0,890
"1706",70,0,777
"1707",72.3,0,680
"1708",67.6,0,683
"1709",63.9,0,649
"1710",67.3,0,772
"1711",66.3,0,737
"1712",65.1,0,720
"1713",66.5,0,778
"1714",78,0,720
"1715",80.5,0,750
"1716",71.9,0,784
"1717",72.7,0,817
"1718",66.7,0,764
"1719",70.6,0,784
"1720",71.2,0,806
"1721",69.3,0,781
"1722",70.9,0,756
"1723",72.2,0,789
"1724",74.1,0,816
"1725",75.1,0,757
"1726",72.2,0,656
"1727",66.7,0,766
"1728",66.9,0,757
"1729",70.3,0,713
"1730",65.5,0,709
"1731",63.3,0,668
"1732",61.3,0,700
"1733",60.9,0,713
"1734",71.2,0,753
"1735",78.6,0,880
"1736",65.9,0,730
"1737",60.7,0,730
"1738",51.8,0,715
"1739",54.6,0,723
"1740",58.6,0,670
"1741",58.6,0,746
"1742",57.1,0,712
"1743",59.8,0,734
"1744",61.6,0,647
"1745",59.7,0,728
"1746",42.7,0,733
"1747",45.4,0,697
"1748",44.7,0,686
"1749",50,0,744
"1750",48.8,0,741
"1751",46,0,676
"1752",46.8,0,704
"1753",53.4,0,717
"1754",56.3,0,720
"1755",56.2,0,712
"1756",50,0,660
"1757",47.5,0,700
"1758",47.1,0,716
"1759",44.5,0,751
"1760",42.1,0,559
"1761",48.6,0,701
"1762",47.1,0,659
"1763",40.3,0,635
"1764",36.5,1.2,578
"1765",33.4,3.1,589
"1766",30.9,2,857
"1767",38,2,664
"1768",38.8,0,721
"1769",47.6,0,672
"1770",37.7,0,636
"1771",38.6,0,661
"1772",28.3,0,663
"1773",23,0,680
"1774",33.6,0,710
"1775",40.6,0,652
"1776",28.1,3.1,494
"1777",13.4,3.1,547
"1778",15.7,2,578
"1779",27.1,2,578
"1780",27.1,1.2,757
"1781",32.8,1.2,664
"1782",32.9,1.2,701
"1783",36.7,0,683
"1784",37.2,0,686
"1785",40.8,0,729
"1786",46.5,0,662
"1787",36,0,727
"1788",31,0,702
"1789",38,0,698
"1790",44.5,0,694
"1791",41.2,0,678
"1792",44.4,0,637
"1793",33.8,0,508
"1794",35.7,0,649
"1795",37.3,0,663
"1796",39.3,0,723
"1797",31.7,0,709
"1798",32.4,0,690
"1799",36.7,0,746
"1800",35.7,0,700
"1801",38.5,0,736
"1802",30.7,0,700
"1803",38.5,0,671
"1804",45.8,0,705
"1805",22,0,675
"1806",17.9,0,606
"1807",28,0,656
"1808",39.7,0,731
"1809",32.8,0,682
"1810",23.5,0,655
"1811",26,0,624
"1812",24.9,0,670
"1813",19.9,0,653
"1814",22.9,0,683
"1815",29.9,0,726
"1816",37.5,0,747
"1817",39.7,0,680
"1818",42,0,689
"1819",39.8,0,624
"1820",47.5,0,511
"1821",55.6,0,609
"1822",36.9,0,693
"1823",34.1,0,639
"1824",51.9,0,689
"1825",38.4,0,616
"1826",26.3,1.2,549
