"","temp","dewp","slp","wdsp","NUM_CRIMES"
"2",25.7,16,1023.3,5.1,674
"3",31.5,27,1017.7,4.6,648
"4",29,26.1,1012.9,10.3,514
"5",2.2,-7.4,1034.9,12.4,523
"9",8.1,-0.5,1022.9,15.5,590
"10",4.8,-3.9,1030.4,10.5,647
"11",25.8,14.1,1025.1,9.4,650
"12",23.1,16.3,1031.9,9.1,607
"13",16.9,8.7,1039,8.9,612
"14",10.5,5.8,1030,4.4,675
"15",22,14.6,1019.9,8.5,763
"16",28.3,22.4,1019.5,6.7,710
"17",34.2,26.6,1010.3,12.3,741
"18",36.8,29.5,1007.4,11.6,698
"19",31.8,26.7,1015.5,4.3,709
"20",33.6,30.3,1012.7,5.7,793
"21",30.9,27.6,1017.3,7.4,746
"22",29.9,22.7,1028.4,5.6,752
"23",29.6,23,1024.1,9.9,800
"24",32.7,26.4,1008.2,8.2,756
"25",31.1,27.5,1008,10.9,646
"26",23.2,15.8,1014.7,6.6,656
"27",27.4,21.8,1018.7,5.6,675
"28",25.8,17.5,1024.1,6.3,647
"29",33.3,25.2,1012.6,12.4,704
"30",27,12.5,1029.9,9,714
"31",27,17.9,1025.9,5.9,636
"32",29.1,26.8,1016.3,11,562
"35",21.1,16.4,1019.5,6.8,577
"36",7.4,-3,1030.7,7.2,572
"37",17.5,7.9,1023.3,8.7,696
"38",29.1,24.3,1012.2,6.8,679
"39",36,33.1,1004.5,6.6,615
"40",25.6,22.3,1019.2,12.2,607
"41",24.8,16.8,1023.9,6.4,629
"42",30.6,22.8,1017.3,10.7,606
"43",15.9,3.6,1025.9,14.2,611
"44",11,1.8,1027,7.9,632
"45",18.6,8.5,1017.7,15.2,597
"46",4.5,-6.2,1033.8,10.3,552
"47",11.8,-1.9,1026.2,4.1,539
"48",16.5,6.6,1015.2,9.2,597
"51",3.3,-6.4,1026,9.3,651
"52",21.7,12,1015,6.1,652
"53",21.4,10.8,1026.9,8.9,593
"54",4.2,-10.4,1038.9,9.4,572
"55",11.3,-0.3,1017.8,13,628
"56",21.1,7.5,1012.8,7.7,572
"57",16.8,10.2,1023.9,10.6,518
"58",6,-6.6,1034.1,8.3,638
"59",6,-4.6,1039.6,4.2,545
"60",18.3,12.8,1029.8,4.9,759
"61",21.3,10.5,1030.7,7.1,658
"62",28.2,22.2,1018.1,10.9,636
"63",24.1,14.5,1016.8,11.4,562
"64",11.6,-3.9,1030.4,9.4,612
"65",12.4,2,1031.1,10.1,712
"66",31.7,22,1018.9,9.9,697
"67",34.9,27.1,1021.2,7,625
"68",36.8,26.3,1021.2,4.6,726
"69",40.5,36.1,1017,5.9,754
"70",42.1,33.1,1022.3,6.7,746
"71",41.8,26.4,1031.1,5.5,752
"72",47,30.3,1023.5,5.8,814
"73",51,37.4,1016.3,10.3,798
"74",45.2,32,1021.9,7.1,779
"75",58,37.1,1013.1,10.9,779
"76",44.6,26.1,1021.7,15.3,692
"77",36.8,14.7,1026.9,4.1,690
"78",41.7,17.7,1024,6.5,717
"79",42.5,30.3,1018.9,6.6,777
"80",42.5,34.1,1018.7,9.9,689
"81",32.4,21.6,1025.2,8.6,656
"82",29.1,23.9,1025.2,10,592
"83",29.7,20.6,1024.7,8.5,639
"84",36.6,31.4,1014.9,11,724
"85",36.7,27.5,1015.9,9,684
"86",29,15.6,1020.3,11.6,725
"87",26.8,11.3,1025.6,5.9,657
"88",31.6,18.6,1019.9,12.8,619
"89",46,30.5,1014.7,9.4,719
"90",48.7,35.2,1010.7,8.5,693
"91",51.9,35.1,1015,6.9,929
"92",58.5,42.9,1007.3,13,794
"93",50.1,30.9,1012.1,8.7,710
"94",39.7,23.1,1022.7,10.1,694
"95",53.5,23.8,1018.1,8.5,673
"96",45.5,34.5,1015.8,5.1,676
"97",40.4,35.9,1018.1,11.3,603
"98",44.5,42.2,1014.6,8.2,679
"99",50.5,48.2,1008.5,8.9,648
"100",52.6,41.8,1006.4,18.5,714
"101",47.7,33.4,1022,7.2,720
"102",54.7,32.7,1019.7,8.7,773
"103",60.1,40.3,1014.7,11.5,735
"104",55.8,24.5,1022.8,4.8,767
"105",54,24.6,1024,8.3,802
"106",52.9,35.9,1020,7.2,688
"107",60.2,44.3,1017.9,4.7,785
"108",59.6,42.6,1016.8,7.5,769
"109",55.6,34.7,1009.8,8.3,703
"110",48.6,44.4,994.7,12.3,743
"111",44.3,29,1002.6,16.8,663
"112",39.7,23.7,1007.6,13.6,682
"113",42.3,21.3,1014.8,8.3,731
"114",44.2,23,1017.2,4.2,761
"115",43.5,37.2,1010.5,11.3,695
"116",44.8,28.7,1014,9.9,718
"117",46.3,30.2,1018.7,9.8,721
"118",46.3,33.7,1020,4.5,719
"119",49.7,34.3,1014.4,5.7,766
"120",45.6,33.9,1014.5,10.2,666
"122",62.1,38.1,1017.7,5.3,687
"123",67.4,42.6,1014,7.4,745
"124",65.1,54.6,1015.8,8.6,779
"125",52.1,45.6,1022.3,7.7,697
"126",55.6,50.9,1020.8,5.8,739
"127",66.9,52,1016.7,8.6,826
"128",71.1,60.7,1013.3,8.2,807
"129",59.5,56.2,1016.8,6.6,685
"130",48.5,45.8,1017.3,8.7,741
"131",56.4,52.7,1012,8.8,749
"132",52,39.5,1015.6,16.6,757
"133",47.6,34.7,1028.9,8.7,768
"134",52.2,38.8,1026.9,8.9,755
"135",63.2,56.8,1015.4,8.7,822
"136",69,62.5,1015.2,4.7,882
"137",72.3,65,1013.3,12.6,836
"138",72.1,58.3,1014,13.3,758
"139",50.4,36.9,1021.6,11.4,708
"140",43.5,30.2,1023.9,7.2,730
"141",51.8,37.7,1019.2,8.2,745
"142",58.8,35.1,1020.2,7.5,824
"143",61.8,35.6,1025.5,6.5,798
"144",66.1,49.3,1020.2,5.9,687
"145",70.4,62.1,1011.6,12.7,708
"146",70.6,62.5,1011.7,10.3,770
"147",68.4,59.1,1012.5,11,738
"148",69.5,54.3,1020.6,4.8,800
"149",72.1,60.3,1015.8,8.9,828
"150",64.4,58.8,1014.7,8.9,719
"151",47.5,39.5,1021.3,17,666
"153",55.5,40.1,1021.8,4.5,772
"154",62.3,49.2,1017.7,5.9,778
"155",68.2,56.7,1015.3,7.5,721
"156",65.3,56.7,1017.3,9.8,786
"157",60.1,50,1020.3,9.9,758
"158",65.7,57.7,1010.6,9,739
"159",73.1,63.8,1004.9,10.5,682
"160",69.7,56.2,1008.2,7.3,732
"161",80.2,62.3,1005.5,10.7,793
"162",68.9,57,1009.9,6.6,804
"163",61.5,59,1009.8,7,828
"164",66.1,60.5,1013.2,6.2,813
"165",73.3,67.9,1012.3,6.8,795
"166",74.8,69.9,1013,5,739
"167",68.6,58.7,1018.3,7.9,847
"168",61.3,51,1017.7,4.8,722
"169",71.6,65.4,1013.6,7.1,768
"170",60.8,50.8,1017.8,10.2,774
"171",62.8,53.5,1012.3,6,766
"172",73.5,64.7,1010.9,7.6,783
"173",75.2,69.2,1012,7.8,780
"174",75.3,59.3,1012.8,9.5,732
"175",70.2,56.5,1019.5,4.5,728
"176",70.7,64,1015.4,6.3,784
"177",63.1,58.8,1015.2,7.7,784
"178",64,52.1,1015,9,723
"179",67.5,51,1012.6,3.2,797
"180",68.1,61.6,1009.1,3.6,752
"181",68.1,61.4,1008.7,6.2,749
"182",60.7,52.7,1013.6,6.6,889
"183",59.3,51.8,1015.5,8.6,757
"184",64.2,51.9,1014.7,4.4,768
"185",69.7,54.4,1014.4,3.5,845
"186",72.4,58.4,1016.8,4,898
"187",74.2,64.9,1014.2,7.3,757
"188",67.3,58.1,1014,13,701
"189",59.7,50.2,1018.7,6.8,718
"190",63.6,56,1015.1,6.7,672
"191",69,56.5,1018.4,3.5,739
"192",70.4,57.8,1019.6,4,798
"193",73.6,65.6,1015.2,4.5,801
"194",75.7,68.2,1007.6,8.7,782
"195",76.2,66.4,1002.7,10,711
"196",65.8,53.1,1014.1,9,795
"197",66,56.4,1015.4,6,673
"198",77.3,70.9,1007.9,7.9,825
"199",78.7,71.4,1009.6,6.7,776
"200",79.4,69.6,1010.8,8.2,764
"201",74.5,62,1009.9,6.3,778
"202",74.9,58.2,1009.9,8.5,777
"203",73.6,55.9,1013.9,4,774
"204",74.4,56.6,1015.2,3.5,810
"205",75.2,60.1,1015.5,5.1,867
"206",79.5,67.1,1012.7,7.5,832
"207",74.7,65.5,1013.7,4.1,802
"208",77.2,64,1014.7,7.2,835
"209",79.4,66.6,1014.5,5.8,767
"210",81.3,66,1013.4,8,764
"211",77.1,55.3,1016.2,10.2,775
"212",78.2,56.4,1015.1,10.9,782
"214",79.6,65.4,1009.3,11.7,822
"215",75.7,60.1,1008.3,10,729
"216",72.2,53.5,1013.2,7.4,761
"217",72.7,55.6,1016.4,4.6,772
"218",73.3,60.6,1014.6,6.6,809
"219",73.2,59.3,1012.6,7,839
"220",75.3,62.6,1011.9,6.7,849
"221",71.8,65.9,1014.1,4.4,745
"222",75.1,67.7,1011.3,4.8,809
"223",72.9,62.3,1015.1,6.6,791
"224",71.2,56.8,1020.1,3.6,760
"225",73.8,60.4,1018.7,7.9,784
"226",78.2,66.1,1017.9,8.5,808
"227",76.6,66.7,1018.7,6.1,826
"228",78.7,69.1,1018.2,5.2,865
"229",78.6,67.1,1016.3,6.2,741
"230",73.6,66.8,1011.2,6.4,762
"231",71.7,63.2,1004.9,11.1,793
"232",64.8,52.9,1008.9,13.6,839
"233",68.7,53,1017.1,6.7,858
"234",72.1,56.7,1018.1,9.3,845
"235",71.5,58.6,1012.3,9.8,806
"236",65,49,1013.2,11.5,724
"237",63.4,48.2,1015.5,8.9,767
"238",61.9,52.4,1019.7,6,792
"239",63.1,52.3,1021.6,3.6,764
"240",65.5,56.8,1019.8,4.2,806
"241",67.6,63.2,1017.2,5.7,761
"242",68.4,63.9,1016.9,3.3,800
"243",71,64.2,1016.9,2.8,745
"245",80.3,69.4,1015.9,7.1,801
"246",81,68.3,1013.2,6.9,875
"247",74.4,66.8,1014.8,5.4,815
"248",75.4,67.3,1017.8,6.1,767
"249",79.9,66.6,1017.3,7.9,818
"250",81.5,66.9,1014.4,7.3,808
"251",77,69.6,1011.5,6.5,717
"252",70.2,60.4,1013.8,6.5,711
"253",64,56,1014.2,4,659
"254",61.9,56.5,1014.2,8.2,691
"255",57.6,45.8,1017.1,10,724
"256",58.1,44.5,1016.8,6.2,734
"257",65.3,48.8,1016.4,9.2,791
"258",72.9,53.9,1020.5,11.2,813
"259",70.5,52.8,1021.8,9.7,766
"260",71.7,58.5,1016.6,9.7,717
"261",72,67.2,1010.1,7.4,791
"262",65.5,57.4,1012.8,9.7,792
"263",60.4,48.6,1020.9,2.6,811
"264",62.1,49.4,1020.3,4.6,735
"265",64.6,51.5,1020.9,3.3,777
"266",68.2,52.1,1023.6,3.4,833
"267",66.7,56.6,1024,4.6,718
"268",65.5,59.6,1023.7,7.2,811
"269",67,58.5,1023.5,6.9,792
"270",67.4,59.5,1019.5,6.3,802
"271",69.6,63.6,1015.6,4.3,753
"272",64.4,59.6,1014.9,9.6,670
"273",56.7,44.1,1021.7,14.3,678
"274",55.2,42.4,1025.3,14.5,889
"275",55,41.7,1027,16.4,799
"276",52.1,39.6,1024.1,16.3,709
"277",51.9,47.4,1022.4,11,654
"278",57,53.8,1021.7,6.8,755
"279",60.2,53.8,1020.6,4.5,752
"280",62,54.9,1019.9,6,718
"281",61.7,52.4,1016.9,6.8,701
"282",60.4,52.1,1017.1,9.9,795
"283",53.2,43.7,1022.1,4.2,729
"284",61.5,46.7,1010.9,9.3,735
"285",67.1,48.6,1000.7,12.4,732
"286",55.7,41.3,1003.7,13.4,741
"287",52.3,39.3,1013.3,6.9,764
"288",54.8,36.3,1015.5,8.9,816
"289",48.9,30,1022.7,9.7,734
"290",42.5,23.1,1029,9.2,706
"291",44.6,26.8,1030.5,3.9,675
"292",54.9,30.7,1022.5,13.9,788
"293",63.7,37.7,1017.5,11.5,785
"294",62.7,51.9,1018.5,8.8,794
"295",59.8,48.8,1022.3,6.7,774
"296",55,44.5,1022.4,9.3,777
"297",61.8,57.9,1011,12.1,765
"298",51.3,39.1,1024.9,5.8,728
"299",49.2,38.7,1028.6,3.6,781
"300",53.2,42.9,1023,9.4,651
"301",52.7,50.5,1002.9,12.6,682
"302",40.6,32.8,1003.6,16,669
"303",45.5,37,1017.5,5.8,776
"304",46.8,42.1,1014.1,9.4,721
"306",57.9,43.4,1014.3,8.4,785
"307",58.4,47.9,1017.7,6.2,749
"308",57.5,54.5,1018.9,6.6,791
"309",63.8,56.8,1015.7,10.5,755
"310",55.5,48.3,1012.1,16,747
"311",44.3,34.5,1023.9,9,691
"312",40.8,28.1,1029.7,4.3,705
"313",41.7,28.2,1025.3,2.6,684
"314",45.1,32.3,1019.7,2.3,640
"315",47.9,36.8,1012,8.8,688
"316",48.4,42,999,19.1,693
"317",41.7,27.6,1014.2,17.5,679
"318",38.9,26.1,1024,6.8,696
"319",52.5,33.5,1022.7,8.3,722
"320",51.6,35.8,1020.7,9.7,744
"321",51,48,1013.9,13.5,668
"322",58.4,50.7,1001.3,19.6,683
"323",44.6,31.7,1009.1,16.1,696
"324",35.9,17.5,1022.5,10,714
"325",31.9,29.5,1018.6,8.6,528
"326",19.1,13.2,1021.8,7.9,520
"327",28.4,22,1017.2,9.1,650
"328",31.6,26.8,1024.6,4.8,607
"329",38.3,30.9,1023.7,10.8,620
"330",52,46.4,1022.5,14.1,589
"331",45.5,42.5,1025.2,14.4,613
"332",34.7,28.5,1029.4,10.7,658
"333",32.7,25.7,1028.3,6.5,612
"334",40.1,31.7,1022.6,8.4,668
"335",41.6,36,1010.6,9.4,797
"336",34.8,31,1010,6.7,716
"337",33,28.4,1021.5,9.3,710
"338",36.6,32.2,1032.2,8.4,700
"339",35.8,32.1,1035.6,7.1,707
"340",35.8,31.6,1028,5.6,687
"341",33.7,32,1023.2,4.2,689
"342",40,36.6,1014.5,9.8,733
"343",46,40.7,1006.4,8.3,685
"344",48.3,38.4,1003.5,12.8,690
"345",45.9,35.1,1005.9,8.6,742
"346",49.7,45.2,1011.8,3.4,752
"347",55,52.9,1010.1,8.2,652
"348",54.7,51.1,993.8,15,739
"349",41.3,35.8,1008.9,8.3,793
"350",43.3,38.4,1007.9,12.9,722
"351",33.4,24,1009.5,15,728
"352",27.7,17.1,1014.7,11,653
"353",23.3,12.8,1024.2,11.2,666
"354",34.2,23,1022.2,10.6,693
"355",46.3,40.1,1009.2,13.3,650
"356",39.3,37.3,1009.9,6.9,694
"357",47.1,45.5,999.8,11.3,754
"358",42.1,34.5,1005.3,15.9,675
"360",39.1,34.8,1024.1,8.9,640
"361",38.4,36,1021.6,12.9,627
"362",33.5,27.4,1023.7,17.9,516
"363",33.5,31.1,1008.3,10.6,624
"364",28.8,23.6,1021.9,7.2,603
"365",27,21.3,1023.9,8,611
"367",27,19.4,1019,9.6,576
"368",26.8,19.3,1018.4,11.4,618
"369",26.9,18.5,1028.9,9.5,626
"370",25.5,17,1033.7,8.2,627
"371",28.3,20.9,1026.8,7.5,628
"372",36,26.4,1020.3,6.7,707
"373",38.5,34.2,1012.3,6.6,743
"374",37.1,36.6,1008.3,5.2,650
"375",19,14.2,1012.3,15.8,597
"376",5.1,-1.6,1019,8.7,513
"377",14,7.1,1014.3,14.6,548
"378",6.7,-0.8,1020.3,8.6,654
"379",30.6,23.7,1006.9,7.7,734
"380",39.9,35.4,997.9,11.4,734
"381",28.4,21.3,1008.5,11.9,652
"382",7.5,-3,1017.6,14.2,537
"383",0.6,-9.9,1025.7,12.9,515
"384",5.8,-4.7,1031.4,6.7,610
"385",16.7,9.2,1027.1,3.5,619
"386",19,12.8,1027.3,2.9,634
"387",23.7,18.3,1025.9,7.5,701
"388",27.8,21,1023.6,6.4,722
"389",27.1,19,1016.7,7.6,675
"390",30.6,25.2,1011.5,6.8,744
"391",32.7,28.5,1011.5,14.4,640
"392",27.6,17.5,1022.4,10,669
"393",34.1,26.7,1006.8,13.8,751
"394",28.3,14.4,1012.9,9.5,746
"395",37.5,29.1,1005.3,9.7,743
"396",42.2,38.5,1002.4,6.5,665
"397",36,31.1,1014.1,5.5,853
"398",34.5,31.6,1016.9,9.8,614
"399",35.6,33.4,1002,9.9,682
"400",26.7,18,1020.9,9.9,670
"401",28.9,20.8,1026.5,6.2,660
"402",30.5,23.1,1025.4,6.9,695
"403",37.6,29.1,1013.2,10.5,617
"404",30.9,24.9,1005.9,9.1,570
"405",19.3,12.6,1010.4,12.2,545
"406",13.6,3.4,1016.9,11.2,565
"407",13,0.2,1024.8,7.2,582
"408",19.1,6.3,1023.6,10.8,647
"409",9.4,-7.7,1034.1,11.7,597
"410",13.9,2.2,1029.3,8.3,514
"411",20.7,17.9,1014.3,7.3,553
"412",27.5,21.9,1010.5,3.8,625
"413",28.4,20.3,1021,6.3,641
"414",29.6,21.5,1027.3,9.5,681
"415",47.5,35.3,1006.7,22.5,775
"416",49.1,32,1009.9,14.1,702
"417",39.6,31.6,1018.1,8.2,707
"418",35.1,27.1,1022.1,3.4,639
"419",35.6,26.1,1019.9,4.5,630
"420",34.8,27.3,1010.9,16.6,578
"421",33.4,23.9,1010.9,16.4,699
"422",31.1,16.4,1023,9.4,740
"423",36.7,24.3,1016.4,10.7,692
"424",51.7,36,1002.8,16.9,624
"425",40.8,30.6,1009.8,14.1,646
"426",28.3,23.2,1013.2,15.1,817
"427",20.6,6.8,1020.3,7.6,608
"428",30.1,24.1,1019,6.7,617
"429",30.1,19.1,1021.7,6,704
"430",33.5,28.4,1019.3,8.2,700
"431",38.8,29.1,1022.2,9.2,714
"432",51.3,39.9,1012.2,13,795
"433",61.8,49.6,1011.3,13.3,723
"434",61.1,55.1,1010.8,10.6,679
"435",49,40.9,1017.3,6.7,716
"436",42.7,34.4,1026.1,4.8,733
"437",43.3,36.6,1022.3,3.7,746
"438",46.8,42.8,1012.3,8,628
"439",46.9,44.1,1005.3,4.4,684
"440",49.5,45.2,1006.4,7.6,713
"441",52.6,42.1,999.8,19.9,745
"442",47.4,29.3,1009.4,15,738
"443",41.3,27.6,1016.2,8.3,791
"444",38.5,30.4,1021.1,7.3,699
"445",36.8,25.7,1022.3,8.4,685
"446",38.4,23.6,1020.9,5.7,699
"447",47.8,31.3,1010,10.2,722
"448",41.6,35.3,1009.4,11.5,686
"449",37.1,35.9,1003.2,11.7,677
"450",34.5,26.5,1015.5,8.2,717
"451",40.1,31.9,1020.6,6.7,735
"452",46.9,37.8,1015.2,6.8,631
"453",45.1,36.9,1015.7,10.8,741
"454",43.7,31.2,1024.7,5.1,739
"455",48.9,35,1014.3,11.3,716
"456",59.8,54.5,996.4,16.3,754
"457",44.9,37,1005.1,8.3,826
"458",35.2,25.1,1007.7,15.8,651
"459",40.1,21.6,1012.5,13.4,706
"460",40.6,28.5,1013.4,14.1,660
"461",33.5,18.2,1029.5,7.5,677
"462",44.5,37.6,1008.9,10.2,660
"463",40,33.8,1004.4,12.5,742
"464",36.9,27.7,1010.2,11,626
"465",30,15.1,1021.1,11.8,689
"466",37.1,27.1,1016.4,14.3,704
"467",47.7,38.8,1011,10.3,676
"468",39.7,21.5,1024.7,8,701
"469",42.7,26.8,1027,6.9,715
"470",47.7,29,1024.7,6.7,691
"471",53.5,31.7,1023,6.7,811
"472",57.6,38.4,1024.7,6,734
"473",62.5,39.5,1027.5,5,708
"474",65.7,39.7,1025.6,3.3,738
"475",54,40.6,1023.1,9.2,703
"476",58.1,41.6,1019.1,9,690
"477",61.6,52.8,1010.3,6.7,714
"478",51.2,44,1013.8,9.5,731
"479",47.6,37.8,1021.4,7.2,694
"480",56.2,42.6,1015.5,6.9,756
"481",69,52,1006.7,10.7,758
"482",53.4,46,1008.1,11.1,693
"483",44,38.4,1013.2,12.6,661
"484",44.9,40.7,1011.8,10.1,731
"485",44.3,39.9,1018.1,7.6,719
"486",44.8,39.9,1017.8,10.3,605
"487",45.2,43.6,1015,11.8,820
"488",49.3,38.7,1017,10.7,757
"489",52.8,36,1014,6.1,735
"490",52.3,40.3,1007.4,11.1,682
"491",48.8,36.7,1014,11.4,701
"492",59.2,41.2,1013.8,5.2,794
"493",64.6,42.6,1007.9,12.3,742
"494",55,31.3,1012.7,4.1,729
"495",55.9,43.4,1014.2,10.1,732
"496",54.2,52.9,1011.9,9.5,713
"497",58.2,55.3,1015.2,5.7,758
"498",61.2,56.3,1013.3,7.7,690
"499",57.6,44.5,1014.6,10.1,808
"500",46.3,37,1014.4,12,723
"501",45,28.4,1019,8.5,739
"502",55.7,34.6,1019.3,10.7,782
"503",54.3,41.7,1021.8,9.4,692
"504",52,36.4,1023.6,7.1,801
"505",55.2,35.1,1022.8,3.9,764
"506",58.5,37.3,1021.1,5.6,805
"507",62.5,35.9,1019.2,8.3,792
"508",66.2,41.2,1018,6.4,750
"509",66.1,43.9,1015.7,5.7,782
"510",71.9,46.9,1013.8,9.3,803
"511",75.9,59.7,1014.2,8.2,721
"512",71.1,64.1,1012,8.2,767
"513",74.2,64.9,1010.9,8.1,800
"514",73,64.9,1011.1,12.8,791
"515",71.8,61.1,1014.3,11.6,798
"516",74.5,57.5,1015.3,5.6,820
"517",72.6,56.4,1014.7,7.7,756
"518",68.1,62.4,1013.5,5.6,937
"519",70.1,54,1015.2,5.9,800
"520",70.1,53.3,1016.9,3.1,822
"521",68.8,58.4,1011.7,6.9,827
"522",68.2,58.3,1004.5,9.8,777
"523",71.2,54.2,1004.2,10.3,792
"524",63.3,47.9,1008.6,10.3,754
"525",60.7,47.3,1014.4,6,744
"526",61,50.9,1015.8,6.1,727
"527",73.8,63.2,1013.6,7.5,765
"528",82.4,63.1,1012.9,8.1,816
"529",71.4,49.1,1018.3,10.5,852
"530",67.9,47.8,1017,5.7,794
"531",74.1,58.5,1011.1,6.7,835
"532",78.4,68.2,1006.9,8.8,790
"533",74.4,62.5,1007.8,10,821
"534",70.8,54.8,1016.3,8.1,830
"535",74.3,51.2,1021.3,5.2,763
"536",77.7,56,1022.2,5.7,811
"537",83.4,65.5,1017.3,11.6,857
"538",75.5,50.7,1015.3,8.7,825
"539",71.8,58.6,1012.2,6.2,749
"540",70.3,65.6,1010.2,6.7,801
"541",70.9,56.8,1016.6,7.4,807
"542",76.7,61.4,1017.5,7,813
"543",81.3,68.7,1014.7,9.2,775
"544",79.6,60,1015.8,9.1,771
"545",68.2,53.5,1019.7,9.9,767
"546",66.8,50.2,1019.8,5.2,804
"547",69.4,50.6,1016.3,6.9,847
"549",65.5,47.8,1020.8,4.1,756
"550",68,51.4,1018.4,6,782
"551",70.8,60.1,1012.6,6.5,848
"552",75.5,64.5,1010.9,6.1,895
"553",77.4,66.9,1009.6,8.7,742
"554",76.8,68.8,1009.1,5.4,790
"555",75.9,66.7,1009.1,8.3,790
"556",73.1,58.9,1014.1,9.8,729
"557",72.4,56.5,1017.4,3.8,760
"558",78.3,65.6,1013.9,8.4,701
"559",81.1,69.3,1010.2,11.9,780
"560",77.8,68.9,1011,7.8,726
"561",76,64.1,1010,12.3,769
"562",70.8,58.2,1013.8,8.9,846
"563",67.3,56.1,1019.3,4.4,780
"564",70.5,59.4,1016.6,9.6,789
"565",78.6,67.1,1018.1,5.1,799
"566",78.6,62.9,1022,4.1,791
"567",78.8,65.7,1021.4,5.4,825
"568",81,72.2,1017.6,7.2,785
"569",79.2,70.9,1015.2,8,792
"570",84.6,74.6,1014.3,3.7,814
"571",78.5,72.6,1012,11.2,790
"572",79,66.4,1013.8,7.2,827
"573",78.9,63.5,1016.3,3.1,877
"574",79.3,63.2,1015.1,3.2,795
"575",76.8,67.2,1012.2,5,774
"576",73.2,68.8,1012.5,6.6,802
"577",72.3,65.6,1014.1,8.3,927
"578",72.7,63.9,1016.1,6,813
"579",74.7,64.9,1017.6,5.2,882
"580",77.2,65.7,1017.9,4.8,793
"581",79.6,66.1,1017,3.1,772
"582",80.7,65.4,1014.5,4.6,793
"583",78.2,67.7,1011,6.7,862
"584",75.7,60.1,1014,6.8,828
"585",74.7,59,1016.1,4.4,838
"586",76.9,61,1016.9,8.7,804
"587",77.7,60.8,1015.4,5.7,725
"588",80.4,65.5,1016.9,3.6,722
"589",81.7,68.7,1014.5,7.9,852
"590",79.9,72.8,1010,5.3,746
"591",77,71.3,1008.7,7.3,827
"592",76.7,63.7,1014.7,4.8,843
"593",74.5,66.1,1017.6,6,843
"594",76.5,67.1,1015.9,7,816
"595",77,65.6,1017.6,6,862
"596",76.9,69,1016.3,4.4,767
"597",75.3,66.2,1012.5,7.9,793
"598",74.7,68.4,1006,9.2,844
"599",66.4,55.3,1010.1,9.7,786
"600",67.1,52,1019.7,3.8,728
"601",70.5,58.1,1021.3,9.1,753
"602",74.9,66.5,1016.2,10.7,823
"603",76.4,69,1015,5.3,770
"604",72.4,61.3,1019.4,5.5,803
"605",73.6,67.2,1017.7,7.2,819
"606",76.9,69.4,1019.9,5.2,805
"607",75.7,69.3,1022.6,5.4,884
"608",75.6,70.6,1019.6,3.4,755
"609",72.9,62.5,1017.4,8.5,780
"611",67.6,55.3,1023.7,7.9,799
"612",67.9,56,1022.7,5.2,830
"613",69,57.6,1021.3,6,779
"614",73.2,62.4,1018.8,8.2,822
"615",82.2,71.6,1016.6,8.5,761
"616",82.5,72.4,1014.7,8,723
"617",76.3,70,1011.2,8.5,795
"618",73.8,66.4,1012.9,4.6,818
"619",68.8,59.9,1011.3,8.3,767
"620",64.7,51.4,1020.3,5.2,758
"621",66.5,51.9,1019.1,7.5,793
"622",72.2,58.3,1016.7,7,786
"623",69.4,59.2,1021.9,7.9,820
"624",68.2,57.5,1022.9,6.4,823
"625",72,60.8,1016.2,10.2,807
"626",73.9,62.3,1012.2,8.7,834
"627",69.1,54.7,1014.2,3.5,781
"628",71.4,53.2,1015.4,6.4,712
"629",74.8,54.9,1019.2,7.5,792
"630",70.2,60.9,1019.8,6.3,731
"631",71.4,63.4,1017.8,4.1,831
"632",71.7,65.4,1017.5,7.3,845
"633",68.5,62.5,1020.7,8.3,833
"634",71.7,62.7,1017.5,7.9,809
"635",65.9,48.1,1013.9,13,764
"636",60.1,35.5,1010.2,12.2,735
"637",56,45.4,1010.8,9.5,634
"638",60.7,55.9,1020,13.9,702
"639",61.8,58.4,1020.7,11,772
"640",61,57.7,1016.7,6.8,862
"641",59.7,57,1016.9,6.3,707
"642",61.9,56.4,1018.9,3.2,772
"643",65.2,56.4,1017.5,7.1,743
"644",68.7,57.7,1013.7,9.6,805
"645",65.8,59.7,1017.6,4.4,754
"646",65.2,57.4,1016.9,9.1,863
"647",52.4,38,1024,6.3,715
"648",55.9,45.7,1026,6.6,682
"649",56,45.4,1026.9,4.5,724
"650",63,49.9,1021.9,8.6,697
"651",62.3,53.6,1015.5,10.3,746
"652",47.9,36.9,1024.6,6.9,693
"653",50.2,39.9,1024.7,5,821
"654",58,52.6,1016.9,10,823
"655",68.5,62.7,1012,8.6,790
"656",71.8,64.5,1004.9,12.5,817
"657",73.9,58.8,1002,14.1,774
"658",60.4,46,1016.6,3.3,712
"659",54.8,47.2,1019.9,9.3,717
"660",47.7,33.9,1021.6,12,760
"661",46.6,32.2,1019.3,6.5,773
"662",55,43.7,1013.9,7.3,785
"663",53.7,40.3,1024.7,9.2,770
"664",46,36.8,1029.9,3.6,736
"665",47.8,42.1,1024.1,11.5,699
"666",47.6,42.6,1021,7.6,730
"667",48.9,43.4,1022.2,6.6,802
"668",65.8,58.1,1012.5,11.2,831
"669",54.5,49.3,1018.7,9.6,786
"670",47.9,41.4,1020.3,6.6,867
"671",65.3,55.7,1011.4,10.8,910
"672",62.3,57.5,1017.2,4.6,749
"673",56,50.5,1021.5,4.8,783
"674",52.8,44.1,1029.1,4.4,783
"675",54.7,44.3,1027.1,5.9,821
"676",56.1,46.5,1026.8,3.4,753
"677",53.8,42.7,1026.1,3.8,738
"678",55.7,45.4,1022.2,7.4,644
"679",49.5,35.4,1026,8.1,680
"680",49.4,33.8,1020.2,10.1,723
"681",49.4,36.1,1022,12.1,797
"682",41.8,31.4,1030.3,6.7,780
"683",44.6,30.4,1022.5,7.8,660
"684",48.4,35.5,1014,6.9,670
"685",46,42.3,1011.7,3,712
"686",48.1,41.7,1012.8,3.3,770
"687",54.6,45.8,1010.3,10.3,811
"688",62,49.2,1008.3,14.8,794
"689",37.9,24.8,1016.2,18.5,677
"690",29.2,15.9,1026.9,9.5,663
"691",30.1,17.2,1026.6,4.7,683
"692",32.8,25.5,1026.3,5.4,722
"693",39.8,35.6,1018.6,9.2,699
"694",40.3,36.5,1018.9,7.8,534
"695",37.3,32.6,1025.4,7,689
"696",37.8,32.2,1026.3,6.6,719
"697",37.8,35,1018.4,7.2,693
"698",44.1,40.5,1002,15.2,693
"699",49.7,42.7,995.8,12.6,698
"700",40.8,34.8,1002.1,8.3,697
"701",37.5,31.8,1007.6,12.5,822
"702",37.4,30,1019.1,8.8,835
"703",33.3,23.2,1027.3,6.1,758
"704",31.5,26.8,1021.7,2.9,595
"705",31.9,30.2,1016,7.6,678
"706",32.9,30.3,1011.9,6.5,688
"707",26.2,18.3,1017.3,13.2,660
"708",21.3,12.7,1024.1,15.9,606
"709",22.9,15.3,1032.4,9.8,668
"710",20.1,12.5,1033.4,7.4,612
"712",25.2,21,1015,10.2,629
"713",15,7,1021.5,7.6,574
"714",9.6,-0.3,1023.3,11.6,610
"715",3.9,-6.7,1028.6,13,580
"716",11.7,2.5,1025,7.7,695
"717",20.4,16.3,1007.6,6.6,614
"718",11.3,4.4,1026.7,13.2,526
"719",-0.6,-10.3,1040.2,8.8,660
"720",19.6,7.6,1027,14.5,693
"721",26,18.7,1019.9,7.9,728
"722",34.1,25.7,1021.6,9.2,702
"723",30.6,25.2,1025.3,6.1,728
"724",34.9,31.3,1020.7,5.1,604
"726",45.1,39.2,1013.4,14.5,647
"727",28,18.5,1019,13.9,663
"728",29.6,22,1017.4,8.5,722
"729",33.6,25.3,1009.9,14.1,647
"730",29.3,17.1,1016.3,12,742
"731",35.5,21.4,1004.8,13.8,704
"733",34,27.9,1020,5.2,613
"734",38.2,36.9,1010.5,5.9,718
"735",18.2,9,1015.7,14.9,612
"736",9.3,-1.5,1018.4,11.5,611
"737",4.4,-6.4,1023.4,10.2,601
"738",6.5,-4.8,1032.5,8,618
"739",9.2,-4.2,1038.7,8.2,591
"740",21.5,10.5,1027.9,11.1,713
"741",37.5,32.2,1007.7,18,705
"742",31.6,26.3,1010.9,12.1,663
"743",26.1,23.2,1015.9,10.9,644
"744",19.9,9.7,1037.4,8.5,800
"745",28.9,19.3,1034.4,4.9,685
"746",26,17.5,1030.7,2.4,656
"747",32.6,28.2,1025.1,3.7,652
"748",37.2,36.2,1012.6,7.4,705
"749",34.7,32.9,1018.3,9.2,707
"750",35.8,33.4,1015.8,5.7,738
"751",39,37.6,1005.5,6.2,783
"752",48.2,44.3,1000.4,7.2,786
"753",42.8,39.6,1002.6,4.2,742
"754",39.4,36.1,1006.5,7.9,789
"755",36.6,32.7,1010.8,5.7,736
"756",37.2,34.3,1005.3,9.6,748
"757",33.2,29.6,1006,11.3,675
"758",27.8,20.6,1012.7,12.4,784
"759",26.7,20.2,1009,11,731
"760",26.8,16.5,1010.2,8.9,634
"761",22.1,9.7,1014,8.5,756
"762",36,29.3,1004.7,13.6,734
"763",34.6,25.7,1015.8,10.6,847
"764",20.6,6.9,1027.1,12.1,671
"765",19.1,3.5,1030.6,10.6,670
"766",21.6,5.5,1028,8.6,638
"767",32.7,17.2,1014.5,11,695
"768",33.5,26.3,1015.4,4.9,762
"769",43.8,43.1,998.7,6.4,693
"770",30.7,23.1,1011,10.6,666
"771",19,4.2,1023.3,11.3,668
"772",25.7,13.5,1018.6,12,745
"773",40.9,33.2,1009.8,5,704
"774",39.3,28.8,1016.5,12.9,678
"775",34.6,19.9,1025.7,9.5,718
"776",39.7,26.4,1011.8,10.9,713
"777",33.2,17.2,1010.8,12.1,673
"778",33.4,12.8,1013.1,7,671
"779",43.2,28.4,1005.5,6.9,832
"780",57.5,35.4,1004.8,7.9,748
"781",51.1,33.6,1013.8,2.8,674
"782",53,39.8,1018.3,8,711
"783",60.1,49.8,1012.9,8.4,679
"784",57.7,51.9,1008.1,7.4,703
"785",51.6,44.2,1006,10.5,655
"786",39.4,36.7,1002.4,12,660
"787",29.3,21.6,1007.9,12.6,599
"788",32.3,17.2,1016.2,11.1,576
"789",41.1,27.7,1019.1,7,633
"790",51.3,44.6,1011.5,11.7,631
"791",47.1,43.8,999.3,9.4,741
"792",32,20.8,1022,10.6,629
"793",27.5,7.5,1032.8,10.6,673
"794",33.2,22.3,1033.7,9.4,633
"795",41.4,28.8,1024.6,12.8,662
"796",54.8,46.9,1013.2,16,683
"797",55.1,40.9,1007.8,20.4,682
"798",46.3,20.1,1014.2,18.9,667
"799",39,19.4,1021.1,7.6,676
"800",31.8,7.7,1026.7,11.8,666
"801",24,-5,1032.2,8.7,659
"802",26.5,3,1031.6,4.7,553
"803",29.5,22.1,1024.5,9.6,541
"805",23.5,7,1028.4,10.9,607
"806",29,10.9,1026.9,5.5,668
"807",38.2,30.1,1019.4,8.1,709
"808",42.3,32,1019,11.9,674
"809",40.8,29.5,1026.8,5.6,605
"810",48.6,38.3,1017.2,8.8,696
"811",43.7,29,1021.2,8.1,650
"812",33.5,19.3,1032.8,12.9,647
"813",36.8,20.4,1029.2,9.7,666
"814",58.3,39.3,1014.2,12.5,779
"815",42.7,37.9,1017,11.8,695
"816",51.3,47.2,1011.7,6.8,702
"817",50.4,46.8,1012.3,6.1,722
"818",43.8,36.6,1017.9,9.3,673
"819",40.9,34.7,1022.9,9,669
"820",43.3,39.1,1011.7,12.1,691
"821",39.3,35.8,1008.9,14.1,777
"822",44.6,26.3,1020.6,5.8,831
"823",49.7,27.1,1020.8,4.9,690
"824",50.4,39.7,1006.7,6.2,697
"825",48.9,43.3,1001.4,8.9,712
"826",44.8,39.3,1012,9.9,633
"827",42.9,33.8,1008.4,17.5,668
"828",43.8,22.4,1017.9,11.1,705
"829",49.9,27.1,1016.1,9.3,696
"830",64.1,44.1,1007.9,15.7,761
"831",68.8,53.2,1006.4,15.7,683
"832",46.8,39.6,1019.2,8.7,703
"833",47.7,35.7,1027.2,5.5,726
"834",49.7,33.7,1026.9,8.6,665
"835",54.1,41.1,1023.2,7.7,773
"836",69.7,54.7,1014.9,12.9,817
"837",68.1,52.5,1012.2,12.2,687
"838",58.8,35.5,1020,6,752
"839",55.4,39.2,1020.4,9.3,735
"840",64.7,52.7,1015.4,8.5,758
"841",56.5,46.6,1012.2,11.3,713
"842",50.4,35.4,1016.6,12.7,815
"843",49.7,29.8,1021.7,9.4,701
"844",54.5,26.3,1019.9,3.5,703
"845",55.3,34.4,1015.4,7.2,736
"846",63.7,43.5,1005.3,9.2,757
"847",69.5,54.1,998.1,11.9,758
"848",54.3,48.3,999,12,716
"849",48.4,38.2,1011.8,6.5,832
"850",45.5,36.9,1018.7,13.7,616
"851",43.6,41.3,1013.1,14.3,657
"852",49.6,43.5,998,10.1,863
"853",45.8,37.8,1004.4,15.8,689
"854",47.6,33.4,1019.3,5.8,739
"855",48.7,34.5,1016.7,8.9,741
"856",49.1,37.3,1010.9,12,799
"857",51,36.2,1009.1,10.3,713
"858",48.3,24.6,1015.4,8.3,630
"859",46.1,25.8,1019.4,5.5,705
"860",48.1,33.2,1015,6.3,707
"861",55,38.7,1014,5.3,663
"862",54.8,46.7,1013.5,9.5,737
"863",58.6,41.2,1014.5,5.3,849
"864",62.1,44,1012.1,7.2,724
"865",62.4,43.9,1011.5,6.3,712
"866",62.5,42.9,1013.9,7.5,871
"867",74.1,57.7,1008.9,10.2,748
"868",78.3,58.2,1004.5,16.7,835
"869",74,57.7,1005.2,18.1,775
"870",48,40.7,1018.7,15.6,776
"871",51.4,44.6,1018.1,10.9,664
"872",60.8,52.9,1013,9.1,791
"873",57.5,42.6,1015.4,11.4,795
"874",60.7,53.3,1009.3,7.4,739
"875",56.9,51.7,1002.6,10.1,762
"876",58.8,50.7,1002,10.6,763
"877",60.2,51.4,1009,5.2,767
"878",61.7,52.8,1011.5,5.4,800
"879",67.6,55,1007.7,5.4,705
"880",68.7,46.6,1008.2,10.5,768
"881",64.2,44.3,1012.7,9.5,814
"882",63.8,43.5,1014.3,9.3,739
"883",66.4,40.6,1016.9,4.8,895
"884",70.5,41.5,1017.5,4,841
"885",73.4,48.6,1015.8,5.4,823
"886",80.1,58.5,1010.1,7.5,820
"887",70,55.7,1008.9,9.9,737
"888",64.5,44.5,1015.9,12.6,826
"889",66.7,43.7,1019,8.9,787
"890",69.1,42.9,1016.1,3.3,769
"891",74.3,52.7,1008.5,7.5,816
"892",75.6,53.9,1009.5,9.9,785
"893",81.8,55.9,1011.3,13.1,813
"894",85,60.5,1012.2,11.6,742
"895",79.9,62.5,1013.4,6.5,808
"896",77.3,64.4,1012,7.9,769
"897",76.2,64.4,1009.8,8.1,823
"898",76.8,59.9,1008.5,8.8,835
"899",78,66.7,1003.6,8.7,827
"900",74.4,63.6,1002.6,10,786
"901",70.2,54.4,1008.5,9.3,745
"902",67.2,52.8,1013.2,9,802
"903",67.7,53.1,1014,5.5,786
"904",78.5,63.5,1009.7,10.7,818
"905",76.9,62.2,1005.1,10.7,778
"906",69.6,51.5,1012.1,11,819
"907",64,46.6,1017.9,11,796
"908",64,46.1,1018.5,10.5,787
"909",64.6,44.4,1018.7,7,772
"910",67.6,50.8,1014.3,11.1,707
"911",74.4,63.8,1008.1,12.2,776
"912",73,65.3,1009.6,5.7,778
"913",75.1,60.1,1011.1,8.5,934
"914",74.4,56.3,1015.6,9,780
"915",73,62.2,1016.5,6.7,864
"916",72.3,61.2,1017.9,7,796
"917",76.2,61.3,1018.6,5.4,859
"918",80.7,64,1015.3,4.5,781
"919",80.9,66,1011,8.7,758
"920",70.5,55.3,1015,6.6,759
"921",73.4,51.8,1016.4,6.1,823
"922",77,66.1,1010,7.2,779
"923",76.4,68.3,1010.6,4.3,769
"924",75.4,70,1011.5,9.4,691
"925",78.2,69.2,1013.6,8.7,820
"926",70.9,59.7,1018.1,8.3,798
"927",69.7,58.2,1020,4.7,889
"928",71.8,61.5,1016.1,9.6,812
"929",67.4,56.2,1017.1,6.1,847
"930",73.7,59.2,1017.2,3.6,792
"931",80.5,68.1,1017.4,5.8,769
"932",76.7,69,1014.9,8.6,761
"933",79.7,69.7,1014.2,4.9,758
"934",77.4,69.7,1009.2,7.5,755
"935",78.8,67.5,1008.4,5,842
"936",70.6,60.1,1014.3,9.4,782
"937",71.2,57.7,1020.7,6.6,850
"938",74.9,62.1,1018.1,6.8,752
"939",77.9,68,1013.3,8.6,790
"940",73.6,60.1,1014.3,12,851
"941",72,53.6,1018.5,9.8,800
"942",73.3,57.5,1021.4,5.3,818
"943",75.7,57.2,1021.5,2.5,794
"945",76.7,63,1015.9,5.9,774
"946",74.7,66.6,1014.6,7.4,849
"947",63.1,54,1010.8,13.3,924
"948",67.7,53.3,1016.1,7.4,928
"949",70.7,56.7,1016.3,3.7,865
"950",69.5,57,1016.8,6.6,773
"951",70.2,50.4,1020.6,4.9,768
"952",72.9,55.9,1021.1,3.8,769
"953",73.8,57.8,1018,7.4,790
"954",71.3,61,1014.7,7,765
"955",68.4,56.4,1017,7.8,813
"956",68.8,53.3,1017.6,3.4,730
"957",72.4,56.9,1012.6,3.8,815
"958",75.4,63.8,1011.1,5.8,795
"959",75,64.2,1014.5,7,795
"960",77.3,68.8,1007.8,12,768
"961",74.2,61.3,1009.1,10.7,859
"962",74.2,58,1012.7,5.2,892
"963",75.1,59.5,1015.5,4.5,776
"964",78.1,68.7,1016.3,6.8,754
"965",75.9,63.6,1012,11.5,780
"966",69.6,49.6,1015.9,9.4,747
"967",66.7,53.2,1017.9,7,801
"968",63.6,47.9,1022.8,4.7,772
"969",66.9,50.2,1024,5.6,779
"970",68.4,54.8,1020.2,7.6,756
"971",69.8,60.1,1016.3,6,688
"972",67.7,62.2,1016.8,4.5,724
"973",70.3,58.5,1017.4,4.5,788
"974",69.3,56.8,1019.5,10.3,736
"975",64.2,49.1,1021.1,11.4,920
"976",62.3,46,1017.8,4.2,772
"977",68.1,54.6,1014.7,6,757
"978",73.3,56.8,1009.2,10.6,716
"979",63.2,48.4,1010.6,10.8,704
"980",57.8,43.9,1015,9.4,648
"981",59.8,45.3,1016.8,8.2,728
"982",62.4,49.1,1020.7,5.6,702
"983",63.5,47.7,1027.8,7.7,736
"984",60.8,45.7,1029.5,5.7,739
"985",62.2,47.9,1025.2,3.7,691
"986",65,51.8,1016.9,6,726
"987",65.8,57.5,1008.8,5.2,706
"988",68.4,60.5,1010.2,3.6,734
"989",73.4,59.4,1014.6,7.7,808
"990",76.9,60.3,1017,7.8,826
"991",76.6,61.8,1016.4,6.6,812
"992",67.7,54.3,1018.5,6.3,772
"993",69.9,62.1,1014,6.2,708
"994",74.8,63.9,1011.9,8.3,827
"995",83.4,65.4,1013.7,6,807
"996",83.7,66.4,1016.3,6,798
"997",82.7,64.7,1016.9,5.1,830
"998",81.1,62.8,1017.2,5.6,811
"999",79.4,58.2,1014.8,5.4,821
"1000",80,58.5,1012.8,6.8,749
"1001",69.9,53.9,1017,10.2,726
"1002",62,43.5,1021.4,7.6,717
"1003",64.1,45.3,1021,8.7,810
"1004",61.1,43.7,1028.3,7.1,745
"1005",59.1,40.5,1024.5,7.5,852
"1006",69.3,47.2,1020,10,752
"1007",72.8,57.1,1022.5,13.1,738
"1008",71.4,61,1024.2,8.9,742
"1009",64.6,47.9,1022.1,4,747
"1010",64.2,59,1015.8,6,748
"1011",69.5,61.1,1004.6,13.9,712
"1012",64.6,53.3,1006.8,9.2,718
"1013",66.1,51.6,1010,3.6,746
"1014",61.6,54.1,1018.7,10.9,703
"1015",58.8,55.8,1016.2,12.4,617
"1016",57.8,53.1,1021,6.8,765
"1017",61.4,54.1,1019.5,6,768
"1018",63.6,59.5,1017.6,6.8,647
"1019",60.2,53.7,1012.5,14.2,639
"1020",51.7,39,1024.8,7.3,763
"1021",57,38.8,1022,9.3,719
"1022",59.4,41.3,1019.8,10.3,774
"1023",61.4,37,1019.2,7.3,773
"1024",61.4,44.1,1020.3,6.2,849
"1025",67.5,51,1016.8,11.8,814
"1026",65.6,56.1,1014.4,13.9,739
"1027",52.3,49,1011,7.4,740
"1028",48.4,43.6,1003.1,10.6,689
"1029",44.1,32.5,1008.2,7.3,714
"1030",46.5,36.4,1009.2,7.4,754
"1031",45,32.9,1006.5,13.1,819
"1032",38.5,29.9,1011,10.9,717
"1033",39.9,26.6,1012.1,6.8,696
"1034",44.8,29.6,1006.2,11.7,708
"1035",37.8,21.9,1017.2,12.6,757
"1036",38.7,28.6,1016.9,7.6,824
"1037",46.6,43.8,1012,5.4,722
"1038",44.4,37.1,1023.6,8.3,789
"1039",45.7,39.9,1021.3,8.7,756
"1040",49.5,47,1009.7,4.5,773
"1041",41,30.6,1021.5,8.9,717
"1042",40,29,1026.1,8.9,678
"1043",36.6,25.5,1027.2,3.9,758
"1044",38.8,25.6,1021.4,9,656
"1045",24,9.5,1033.3,9.2,678
"1046",29.5,16.7,1030.6,8.6,688
"1047",37.6,29.7,1025.9,3.2,666
"1048",36.4,32.5,1030.7,5.3,718
"1049",38.9,32.5,1026.1,7.5,700
"1050",47.6,39.5,1013.3,12,709
"1051",36.2,26.8,1020.3,11.8,765
"1052",38.4,30.4,1020.2,10.5,741
"1053",42.8,39.5,1001.7,11.4,698
"1054",34.6,22.3,1013.9,13.7,690
"1055",38.1,24.8,1014.3,12.4,762
"1056",42.9,27.7,1008,15.6,673
"1057",28.7,14.7,1025.3,7.5,656
"1058",36.3,20.1,1018.6,7.8,543
"1059",44,29.9,1007.4,9.4,683
"1060",48.9,35.3,1008,11.9,714
"1061",37.5,24.2,1021.4,6.8,665
"1062",44.2,32.6,1017.1,3.9,774
"1063",55.3,34.6,1012.1,15,783
"1064",43.3,25.7,1024.1,6.9,771
"1065",46.3,28.8,1018,9.4,751
"1066",41.2,26.3,1022.8,4.6,918
"1067",42.1,28.4,1020.4,4.2,758
"1068",42.8,29.7,1021,3.6,676
"1069",55.4,39.9,1010.5,15.4,809
"1070",41.4,27.2,1008.2,21.4,710
"1071",30.6,12.9,1015.3,12.5,712
"1072",25.1,12.7,1020.1,11.5,625
"1073",24.7,9,1017,9.9,735
"1074",29.8,19.5,1011.3,12.8,659
"1075",25.9,15.4,1015.9,9.4,664
"1076",30.6,20.8,1013.2,6.3,740
"1077",24.1,13.6,1016.2,14.3,684
"1078",26.5,14.9,1006.5,9.9,700
"1079",24.1,13,1014,11.5,718
"1080",25.7,15.1,1015.3,8.2,768
"1081",38.1,23.3,1012.3,8.1,772
"1082",35.5,30.9,1017.4,4.1,729
"1083",42.4,35.2,1013.8,7.7,727
"1084",43.4,32.3,1012.1,10.9,764
"1085",34,17.3,1019.8,8.7,704
"1086",34.9,24.2,1017.5,7,747
"1087",37.8,29.6,1015.1,6.2,784
"1088",30.6,21,1019.3,9.1,714
"1091",2.5,-8.6,1034.2,9.1,526
"1092",1.1,-9.2,1040.4,7.8,523
"1093",6.2,-2.9,1039.2,5.2,601
"1094",12.2,5.9,1029,6.5,574
"1095",9.7,0.8,1026.1,10.7,621
"1096",0.4,-10,1032.3,7.1,541
"1098",-2.4,-12,1037.1,8,562
"1099",11.4,1.8,1020.7,10.8,576
"1100",7,-4.3,1025.5,11.9,602
"1101",4.6,-6.2,1029.4,9.4,664
"1102",5.3,-6.9,1035.8,5.9,586
"1103",16.9,5.6,1026.5,12,533
"1104",33.6,28.3,1015.7,10.9,621
"1105",30.9,26.9,1022.4,5.8,652
"1106",36.9,34.6,1016,9.8,720
"1107",55.5,51.3,1006.3,15.2,701
"1108",23.4,15.7,1016.8,16.4,707
"1109",12.9,-1.9,1033.5,12.1,617
"1110",11.8,-0.8,1036.6,5.8,564
"1111",19,13.9,1023.9,10.2,531
"1112",15.5,8.7,1030.6,10.4,614
"1113",13.2,5.8,1033.8,8.9,649
"1114",21.2,11,1021.7,14.5,626
"1115",32.2,20.2,1013,12.9,709
"1116",39.2,28.6,1010.9,10.2,731
"1117",40.2,36.8,1015,3.8,718
"1118",47.2,44.6,1004.2,8.9,724
"1119",35.5,30,1006,11.2,719
"1120",28.6,21.3,1023,6.7,613
"1121",31.2,23.6,1026.5,8.4,641
"1122",41,31.1,1021.3,12,763
"1123",47.2,30,1017.6,14.7,754
"1124",35.3,26.9,1025.3,6.1,671
"1125",27.3,18.8,1029.7,11.8,652
"1126",21,9.9,1030.7,6.1,637
"1127",34.6,20.4,1011.4,14.9,708
"1128",27.8,13.9,1014.2,11.6,741
"1129",10.7,-6,1032,10.2,674
"1130",26.2,8.1,1021.2,10.4,630
"1131",25.8,17.8,1011.4,12.7,513
"1132",5.9,-4.4,1025.1,7.1,543
"1133",11.9,4.6,1028.4,4.8,588
"1134",16.7,9.7,1027.8,7.8,544
"1135",13.2,4.4,1031.1,6.3,557
"1137",18.8,11.1,1023.3,9,534
"1138",19.5,13.4,1018.6,8.5,537
"1139",15.2,2.5,1034.4,6.3,572
"1140",20,8.8,1038,4.7,645
"1141",32.1,25.1,1020.9,7.8,661
"1142",40.8,39.1,1007.9,6.2,698
"1143",35.7,25,1017.8,9.5,664
"1144",24.7,14.6,1021.8,6.1,605
"1145",27.1,21.9,1021.3,8.4,587
"1146",42.3,37.9,1011.7,9.9,624
"1147",58.8,55.4,1010.3,13.2,645
"1148",32.1,24.4,1030.4,9.5,639
"1149",33.3,24.5,1035,10.8,677
"1150",39.8,35.6,1024.3,9.9,671
"1151",36.2,30.1,1022,8.3,681
"1152",40.5,30.4,1008.8,17,657
"1153",40.4,25.8,1021.4,8,625
"1154",48.2,31.6,1021.6,10.4,691
"1155",51.1,38.3,1010.7,10.6,646
"1156",39.4,33,1011.8,12.2,830
"1157",37.5,23.2,1027.3,6.8,692
"1158",37.8,20.2,1033.1,6.4,664
"1159",37.7,20.4,1030.8,8.6,649
"1160",36.8,19.9,1021.7,14.9,665
"1161",35.1,30.6,1008,9.1,653
"1162",30.9,22.2,1012.6,11.7,656
"1163",27.9,14.3,1016.6,10.5,660
"1164",29.8,15.4,1016.7,6.1,745
"1165",32.5,17.3,1018.3,4.7,684
"1166",34.3,20,1022.1,8,619
"1167",36.7,21.6,1020.2,8.8,661
"1168",31.9,20.1,1021.2,8.7,638
"1169",30.1,14.4,1019.5,9.5,665
"1170",39.6,24.6,1010.4,7.7,691
"1171",32.4,21.4,1020,9.7,703
"1172",37.2,21.8,1015.4,10.2,777
"1173",39.9,19.3,1017,3.8,689
"1174",40.7,24.8,1013.3,10,660
"1175",33.1,21.9,1012.9,15.8,712
"1176",33.3,20,1017,11.3,689
"1177",34.3,17.7,1025.9,5.4,670
"1178",35.6,21.1,1027.8,7.4,752
"1179",35.6,21.6,1023.4,13.7,649
"1180",33.8,16.3,1026.9,12.9,677
"1181",39.3,20.6,1024.7,8.8,696
"1182",48.9,44,1015,9.9,674
"1183",44.7,35.3,1016,4.4,689
"1184",45,38.4,1012.8,5.9,629
"1185",38.8,27.2,1020.8,7.7,704
"1186",44,31.1,1016.5,12,690
"1187",32.3,15.1,1022.5,8.8,736
"1188",31.6,15.4,1019.6,5.3,674
"1189",38.9,32.4,1007.7,9.2,605
"1190",31.8,23.9,1014,14.7,701
"1191",31.6,16,1022.8,6.9,672
"1192",35.1,25,1013.8,11.6,695
"1193",28.2,8,1020.3,9.5,635
"1194",30.7,11.5,1019.1,5.2,618
"1195",32.8,26.6,1020.3,7,661
"1196",35.7,24,1024.5,5.4,714
"1197",47.8,30.8,1016.1,8.9,769
"1198",55.6,41.2,1006,10.9,751
"1199",43.4,37.1,1006.4,10.7,781
"1200",38.8,35.9,1009.8,18.2,689
"1201",35.2,32.1,1007.7,13.6,603
"1202",30.5,24.6,1009.7,12.3,733
"1203",34.7,21.1,1012.7,11.7,699
"1204",34.8,25.4,1011.8,9.3,627
"1205",39.3,29,1023.4,9.2,724
"1206",46.6,21.6,1031.7,5,803
"1207",47.4,19.2,1030.5,3.2,677
"1208",50.1,22,1027.5,8.1,698
"1209",50.8,27.9,1022.5,10.4,716
"1210",54.6,37.7,1017.6,7.2,713
"1211",49.1,34.4,1017.9,13.2,750
"1212",48.4,28.8,1014.6,3.3,733
"1213",53.2,30.9,1009,9.8,772
"1214",42.4,29.2,1017.2,12.6,679
"1215",43.3,21,1026.7,5.9,725
"1216",56.2,19.4,1021.8,9,790
"1218",76.9,51,1011.3,13.9,789
"1219",64.3,59.2,1012.1,4.9,742
"1220",65.4,53.7,1009.8,13.2,814
"1221",69.7,44.1,1015.1,6.8,853
"1222",62.3,42.4,1014.7,8.6,716
"1223",59.1,40.1,1021.4,5.6,805
"1224",68.5,40,1019.6,5.8,805
"1225",69.7,48.1,1010.6,10.2,792
"1226",66,53.3,1009.8,8.4,779
"1227",51.7,42.3,1016.3,12,729
"1228",46.4,41.8,1017,11.8,699
"1229",52.2,47.5,1017.2,7,690
"1230",62.1,54.7,1012.8,6.2,788
"1231",63.8,57.4,1012.7,7.9,743
"1232",61.8,43.4,1016,6.6,759
"1233",63.2,46.3,1016.3,6,795
"1234",57,44.1,1017.6,10.2,800
"1235",60.1,55.9,1011.9,5.6,759
"1236",51.2,45.6,1019.2,11.4,764
"1237",52.8,48.4,1019.6,6.8,714
"1238",59,54.9,1016.2,4.5,797
"1239",63.8,52,1020.3,2.8,781
"1240",71.3,52.5,1020.7,4.7,820
"1241",77.6,54.8,1013.2,7,805
"1242",78.9,62.1,1007.3,7.2,854
"1243",82.8,61.4,1009.3,4.1,882
"1244",82.7,61.3,1012.4,5.9,888
"1245",76.6,59.8,1012.1,5.6,875
"1246",75.3,63.5,1006.4,7.1,847
"1247",76.9,66,1003.1,8.7,841
"1249",59.5,50.8,1014.3,9.7,820
"1250",66.6,53.6,1010.8,10.6,835
"1251",66.5,47.9,1014.6,9.8,790
"1252",67,47.8,1010.9,10.4,752
"1253",60.9,46.5,1013.6,7.4,815
"1254",71.4,56.1,1014,6.2,767
"1255",64.2,53.3,1019.7,8.1,774
"1256",66.1,58.5,1017.2,5.1,816
"1257",64.5,61,1011.9,6.4,731
"1258",64,60.2,1012,8.9,748
"1259",69.3,63.8,1011.7,5.1,794
"1260",74.7,60.5,1012.7,7.4,751
"1261",73,50.3,1016.8,3.5,758
"1262",74.4,55,1015.2,5.1,842
"1263",80.8,67.8,1013.3,8.4,826
"1264",85.9,69.8,1014.1,8.8,828
"1265",86.5,70.3,1013.2,10.4,846
"1266",70.9,65.5,1013.9,7.9,795
"1267",69,62.2,1011.2,7.4,891
"1268",65.8,61.5,1009,10,667
"1269",62.4,58.4,1007.8,12.3,723
"1270",68.1,57,1006.8,5.5,839
"1271",72.7,59.1,1011.4,6.5,870
"1272",68.9,59.1,1018.7,10.1,854
"1273",73.3,62.4,1014.4,9.2,795
"1274",72.8,66.4,1008,6.6,827
"1275",76.2,64.6,1012.1,3.2,822
"1276",82.1,68.8,1012.8,7.1,780
"1277",87.1,74.7,1012.7,9.5,867
"1279",77,63.2,1014.8,6,860
"1280",77.7,61.3,1019.4,5.3,826
"1281",83.4,71,1021.1,6.1,829
"1282",81.4,70.9,1022.6,6,841
"1283",74,58.2,1027,11,890
"1284",70.6,48.1,1027.4,7.4,831
"1285",74.8,51.7,1024.3,3.8,825
"1286",79.4,58.7,1021.7,6.2,802
"1287",82.1,61.8,1018.5,9.3,810
"1288",77.2,54,1019.5,6,737
"1289",78.6,58.7,1020.4,6.2,798
"1290",81.9,61.1,1018.6,7.5,819
"1291",78.3,66.5,1017,4.9,788
"1292",80.2,68.6,1014.8,3.5,812
"1293",82.3,70.6,1012.7,4,786
"1294",76.6,57.3,1016.1,8.3,745
"1295",72.1,54,1019.2,7.4,840
"1296",75.8,55.4,1015,7,778
"1297",75.7,63.8,1005.6,10.9,823
"1298",71.5,65.9,1005.4,10.7,800
"1299",70.7,65.7,1010.1,13.9,795
"1300",72.3,62.4,1013,9.2,846
"1301",75.1,62.8,1014.4,4,798
"1302",78.8,58.3,1015.3,6.7,808
"1303",76.6,59.2,1012.5,8.5,801
"1304",70.2,54.4,1015.6,7.8,800
"1305",71.2,52.4,1018.9,5.2,808
"1306",71.9,55.2,1019,2.9,776
"1307",72.5,58.5,1018.1,4.2,782
"1308",72.9,60.8,1016.2,7.3,830
"1309",73.3,58.9,1014.1,5.3,942
"1310",76.8,61.9,1013.4,7.8,854
"1311",77.1,60,1016,3.4,891
"1312",82,63.3,1016.4,7,904
"1313",84.7,64.3,1016.8,11.4,860
"1314",77.6,67,1016.4,6.9,803
"1315",75.3,67.5,1014.3,4.5,785
"1316",74,65,1012.9,4.8,792
"1317",77.9,65,1012.8,8,769
"1318",76.1,67.1,1013.4,8.3,858
"1319",76.9,61.8,1014.9,5.4,860
"1320",78.7,60.4,1018.3,4.8,843
"1321",77.1,61.1,1018.3,2.9,824
"1322",79.2,61.3,1015.1,4.1,829
"1323",79.8,65.2,1013.2,4.6,799
"1324",77.3,68,1012.9,3.7,836
"1325",74.9,67.1,1013.2,4.3,810
"1326",75.3,67.2,1015.5,7.9,912
"1327",75.6,65.8,1014.8,5.1,793
"1328",75.1,66.6,1012.3,9.2,748
"1329",71.7,66,1009.5,8.3,722
"1330",69.4,54.1,1018.2,8.9,850
"1331",69.9,51.6,1019.5,5.5,728
"1332",68.4,55.6,1015.7,8.5,790
"1333",70.9,65.6,1012.3,8.1,837
"1334",80.8,72.4,1014.2,4.5,792
"1335",85.4,70.9,1012.1,13.1,825
"1336",82.2,70.6,1011,13.1,802
"1337",71.6,65.3,1014.5,7,751
"1338",67.7,56.6,1022,7.2,821
"1339",69.9,59,1018.9,4.9,833
"1341",79.8,69.3,1016.4,7.3,832
"1342",77.1,69.4,1020,5.7,776
"1343",79.3,69.5,1020.9,6.5,820
"1344",82.5,68.1,1017.9,9.2,717
"1345",68.5,63,1024,12.2,741
"1346",67.1,58.8,1023.8,10.8,730
"1347",66.7,52.3,1021.7,14,790
"1348",64.3,51.8,1018.1,14.4,665
"1349",64.9,55.2,1016.1,8.4,716
"1350",66.9,56.5,1019.5,2.7,692
"1351",70.8,56.9,1021,5.3,714
"1352",69,56.6,1021.6,4.1,687
"1353",73.1,60.2,1020.1,3.6,869
"1354",73.5,61.3,1020.9,5,809
"1355",76.1,65.3,1018.7,6.2,819
"1356",79,64.3,1013.5,3.6,786
"1357",73.3,63.9,1013.3,5.6,737
"1358",69.5,62.1,1016,8.7,762
"1359",75.3,67.1,1013.1,5,829
"1360",79,60.7,1010.6,13.8,825
"1361",58.6,42.8,1024.9,11.1,799
"1362",59.7,48.7,1021.7,3.5,735
"1363",65,57.3,1017.9,5.9,796
"1364",72.9,64.5,1011.3,6.7,751
"1365",60.9,49.2,1017.1,9.5,752
"1366",58.7,43.3,1018,5.9,708
"1367",58.3,44.5,1017.1,5.7,793
"1368",50.4,38.7,1026.4,4.7,732
"1369",56.6,49.4,1023,5.7,741
"1370",60.8,55.7,1021.2,7.1,918
"1371",62.1,57.8,1017.5,5.5,717
"1372",69.7,60.3,1012.7,8.7,676
"1373",65.9,53.6,1015.1,15.2,698
"1374",57.3,51.2,1017.4,8.2,654
"1375",63.6,61,1014.7,5.9,726
"1376",57.9,53.4,1021.3,10.2,718
"1377",69.4,63.5,1017.5,7.4,743
"1378",76.3,65.2,1015,8.1,746
"1379",72.8,64.7,1007,9.6,724
"1380",50.3,38.1,1011.1,14.4,679
"1381",40.5,30.9,1016.1,6.4,707
"1382",40.9,33.3,1015.6,6.9,744
"1383",46.4,38.4,1016.7,4.2,702
"1384",43.8,34.4,1019.7,10.7,705
"1385",43.4,29.2,1021.6,9.7,667
"1386",47.7,30.9,1022.1,10,690
"1387",45,26.5,1031.8,4.5,725
"1388",49.4,35.3,1021.1,9.6,766
"1389",47.6,37,1012.2,12.6,806
"1390",37.4,20.4,1026.1,8.2,644
"1391",48,29.2,1018,6.7,716
"1392",49.2,32,1022.2,7,736
"1393",43.7,35.3,1029.2,3.5,805
"1394",43.9,34.3,1023.4,3.5,721
"1395",48.4,38.1,1012.6,7,830
"1396",49.1,40.1,1010.6,5.8,788
"1397",47.2,42.5,1008.2,8.6,717
"1398",46.9,38.7,1016.2,6.2,723
"1399",51.5,42.9,1013.9,6.1,766
"1400",53.5,46,1012.6,6.8,885
"1401",50.5,37.3,1011.6,9.6,939
"1402",44.1,34.9,1010.3,8,786
"1403",42.2,31.8,1017.4,5,784
"1404",48,41.8,1018.7,11.9,685
"1405",48.1,42.1,1011.3,10.4,706
"1406",47.7,43.2,1004.4,11.9,763
"1407",38.3,27.9,1017.9,14.7,685
"1408",35.2,24.2,1027.4,5.9,676
"1409",34.1,27,1022.3,6.9,718
"1410",25,12.9,1025.6,11.7,651
"1411",32.5,19.8,1025.3,7.5,648
"1412",33,23.5,1026.4,6.2,687
"1413",24.6,11.5,1029.5,9.8,609
"1414",24.7,12.8,1034.1,4.6,639
"1415",31,25.9,1024.3,3.2,692
"1416",34.1,28.7,1013,8.8,733
"1417",33.8,29.8,1023.4,5.6,670
"1418",32.8,24.7,1025.4,6.6,630
"1419",27.7,22.2,1019.8,5.9,639
"1420",31.4,21.9,1021.7,9.1,699
"1421",32.2,23.1,1023.7,10.6,741
"1422",34.1,24.1,1028.5,8.1,542
"1423",39.7,32.5,1017.5,9.5,750
"1424",44.9,40.8,1002.6,10.4,697
"1425",38.4,34,1008.7,8.6,574
"1426",30.1,26.7,1008.5,19.5,561
"1427",23.6,16.7,1015.4,7.6,637
"1428",21.7,15.1,1017.9,4.6,715
"1429",29.9,23.6,1013.7,5.3,675
"1430",33.8,27.8,1015,3.5,752
"1431",37.7,34.7,1011.1,10.5,818
"1432",41.4,38.6,994.3,7.1,711
"1433",34.4,29.4,1011.7,11.3,771
"1434",30.5,22.1,1022.9,7.9,724
"1435",28.3,19.5,1020.5,8.4,712
"1436",30.7,21.7,1022,9.3,719
"1437",20.7,11.2,1032.1,6.6,747
"1438",24.3,13.2,1035.7,3.6,739
"1439",24.3,17,1030.9,2.9,691
"1440",23.2,17.9,1025.8,5,718
"1441",29.6,23.7,1018.9,7.6,671
"1442",33.9,27.7,1011.5,9.6,759
"1443",32.6,26.4,1017.1,3.9,712
"1444",38.8,38.2,1021.2,5.9,793
"1445",35.2,31.4,1021.9,6.5,744
"1446",35.1,30.4,1019.8,5.4,751
"1447",36.6,24.7,1021,7.7,712
"1448",32.9,23.4,1023.1,4.6,717
"1449",39.1,30.3,1013.1,8.9,740
"1450",43.7,40.2,1005.8,6.3,788
"1451",34.9,31.8,1004,12.4,802
"1452",29.9,24.1,1011.8,6.7,760
"1453",32.8,26.1,1017.8,7,637
"1454",28.8,17.8,1022.6,8.4,610
"1456",34.4,28.7,1029.2,1.7,630
"1457",42,35.6,1016.8,13,628
"1458",41.9,38.2,1005.8,13.5,725
"1459",28.8,26.1,1023.3,6.3,696
"1460",25.5,19.1,1019.6,10,671
"1461",34.3,31.6,1012.5,7.2,648
"1463",27.6,24.5,1022.2,5.6,655
"1464",29.2,22.9,1016.8,9.9,752
"1465",37,28.1,1010.1,9.1,769
"1466",38.9,32,1008.9,6.3,792
"1467",37.9,31.7,1020.8,8.4,664
"1468",43.6,38.7,1013.7,14.2,676
"1469",41.4,35.4,1008.4,10.9,701
"1470",23.2,11.6,1021.3,14.2,631
"1471",17.9,8.7,1029.8,6.1,686
"1472",23.4,17.4,1028.9,2.9,784
"1473",30.2,23.8,1027,7.3,673
"1474",29.7,24,1028.4,13.2,573
"1475",25.4,20.4,1028.5,6.6,635
"1476",25.5,21.8,1023,9.2,696
"1477",31.2,24.9,1021.7,8.9,700
"1478",30.3,24,1021.1,5.3,653
"1479",29.7,23.5,1020.4,7.5,668
"1480",26.4,23.3,1018.8,16.3,521
"1482",9.4,0.2,1033.3,7.1,556
"1483",18.7,8.7,1025.3,10.2,626
"1484",29.5,27.9,1009.8,7.3,662
"1485",16.6,12.3,1011.3,7.4,607
"1486",1.3,-5.5,1022.3,11,586
"1487",2.1,-4.7,1022.8,4.8,532
"1488",3.8,-2.4,1019.5,5.6,524
"1489",18.4,12.9,1007.8,8.9,521
"1493",6.9,1.6,1027.5,3.2,774
"1494",25.6,21,1020.8,9,722
"1495",42.3,40.1,1011.3,9.7,596
"1496",47.3,44.2,1007,9.2,736
"1497",29.5,24.3,1017.7,8.8,653
"1498",32.8,31.4,1013.9,6.8,636
"1499",35.6,34,1010.5,8,670
"1500",11.4,2.5,1026.2,18.5,642
"1501",11.8,2.2,1044.1,5.7,756
"1502",23.4,15.9,1034.4,6.8,638
"1503",28,25.3,1021.5,8,626
"1504",32,29.3,1009.6,11.6,665
"1505",18.5,14.6,1012.9,14.7,643
"1506",36.1,27.2,1006.3,7.4,742
"1507",22.8,15.3,1009,12.1,741
"1508",18.6,11.4,1019.3,6.4,677
"1509",25.3,20.4,1014.9,10.3,618
"1510",25.1,20.6,1023.8,7.9,590
"1511",21.8,12.9,1035.6,3,612
"1512",31.1,25.9,1020.1,10.1,635
"1513",30.9,21.3,1017.9,12.1,696
"1514",28.6,19,1029,5.4,712
"1515",35.6,29,1019.1,8.9,647
"1516",37.4,30.7,1000.9,17.4,547
"1517",12.3,0.5,1026.3,13.3,597
"1518",16.9,8,1032.7,9.3,609
"1519",24.6,17.4,1023.8,8.7,649
"1520",18,8.1,1024.7,5.7,595
"1521",26.7,16,1022.4,4.8,755
"1522",29.1,21.4,1022.5,6.9,664
"1523",22.2,10.7,1024.1,9.7,551
"1524",5.2,-6.4,1023.8,12.4,544
"1525",11.9,0.4,1020.6,13.5,542
"1526",16.3,3.7,1026,10.7,629
"1527",22.7,10.7,1027,7.3,610
"1528",28,20.3,1023.3,4.1,718
"1529",33.5,27.4,1015.4,10.5,617
"1530",36.6,32.2,1008.5,16.5,612
"1531",32,19.2,1026.1,10,700
"1532",35.2,23.5,1027.4,6.4,627
"1533",44.9,36.8,1013.4,10.5,688
"1534",55.3,48.4,999.7,15.3,676
"1535",38,33,1006.7,14.3,735
"1536",34.4,21.4,1024.4,10.1,766
"1537",34.8,21.9,1024.7,5.8,612
"1538",35.4,23.7,1027.4,6.9,651
"1539",38.7,24,1028.6,7.1,644
"1540",41.7,33.2,1020.4,7.1,693
"1541",39.8,34.8,1014.6,9,689
"1542",40.2,29.8,1017,10.4,709
"1543",36.5,24.9,1025.6,3.9,690
"1544",45.5,31.8,1020.7,4.2,648
"1545",36,25.6,1023.9,17.5,639
"1546",34.9,13.9,1030.4,5.8,672
"1547",41.8,17.3,1026.5,7.7,698
"1548",53.2,38.7,1016.8,12.1,683
"1549",46.7,32,1017.9,7.2,675
"1550",39.7,32.1,1012.8,10.9,663
"1551",30.7,14.6,1024,11.1,636
"1552",35,20.2,1025.7,9.3,793
"1553",44.7,30.6,1016.7,13.2,657
"1554",45.5,28.4,1021.2,9.2,680
"1555",46,38.1,1026.6,7.8,663
"1556",43.5,39.2,1019.9,5.2,705
"1557",51.7,44.3,1019.3,3.8,743
"1558",56.3,49.4,1013.9,6.3,703
"1559",61.2,46.7,1009.9,6.9,744
"1560",59.8,36.2,1009.7,8.9,693
"1561",40.5,30.7,1014.9,14.5,659
"1562",42.2,34.2,1008.6,17,746
"1563",47.9,35.4,1004.5,13.2,780
"1564",42.4,24.9,1016.8,11,754
"1565",36.8,29.9,1013.7,14.8,536
"1566",37.8,28.5,1014.7,7.7,724
"1567",56,41.8,1013.5,8.8,708
"1568",55,46.1,1011.5,9,692
"1569",58.5,50.3,1002.3,11.2,628
"1570",44.9,34.2,1009.3,20.6,650
"1571",49.5,20.7,1010.3,16.3,730
"1572",58.3,25.3,1013.4,5.9,645
"1573",68.1,42,1015.5,10.7,736
"1574",59.1,48.8,1013.7,10.1,743
"1575",52.7,38.4,1016,4.9,702
"1576",56.7,37.4,1008.9,4.1,767
"1577",55.6,38,1007.6,13.5,762
"1578",42.4,29.9,1013,8.3,629
"1579",39.1,27.2,1020,11.1,606
"1580",45.1,38,1018.7,8.3,717
"1581",44.4,42.6,1021.8,7.9,729
"1582",50,47.3,1014.7,8.9,815
"1583",44.3,42.4,1018.9,8,698
"1584",47.5,40.2,1018.9,10.2,791
"1585",49.5,38.1,1016.5,5.9,699
"1586",58.3,40.8,1012,5,779
"1587",59.3,47.7,1013.8,7.2,792
"1588",46.4,40,1022.1,12,700
"1589",50.1,38.7,1019.5,11.5,759
"1590",61.3,55.5,1007.2,9.8,737
"1591",49.6,38.2,1017.6,8.8,798
"1592",47.6,36.5,1020.2,6.4,696
"1593",46.2,37.5,1012.6,10.1,631
"1594",49.7,37.7,1012.1,7.5,790
"1595",54.3,37.1,1016.2,3.7,720
"1596",62.3,42.5,1014.3,4.6,764
"1597",66.3,54.8,1009.7,8.1,740
"1598",57.9,50,1009.6,9,775
"1599",55.7,47.4,1010.8,8,757
"1600",62.7,56.2,1003.6,10.7,774
"1601",53.3,43.1,1013.8,10.9,810
"1602",48.5,39.3,1019.6,10.5,728
"1603",61.4,50.1,1011.1,12.9,772
"1604",70.1,55.4,1013.7,12.1,772
"1605",62.3,51.8,1017.5,6.5,847
"1606",73.6,62.7,1012,9.4,875
"1607",70,57.6,1015.3,5.5,827
"1608",61.2,51.4,1015.3,6.1,746
"1609",64.5,60.1,1005.8,7.8,747
"1610",59.5,54.6,1007.6,7,738
"1611",66,57,1007.2,6.2,746
"1612",70.5,57.9,1009.9,6.5,831
"1613",71,60.3,1008,8.8,922
"1614",60.1,46.6,1011.9,7.3,734
"1615",57.8,38.2,1018.4,7.6,706
"1616",64.2,49.1,1015,8.4,772
"1617",74.4,63.8,1006.4,7.7,790
"1618",65.5,58.6,1011.2,6.4,741
"1619",66.2,57,1013.9,7.2,823
"1620",67,52.3,1015.1,8.6,888
"1621",68.8,57.7,1013.9,6.5,805
"1622",66.7,52.8,1016.8,11.4,798
"1623",68.8,43.8,1020.3,6.5,776
"1624",67.4,48.1,1013.2,8.3,715
"1625",57.9,47.6,1011.1,12.6,701
"1626",64.8,43.6,1014.9,10.9,806
"1627",66.5,56.9,1009,10,832
"1628",57,55,1009.4,7.1,721
"1629",59,52.6,1014.7,7.8,752
"1630",63.9,55.9,1014,3.7,716
"1631",66.6,56.3,1008.6,5.8,808
"1632",60,56.4,1005.4,11,733
"1633",62.8,48.8,1014.4,5.4,779
"1634",66.5,52.9,1015.8,8.8,825
"1635",73.1,62.8,1012.8,9.2,809
"1636",71.3,67.1,1003.6,7.6,810
"1637",72,59.1,1008.5,10.4,784
"1638",78.2,60.6,1014.8,5.4,798
"1639",77.2,65.5,1019.3,5.5,750
"1640",75.7,66,1019.2,8,847
"1641",78.4,66.9,1018.1,4.3,864
"1642",77.7,65.1,1016.6,4.7,804
"1643",77.1,67.5,1015,6.1,909
"1644",83.9,70,1011.7,7.4,769
"1645",77.6,68.7,1011.6,6.3,807
"1646",78.1,67.7,1013.1,7.1,799
"1647",81.4,69.1,1014.4,6.6,891
"1648",77.7,68.5,1015,8,816
"1649",70.2,58.1,1016.7,13,775
"1650",70.8,53.2,1017.3,7,833
"1651",74.2,57.5,1016,5.4,743
"1652",83.4,66.1,1012.2,8.9,837
"1653",77.5,61.6,1012,7.4,765
"1654",71.8,55.7,1014.5,5.2,788
"1655",81.9,63.2,1013.9,8,893
"1656",79.4,62.5,1018.1,7,790
"1657",81,65.1,1016.8,8.7,822
"1658",77.2,67.3,1013.2,6.9,755
"1659",80.5,70.7,1011.6,4.3,803
"1660",77.4,71.2,1010,7.7,760
"1661",85.5,75.7,1008.5,9.6,802
"1662",85,73.7,1009.9,11.2,827
"1663",73.6,66.4,1012.5,10,774
"1664",70.3,54.2,1016.3,12.6,790
"1665",69.9,54.3,1018.6,6.5,787
"1666",71.2,53.3,1020.3,4.6,745
"1667",73.3,51.3,1021.2,4,800
"1668",75.6,59,1021.3,7.3,816
"1669",79.7,62.4,1018.7,11.7,826
"1670",81.1,64.7,1016.6,10,832
"1671",77.3,67.1,1011.7,8.9,815
"1672",73.2,61.2,1014.3,6.1,777
"1673",68.6,55.6,1020.3,7.9,713
"1674",68.5,54.9,1021.6,6.2,918
"1675",72,57.1,1020.7,5.4,882
"1676",75.4,55.9,1018.4,3,869
"1677",78.7,61.5,1016.6,4.6,842
"1678",78.8,63.3,1014.4,5.4,809
"1679",76.1,63.5,1009.1,7.8,783
"1680",76.7,61.6,1009.7,5.3,779
"1681",79.1,59.6,1009.1,9.4,820
"1682",72.7,52,1013.1,5.8,796
"1683",74.2,55.9,1015.2,4.3,800
"1684",74.4,59.7,1015.4,7.2,802
"1685",76,69,1011.7,4,709
"1686",75.2,68.3,1009.5,5.3,762
"1687",71.9,64.8,1012.6,5.2,793
"1688",70.1,60.4,1014.9,8.5,813
"1689",71.8,60.1,1013.4,6.2,774
"1690",73.3,65.8,1011.5,4.2,811
"1691",73.5,67.1,1010,7.9,759
"1692",75.6,66,1014.1,3.5,787
"1693",74.3,69.8,1014.8,3.7,732
"1694",73.1,66.9,1013.8,4.7,722
"1695",71.4,60.1,1015.2,8.1,754
"1696",67.6,52.8,1020.6,9.2,781
"1697",66.8,52.5,1023.9,7.6,818
"1698",68.6,52.9,1020.1,7.5,766
"1699",70.2,63.1,1011,8.9,730
"1700",71.6,62.9,1008,8.8,732
"1701",68.2,52.1,1012.4,10.9,752
"1702",69.8,56.3,1013.1,9.8,773
"1703",69.6,52.7,1016.6,6.6,766
"1704",66.9,51.9,1023.8,7.6,775
"1705",66.9,60.3,1020.7,5.3,890
"1706",70,61.5,1018.4,4.7,777
"1707",72.3,65.1,1013.5,9.5,680
"1708",67.6,57,1016,8.5,683
"1709",63.9,52.2,1020.8,4.4,649
"1710",67.3,57.7,1013.8,9,772
"1711",66.3,55.9,1016.7,7.5,737
"1712",65.1,55.4,1018.4,7.7,720
"1713",66.5,58.5,1020.7,6.2,778
"1714",78,66.5,1017.3,9.4,720
"1715",80.5,70.4,1017.9,6.6,750
"1716",71.9,66.8,1017.5,7.3,784
"1717",72.7,65.4,1016,10.2,817
"1718",66.7,55.1,1021,7.1,764
"1719",70.6,62.7,1017.9,8.7,784
"1720",71.2,66.8,1018.2,5.2,806
"1721",69.3,63.2,1020.5,6,781
"1722",70.9,61,1019.3,6,756
"1723",72.2,58.8,1018,4.9,789
"1724",74.1,64.4,1018.6,3.5,816
"1725",75.1,67,1018.1,8.7,757
"1726",72.2,67.5,1013.4,10.4,656
"1727",66.7,57.7,1014.1,8.4,766
"1728",66.9,54.5,1014.5,8.2,757
"1729",70.3,55.9,1007.1,12.5,713
"1730",65.5,45.8,1012.1,8.5,709
"1731",63.3,49.2,1010.4,8.4,668
"1732",61.3,59.1,1016.3,11.2,700
"1733",60.9,57.9,1021.2,9.1,713
"1734",71.2,65.9,1016.5,5.9,753
"1735",78.6,67.3,1013,8.5,880
"1736",65.9,61.9,1011.8,10.4,730
"1737",60.7,56.3,1016,8.9,730
"1738",51.8,45.1,1026.5,9.5,715
"1739",54.6,46.3,1022,7.6,723
"1740",58.6,47.2,1016.6,8.9,670
"1741",58.6,43,1020.8,8.1,746
"1742",57.1,43.2,1022.6,2.4,712
"1743",59.8,44.3,1020.6,6.7,734
"1744",61.6,52.1,1017.5,7,647
"1745",59.7,55.2,1012.2,9.7,728
"1746",42.7,26.6,1015.4,12.9,733
"1747",45.4,31.9,1010.2,9.8,697
"1748",44.7,31.8,1016.6,7.1,686
"1749",50,40.6,1013.7,7,744
"1750",48.8,37,1011,14.1,741
"1751",46,36.4,1016.6,5.8,676
"1752",46.8,38.5,1017.2,4.8,704
"1753",53.4,40.4,1010.5,7.6,717
"1754",56.3,47.6,1010.2,5.3,720
"1755",56.2,50.9,1003,11.9,712
"1756",50,38.8,1001.3,15.5,660
"1757",47.5,33.7,1011.3,9,700
"1758",47.1,39,1021.6,6.3,716
"1759",44.5,34.1,1027.1,3.9,751
"1760",42.1,37.6,1018,6.7,559
"1761",48.6,42,1008.1,12.3,701
"1762",47.1,41.2,1016.5,3.6,659
"1763",40.3,36.3,1021.1,7,635
"1764",36.5,32.4,1024.1,7.8,578
"1765",33.4,31.7,1012.8,14.7,589
"1766",30.9,23.6,1021.6,8.3,857
"1767",38,31.3,1020.1,9.3,664
"1768",38.8,28.3,1019.7,7.4,721
"1769",47.6,34.7,1013.5,8.8,672
"1770",37.7,25.3,1022.6,8.2,636
"1771",38.6,24.7,1026.1,6.5,661
"1772",28.3,18.7,1030,11.1,663
"1773",23,8.1,1032.2,6.6,680
"1774",33.6,16.8,1018.7,9.4,710
"1775",40.6,30.9,1014.6,6.2,652
"1777",13.4,1.9,1031.6,11.2,547
"1778",15.7,3.7,1025.8,9.1,578
"1779",27.1,19.9,1022,6.3,578
"1780",27.1,20.2,1027.6,5.9,757
"1781",32.8,26.6,1029.4,4.5,664
"1782",32.9,26.6,1019.4,6.2,701
"1783",36.7,33.5,1009.6,4.3,683
"1784",37.2,32,1009.1,3.2,686
"1785",40.8,37.3,1019.2,3.5,729
"1786",46.5,41.9,1012.6,12.7,662
"1787",36,26.8,1019.7,8.2,727
"1788",31,25,1014,4.5,702
"1789",38,30.2,1005.3,7.9,698
"1790",44.5,36.3,1002.4,6.8,694
"1791",41.2,34.3,1007.8,5.8,678
"1792",44.4,39.6,1001.1,16.1,637
"1794",35.7,32.8,1028.6,5.5,649
"1795",37.3,34.2,1013.8,10.4,663
"1796",39.3,37.6,996.4,8,723
"1797",31.7,26.5,1013.4,11.3,709
"1798",32.4,26.2,1011,9.1,690
"1799",36.7,28.1,1004.2,11.4,746
"1800",35.7,27.9,1014.7,5.8,700
"1801",38.5,29.6,1019.7,9.8,736
"1802",30.7,23.8,1028.2,5.3,700
"1803",38.5,30.7,1016.3,10.3,671
"1804",45.8,43.3,1003.1,7.3,705
"1805",22,13.2,1016.1,12.5,675
"1806",17.9,7.4,1029.4,8.6,606
"1807",28,18.2,1027.8,8.3,656
"1808",39.7,27.5,1014.8,6.8,731
"1809",32.8,28,1007.8,5.1,682
"1810",23.5,15.2,1016.7,7.3,655
"1811",26,20.1,1021.5,4.7,624
"1812",24.9,18.7,1020.2,8.4,670
"1813",19.9,7.4,1023.9,9.1,653
"1814",22.9,8.8,1026.2,8.2,683
"1815",29.9,24.6,1029,3.5,726
"1816",37.5,28.5,1027.6,6.9,747
"1817",39.7,30.6,1024.2,7.8,680
"1818",42,31.8,1018.5,7.7,689
"1819",39.8,35,1017.7,5.7,624
"1821",55.6,48,1012.4,10.2,609
"1822",36.9,31.7,1021.5,7.7,693
"1823",34.1,30,1022.9,4.5,639
"1824",51.9,49,1006.1,8.9,689
"1825",38.4,34.7,998.6,12.2,616
"1826",26.3,20.8,1004.8,15.2,549
