"","temp","dewp","max","min","NUM_CRIMES"
"2",25.7,16,34,14,674
"3",31.5,27,34,15.1,648
"4",29,26.1,34,12.9,514
"5",2.2,-7.4,12.9,-2.9,523
"6",5.3,-0.9,10,-5.1,503
"7",3.1,-7.6,10,-5.1,474
"8",-2.1,-10.2,10.9,-8,448
"9",8.1,-0.5,18,-8,590
"10",4.8,-3.9,19,-2,647
"11",25.8,14.1,32,19,650
"12",23.1,16.3,32,15.1,607
"13",16.9,8.7,28,14,612
"14",10.5,5.8,19,1,675
"15",22,14.6,34,1,763
"16",28.3,22.4,34,17.1,710
"17",34.2,26.6,42.1,23,741
"18",36.8,29.5,42.1,26.1,698
"19",31.8,26.7,41,25,709
"20",33.6,30.3,41,25,793
"21",30.9,27.6,36,28.9,746
"22",29.9,22.7,33.1,28,752
"23",29.6,23,30.9,28,800
"24",32.7,26.4,43,28.9,756
"25",31.1,27.5,43,26.1,646
"26",23.2,15.8,34,15.1,656
"27",27.4,21.8,32,15.1,675
"28",25.8,17.5,33.1,19,647
"29",33.3,25.2,35.1,19,704
"30",27,12.5,35.1,19,714
"31",27,17.9,36,18,636
"32",29.1,26.8,36,19,562
"33",14.5,8.5,30.9,6.1,473
"34",13.5,7.2,24.1,1.9,512
"35",21.1,16.4,26.1,1.9,577
"36",7.4,-3,25,-2,572
"37",17.5,7.9,30.9,-2,696
"38",29.1,24.3,41,12.9,679
"39",36,33.1,41,18,615
"40",25.6,22.3,39,24.1,607
"41",24.8,16.8,33.1,14,629
"42",30.6,22.8,35.1,14,606
"43",15.9,3.6,35.1,8.1,611
"44",11,1.8,21.9,5,632
"45",18.6,8.5,27,5,597
"46",4.5,-6.2,27,-2.9,552
"47",11.8,-1.9,18,-2.9,539
"48",16.5,6.6,19,5,597
"49",7.3,-3.3,19,1.9,511
"50",-1.8,-15,8.1,-8,463
"51",3.3,-6.4,17.1,-8,651
"52",21.7,12,30.9,16,652
"53",21.4,10.8,32,10,593
"54",4.2,-10.4,10.9,-4,572
"55",11.3,-0.3,28.9,-4,628
"56",21.1,7.5,28.9,3.9,572
"57",16.8,10.2,26.1,10,518
"58",6,-6.6,19,-2,638
"59",6,-4.6,21,-9.9,545
"60",18.3,12.8,25,10,759
"61",21.3,10.5,33.1,10,658
"62",28.2,22.2,34,12.9,636
"63",24.1,14.5,34,16,562
"64",11.6,-3.9,30.9,3,612
"65",12.4,2,27,0,712
"66",31.7,22,43,25,697
"67",34.9,27.1,44.1,24.1,625
"68",36.8,26.3,50,25,726
"69",40.5,36.1,51.1,25,754
"70",42.1,33.1,51.1,30,746
"71",41.8,26.4,55.9,28,752
"72",47,30.3,64.9,28,814
"73",51,37.4,64.9,37,798
"74",45.2,32,62.1,28.9,779
"75",58,37.1,73,48.9,779
"76",44.6,26.1,73,35.1,692
"77",36.8,14.7,50,28,690
"78",41.7,17.7,50,28,717
"79",42.5,30.3,50,37,777
"80",42.5,34.1,50,36,689
"81",32.4,21.6,48.9,26.1,656
"82",29.1,23.9,35.1,26.1,592
"83",29.7,20.6,35.1,19,639
"84",36.6,31.4,41,35.1,724
"85",36.7,27.5,42.1,32,684
"86",29,15.6,42.1,21.9,725
"87",26.8,11.3,36,19.9,657
"88",31.6,18.6,46.9,19.9,619
"89",46,30.5,61,23.2,719
"90",48.7,35.2,61,34,693
"91",51.9,35.1,72,35.1,929
"92",58.5,42.9,72,35.1,794
"93",50.1,30.9,64.9,36,710
"94",39.7,23.1,57.9,28,694
"95",53.5,23.8,66,46,673
"96",45.5,34.5,66,34,676
"97",40.4,35.9,45,37.9,603
"98",44.5,42.2,50,37.9,679
"99",50.5,48.2,71.1,39.9,648
"100",52.6,41.8,71.1,39.9,714
"101",47.7,33.4,62.1,37.9,720
"102",54.7,32.7,68,37.9,773
"103",60.1,40.3,68,41,735
"104",55.8,24.5,66,39,767
"105",54,24.6,66,39,802
"106",52.9,35.9,66,43,688
"107",60.2,44.3,78.1,45,785
"108",59.6,42.6,78.1,45,769
"109",55.6,34.7,68,46.9,703
"110",48.6,44.4,68,44.1,743
"111",44.3,29,54,39,663
"112",39.7,23.7,54,34,682
"113",42.3,21.3,55,32,731
"114",44.2,23,57,28.9,761
"115",43.5,37.2,57,28.9,695
"116",44.8,28.7,55.9,35.1,718
"117",46.3,30.2,55.9,35.1,721
"118",46.3,33.7,57.9,35.1,719
"119",49.7,34.3,61,35.1,766
"120",45.6,33.9,61,37.9,666
"121",50,36.6,66.9,37.9,954
"122",62.1,38.1,75.9,37.9,687
"123",67.4,42.6,78.1,50,745
"124",65.1,54.6,78.1,55,779
"125",52.1,45.6,73.9,48,697
"126",55.6,50.9,77,46,739
"127",66.9,52,82.9,46,826
"128",71.1,60.7,82.9,52,807
"129",59.5,56.2,81,52,685
"130",48.5,45.8,64,45,741
"131",56.4,52.7,68,44.6,749
"132",52,39.5,68,46.9,757
"133",47.6,34.7,55.9,39.9,768
"134",52.2,38.8,66,39.9,755
"135",63.2,56.8,75.9,43,822
"136",69,62.5,79,57,882
"137",72.3,65,82,62.1,836
"138",72.1,58.3,82,63,758
"139",50.4,36.9,77,46,708
"140",43.5,30.2,53.1,39,730
"141",51.8,37.7,69.1,39,745
"142",58.8,35.1,69.1,45,824
"143",61.8,35.6,80.1,46,798
"144",66.1,49.3,80.1,46,687
"145",70.4,62.1,78.1,59,708
"146",70.6,62.5,78.1,64,770
"147",68.4,59.1,73.9,64,738
"148",69.5,54.3,82,54,800
"149",72.1,60.3,82,54,828
"150",64.4,58.8,80.1,46.4,719
"151",47.5,39.5,54,42.1,666
"152",51.2,39.5,60.1,42.1,954
"153",55.5,40.1,70,42.1,772
"154",62.3,49.2,77,42.1,778
"155",68.2,56.7,81,50,721
"156",65.3,56.7,80.1,55.4,786
"157",60.1,50,70,51.8,758
"158",65.7,57.7,81,52,739
"159",73.1,63.8,84,55,682
"160",69.7,56.2,84.9,60.1,732
"161",80.2,62.3,91.9,60.1,793
"162",68.9,57,75.9,63,804
"163",61.5,59,72,57.9,828
"164",66.1,60.5,84.9,55.4,813
"165",73.3,67.9,86,55.9,795
"166",74.8,69.9,82.9,68,739
"167",68.6,58.7,80.1,64,847
"168",61.3,51,72,55.9,722
"169",71.6,65.4,79,55.9,768
"170",60.8,50.8,79,54,774
"171",62.8,53.5,78.1,53.1,766
"172",73.5,64.7,84,53.1,783
"173",75.2,69.2,84,66,780
"174",75.3,59.3,82.9,66,732
"175",70.2,56.5,82,60.1,728
"176",70.7,64,79,60.1,784
"177",63.1,58.8,79,60.1,784
"178",64,52.1,75.9,55.9,723
"179",67.5,51,79,54,797
"180",68.1,61.6,79,54,752
"181",68.1,61.4,77,62.1,749
"182",60.7,52.7,69.1,55.4,889
"183",59.3,51.8,69.1,53.1,757
"184",64.2,51.9,77,53.1,768
"185",69.7,54.4,81,55,845
"186",72.4,58.4,82.9,59,898
"187",74.2,64.9,84.9,60.1,757
"188",67.3,58.1,84.9,57,701
"189",59.7,50.2,71.1,54,718
"190",63.6,56,77,54,672
"191",69,56.5,82.9,57.9,739
"192",70.4,57.8,82.9,59,798
"193",73.6,65.6,82.9,61,801
"194",75.7,68.2,86,68,782
"195",76.2,66.4,86,68,711
"196",65.8,53.1,82.9,59,795
"197",66,56.4,75,57.9,673
"198",77.3,70.9,91.9,57.9,825
"199",78.7,71.4,91.9,71.1,776
"200",79.4,69.6,89.1,73,764
"201",74.5,62,84.9,63,778
"202",74.9,58.2,84.9,63,777
"203",73.6,55.9,82.9,64,774
"204",74.4,56.6,84.9,63,810
"205",75.2,60.1,84.9,63,867
"206",79.5,67.1,91,64,832
"207",74.7,65.5,91,64,802
"208",77.2,64,88,64,835
"209",79.4,66.6,91,66.9,767
"210",81.3,66,91,66.9,764
"211",77.1,55.3,88,64.9,775
"212",78.2,56.4,88,64.9,782
"213",75.5,54,87.1,64,1044
"214",79.6,65.4,91,64,822
"215",75.7,60.1,91,66.9,729
"216",72.2,53.5,82,61,761
"217",72.7,55.6,82,61,772
"218",73.3,60.6,82.9,61,809
"219",73.2,59.3,82.9,63,839
"220",75.3,62.6,82.9,63,849
"221",71.8,65.9,82,66.9,745
"222",75.1,67.7,84,66.9,809
"223",72.9,62.3,84,64.9,791
"224",71.2,56.8,82,61,760
"225",73.8,60.4,84.9,61,784
"226",78.2,66.1,90,64.9,808
"227",76.6,66.7,91.9,66.9,826
"228",78.7,69.1,91.9,66.9,865
"229",78.6,67.1,89.1,68,741
"230",73.6,66.8,88,66.9,762
"231",71.7,63.2,82.9,66.9,793
"232",64.8,52.9,75,59,839
"233",68.7,53,82,55,858
"234",72.1,56.7,82,55,845
"235",71.5,58.6,81,60.1,806
"236",65,49,77,55,724
"237",63.4,48.2,75,55,767
"238",61.9,52.4,72,55.9,792
"239",63.1,52.3,75.9,51.1,764
"240",65.5,56.8,75.9,51.1,806
"241",67.6,63.2,72,55.9,761
"242",68.4,63.9,77,63,800
"243",71,64.2,84.9,60.1,745
"244",77.7,69.9,88,60.1,955
"245",80.3,69.4,90,68,801
"246",81,68.3,91,72,875
"247",74.4,66.8,91,68,815
"248",75.4,67.3,87.1,68,767
"249",79.9,66.6,91.9,69.1,818
"250",81.5,66.9,91.9,70,808
"251",77,69.6,88,70,717
"252",70.2,60.4,81,66,711
"253",64,56,77,54,659
"254",61.9,56.5,73.9,54,691
"255",57.6,45.8,66.9,52,724
"256",58.1,44.5,70,48,734
"257",65.3,48.8,82,48,791
"258",72.9,53.9,82,52,813
"259",70.5,52.8,82.9,55.9,766
"260",71.7,58.5,84.9,55.9,717
"261",72,67.2,84.9,61,791
"262",65.5,57.4,73.9,57,792
"263",60.4,48.6,73,50,811
"264",62.1,49.4,73.9,50,735
"265",64.6,51.5,80.1,52,777
"266",68.2,52.1,80.1,53.1,833
"267",66.7,56.6,80.1,55.9,718
"268",65.5,59.6,75.9,55.9,811
"269",67,58.5,75,60.1,792
"270",67.4,59.5,75,60.1,802
"271",69.6,63.6,77,61,753
"272",64.4,59.6,77,57,670
"273",56.7,44.1,68,53.1,678
"274",55.2,42.4,61,52,889
"275",55,41.7,60.1,51.1,799
"276",52.1,39.6,60.1,48,709
"277",51.9,47.4,57,48,654
"278",57,53.8,60.1,50,755
"279",60.2,53.8,71.1,55,752
"280",62,54.9,71.1,55,718
"281",61.7,52.4,77,50,701
"282",60.4,52.1,77,50,795
"283",53.2,43.7,64.9,42.1,729
"284",61.5,46.7,79,42.1,735
"285",67.1,48.6,79,51.1,732
"286",55.7,41.3,75,48.9,741
"287",52.3,39.3,63,42.1,764
"288",54.8,36.3,69.1,42.1,816
"289",48.9,30,69.1,42.1,734
"290",42.5,23.1,55,33.1,706
"291",44.6,26.8,60.1,33.1,675
"292",54.9,30.7,73,33.1,788
"293",63.7,37.7,73.9,45,785
"294",62.7,51.9,75,52,794
"295",59.8,48.8,75,52,774
"296",55,44.5,62.1,51.1,777
"297",61.8,57.9,66,52,765
"298",51.3,39.1,66,41,728
"299",49.2,38.7,62.1,37,781
"300",53.2,42.9,61,37,651
"301",52.7,50.5,55.9,44.1,682
"302",40.6,32.8,55.9,36,669
"303",45.5,37,55.9,36,776
"304",46.8,42.1,55.9,36,721
"305",52.7,43,63,44.1,996
"306",57.9,43.4,72,44.1,785
"307",58.4,47.9,72,44.1,749
"308",57.5,54.5,71.1,44.1,791
"309",63.8,56.8,71.1,48,755
"310",55.5,48.3,70,44.1,747
"311",44.3,34.5,64.9,36,691
"312",40.8,28.1,53.1,28,705
"313",41.7,28.2,55.9,28,684
"314",45.1,32.3,55.9,28.9,640
"315",47.9,36.8,63,32,688
"316",48.4,42,63,36,693
"317",41.7,27.6,55.9,35.1,679
"318",38.9,26.1,57,25,696
"319",52.5,33.5,64,44.1,722
"320",51.6,35.8,64,43,744
"321",51,48,57.9,43,668
"322",58.4,50.7,62.1,46.9,683
"323",44.6,31.7,62.1,37.9,696
"324",35.9,17.5,48,30.9,714
"325",31.9,29.5,39.9,27,528
"326",19.1,13.2,33.1,7,520
"327",28.4,22,37,7,650
"328",31.6,26.8,41,21,607
"329",38.3,30.9,48.9,21,620
"330",52,46.4,60.1,48,589
"331",45.5,42.5,60.1,34,613
"332",34.7,28.5,37.9,32,658
"333",32.7,25.7,41,25,612
"334",40.1,31.7,44.1,25,668
"335",41.6,36,44.1,37.9,797
"336",34.8,31,39.9,30.2,716
"337",33,28.4,37.9,30,710
"338",36.6,32.2,46.9,30,700
"339",35.8,32.1,46.9,28.9,707
"340",35.8,31.6,46.9,27,687
"341",33.7,32,46.9,27,689
"342",40,36.6,46,27,733
"343",46,40.7,52,37.9,685
"344",48.3,38.4,57,39.9,690
"345",45.9,35.1,57,41,742
"346",49.7,45.2,57,41,752
"347",55,52.9,61,46.4,652
"348",54.7,51.1,61,46,739
"349",41.3,35.8,61,39,793
"350",43.3,38.4,53.1,39,722
"351",33.4,24,53.1,28.9,728
"352",27.7,17.1,32,24.8,653
"353",23.3,12.8,32,15.1,666
"354",34.2,23,50,15.1,693
"355",46.3,40.1,52,42.1,650
"356",39.3,37.3,52,35.1,694
"357",47.1,45.5,59,35.1,754
"358",42.1,34.5,59,34,675
"359",38.5,32.6,44.1,32,498
"360",39.1,34.8,44.1,32,640
"361",38.4,36,42.8,35.1,627
"362",33.5,27.4,36,30.2,516
"363",33.5,31.1,39,30,624
"364",28.8,23.6,39,27,603
"365",27,21.3,0,0,611
"367",27,19.4,32,19,576
"368",26.8,19.3,32,21.9,618
"369",26.9,18.5,30.9,21.9,626
"370",25.5,17,33.1,17.1,627
"371",28.3,20.9,36,17.1,628
"372",36,26.4,41,21.2,707
"373",38.5,34.2,42.1,34,743
"374",37.1,36.6,42.1,32,650
"375",19,14.2,39.9,6.1,597
"376",5.1,-1.6,23,-0.9,513
"377",14,7.1,24.1,-0.9,548
"378",6.7,-0.8,21,-2,654
"379",30.6,23.7,42.1,21,734
"380",39.9,35.4,44.1,24.3,734
"381",28.4,21.3,43,24.1,652
"382",7.5,-3,30,1,537
"383",0.6,-9.9,9,-4,515
"384",5.8,-4.7,17.1,-4,610
"385",16.7,9.2,23,0,619
"386",19,12.8,28.9,9,634
"387",23.7,18.3,30.2,18,701
"388",27.8,21,33.1,19,722
"389",27.1,19,34,24.1,675
"390",30.6,25.2,39.9,24.1,744
"391",32.7,28.5,41,24.3,640
"392",27.6,17.5,37,23,669
"393",34.1,26.7,39,23,751
"394",28.3,14.4,39,19.9,746
"395",37.5,29.1,46,21.9,743
"396",42.2,38.5,48,35.1,665
"397",36,31.1,48,30.9,853
"398",34.5,31.6,45,30,614
"399",35.6,33.4,37.4,30.9,682
"400",26.7,18,37,19,670
"401",28.9,20.8,34,21,660
"402",30.5,23.1,41,24.1,695
"403",37.6,29.1,43,25,617
"404",30.9,24.9,43,27,570
"405",19.3,12.6,32,15.1,545
"406",13.6,3.4,21,9,565
"407",13,0.2,21,7,582
"408",19.1,6.3,23,7,647
"409",9.4,-7.7,23,1.9,597
"410",13.9,2.2,18,3,514
"411",20.7,17.9,27,9,553
"412",27.5,21.9,33.1,18,625
"413",28.4,20.3,34,23,641
"414",29.6,21.5,42.1,21,681
"415",47.5,35.3,62.1,39,775
"416",49.1,32,62.1,41,702
"417",39.6,31.6,57,35.1,707
"418",35.1,27.1,44.1,26.1,639
"419",35.6,26.1,45,26.1,630
"420",34.8,27.3,45,26.2,578
"421",33.4,23.9,37,30.2,699
"422",31.1,16.4,37,24.1,740
"423",36.7,24.3,54,26.1,692
"424",51.7,36,61,46,624
"425",40.8,30.6,62.1,32,646
"426",28.3,23.2,33.1,21,817
"427",20.6,6.8,32,10.9,608
"428",30.1,24.1,33.8,27,617
"429",30.1,19.1,39,19.9,704
"430",33.5,28.4,39,19.9,700
"431",38.8,29.1,52,29.1,714
"432",51.3,39.9,63,34,795
"433",61.8,49.6,70,46,723
"434",61.1,55.1,70,57,679
"435",49,40.9,63,45,716
"436",42.7,34.4,55,34,733
"437",43.3,36.6,59,33.1,746
"438",46.8,42.8,59,33.1,628
"439",46.9,44.1,54,42.8,684
"440",49.5,45.2,57.9,43,713
"441",52.6,42.1,57.9,46,745
"442",47.4,29.3,55.9,39.9,738
"443",41.3,27.6,55.9,32,791
"444",38.5,30.4,48.9,33.1,699
"445",36.8,25.7,46,30,685
"446",38.4,23.6,48.9,28,699
"447",47.8,31.3,63,37,722
"448",41.6,35.3,57.9,37.4,686
"449",37.1,35.9,42.1,33.1,677
"450",34.5,26.5,48,28,717
"451",40.1,31.9,54,29.1,735
"452",46.9,37.8,63,31.1,631
"453",45.1,36.9,63,36,741
"454",43.7,31.2,57.9,30.9,739
"455",48.9,35,62.1,31.1,716
"456",59.8,54.5,66.9,42.1,754
"457",44.9,37,66.9,39.9,826
"458",35.2,25.1,42.1,30.2,651
"459",40.1,21.6,0,27,706
"460",40.6,28.5,0,30.2,660
"461",33.5,18.2,45,24.1,677
"462",44.5,37.6,48.9,41,660
"463",40,33.8,50,33.1,742
"464",36.9,27.7,41,32,626
"465",30,15.1,41,21.9,689
"466",37.1,27.1,46.9,21.9,704
"467",47.7,38.8,51.1,33.1,676
"468",39.7,21.5,51.1,30,701
"469",42.7,26.8,55.9,30.2,715
"470",47.7,29,61,34,691
"471",53.5,31.7,68,37,811
"472",57.6,38.4,75.9,41,734
"473",62.5,39.5,79,41,708
"474",65.7,39.7,82.9,45,738
"475",54,40.6,82.9,46,703
"476",58.1,41.6,71.1,46,690
"477",61.6,52.8,71.1,55.9,714
"478",51.2,44,70,44.1,731
"479",47.6,37.8,60.1,37.9,694
"480",56.2,42.6,78.1,37.9,756
"481",69,52,81,57.9,758
"482",53.4,46,82.9,42.1,693
"483",44,38.4,46.9,41,661
"484",44.9,40.7,50,41,731
"485",44.3,39.9,51.1,41,719
"486",44.8,39.9,51.1,42.1,605
"487",45.2,43.6,48.9,42.1,820
"488",49.3,38.7,59,42.1,757
"489",52.8,36,66.9,39.9,735
"490",52.3,40.3,66.9,39.9,682
"491",48.8,36.7,61,41,701
"492",59.2,41.2,82,41,794
"493",64.6,42.6,82,42.1,742
"494",55,31.3,71.1,41,729
"495",55.9,43.4,71.1,41,732
"496",54.2,52.9,63,50,713
"497",58.2,55.3,69.1,51.1,758
"498",61.2,56.3,70,51.1,690
"499",57.6,44.5,70,48,808
"500",46.3,37,66,41,723
"501",45,28.4,55,35.1,739
"502",55.7,34.6,70,35.1,782
"503",54.3,41.7,70,46,692
"504",52,36.4,64.9,41,801
"505",55.2,35.1,69.1,39,764
"506",58.5,37.3,69.1,39,805
"507",62.5,35.9,75,44.1,792
"508",66.2,41.2,77,53.1,750
"509",66.1,43.9,81,48,782
"510",71.9,46.9,86,48,803
"511",75.9,59.7,86,60.1,721
"512",71.1,64.1,86,62.1,767
"513",74.2,64.9,82.9,62.1,800
"514",73,64.9,81,66,791
"515",71.8,61.1,81,63,798
"516",74.5,57.5,87.1,63,820
"517",72.6,56.4,87.1,63,756
"518",68.1,62.4,82.9,63,937
"519",70.1,54,79,57,800
"520",70.1,53.3,84,55,822
"521",68.8,58.4,84,55,827
"522",68.2,58.3,79,61,777
"523",71.2,54.2,82,59,792
"524",63.3,47.9,82,55.9,754
"525",60.7,47.3,70,51.1,744
"526",61,50.9,72,52,727
"527",73.8,63.2,90,53.1,765
"528",82.4,63.1,91,63,816
"529",71.4,49.1,91,62.1,852
"530",67.9,47.8,86,54,794
"531",74.1,58.5,87.1,54,835
"532",78.4,68.2,90,64,790
"533",74.4,62.5,90,66,821
"534",70.8,54.8,84.9,61,830
"535",74.3,51.2,87.1,57.9,763
"536",77.7,56,89.1,57.9,811
"537",83.4,65.5,91.9,78.1,857
"538",75.5,50.7,93,64,825
"539",71.8,58.6,84,64,749
"540",70.3,65.6,78.1,66.2,801
"541",70.9,56.8,82,62.1,807
"542",76.7,61.4,89.1,62.1,813
"543",81.3,68.7,90,64.9,775
"544",79.6,60,90,69.1,771
"545",68.2,53.5,90,63,767
"546",66.8,50.2,81,55,804
"547",69.4,50.6,81,55,847
"548",68.5,56.1,78.1,61,962
"549",65.5,47.8,75.9,54,756
"550",68,51.4,77,54,782
"551",70.8,60.1,79,55,848
"552",75.5,64.5,87.1,66,895
"553",77.4,66.9,88,66,742
"554",76.8,68.8,88,66.9,790
"555",75.9,66.7,86,68,790
"556",73.1,58.9,86,64.9,729
"557",72.4,56.5,82,60.1,760
"558",78.3,65.6,90,60.1,701
"559",81.1,69.3,90,69.1,780
"560",77.8,68.9,88,68,726
"561",76,64.1,88,66.9,769
"562",70.8,58.2,88,64,846
"563",67.3,56.1,77,57,780
"564",70.5,59.4,82.9,57,789
"565",78.6,67.1,88,61,799
"566",78.6,62.9,91,68,791
"567",78.8,65.7,91,68,825
"568",81,72.2,91,69.1,785
"569",79.2,70.9,91,72,792
"570",84.6,74.6,91,72,814
"571",78.5,72.6,93,70,790
"572",79,66.4,93,71.1,827
"573",78.9,63.5,89.1,69.1,877
"574",79.3,63.2,89.1,68,795
"575",76.8,67.2,89.1,68,774
"576",73.2,68.8,84,70,802
"577",72.3,65.6,81,70,927
"578",72.7,63.9,81,64.9,813
"579",74.7,64.9,84,64.9,882
"580",77.2,65.7,87.1,64.9,793
"581",79.6,66.1,90,66.9,772
"582",80.7,65.4,91,69.1,793
"583",78.2,67.7,91,70,862
"584",75.7,60.1,86,66,828
"585",74.7,59,87.8,62.1,838
"586",76.9,61,84,72,804
"587",77.7,60.8,88,66.9,725
"588",80.4,65.5,89.1,66.9,722
"589",81.7,68.7,91.9,69.1,852
"590",79.9,72.8,91.9,73,746
"591",77,71.3,82.9,73.4,827
"592",76.7,63.7,87.1,64.9,843
"593",74.5,66.1,87.1,64.9,843
"594",76.5,67.1,88,66.9,816
"595",77,65.6,88,70,862
"596",76.9,69,88,70,767
"597",75.3,66.2,84.9,66,793
"598",74.7,68.4,84,66,844
"599",66.4,55.3,80.1,57.9,786
"600",67.1,52,78.1,55.9,728
"601",70.5,58.1,81,55.9,753
"602",74.9,66.5,84,60.1,823
"603",76.4,69,84.9,70,770
"604",72.4,61.3,84.9,66,803
"605",73.6,67.2,84,66,819
"606",76.9,69.4,84,66.9,805
"607",75.7,69.3,86,70,884
"608",75.6,70.6,86,70,755
"609",72.9,62.5,84,68,780
"610",67.2,56.5,75.9,62.1,1037
"611",67.6,55.3,73.9,62.1,799
"612",67.9,56,75.9,55.9,830
"613",69,57.6,80.1,55.9,779
"614",73.2,62.4,87.1,59,822
"615",82.2,71.6,91,62.1,761
"616",82.5,72.4,91,75,723
"617",76.3,70,89.1,71.1,795
"618",73.8,66.4,82,63,818
"619",68.8,59.9,81,63,767
"620",64.7,51.4,75.9,51.1,758
"621",66.5,51.9,79,51.1,793
"622",72.2,58.3,84.9,54,786
"623",69.4,59.2,84.9,64,820
"624",68.2,57.5,78.1,60.1,823
"625",72,60.8,82.9,60.1,807
"626",73.9,62.3,82.9,64.9,834
"627",69.1,54.7,82,57,781
"628",71.4,53.2,88,55.9,712
"629",74.8,54.9,88,55.9,792
"630",70.2,60.9,82.9,66,731
"631",71.4,63.4,81,64,831
"632",71.7,65.4,81,64.9,845
"633",68.5,62.5,73.9,66,833
"634",71.7,62.7,84.9,63,809
"635",65.9,48.1,84.9,57.9,764
"636",60.1,35.5,70,51.1,735
"637",56,45.4,70,50,634
"638",60.7,55.9,64.9,50,702
"639",61.8,58.4,64.9,59,772
"640",61,57.7,64,57,862
"641",59.7,57,64.9,55.9,707
"642",61.9,56.4,66.9,55.9,772
"643",65.2,56.4,75,57,743
"644",68.7,57.7,80.1,60.1,805
"645",65.8,59.7,80.1,57.9,754
"646",65.2,57.4,73.9,55.9,863
"647",52.4,38,70,39.9,715
"648",55.9,45.7,64.9,39.9,682
"649",56,45.4,71.1,45,724
"650",63,49.9,73,45,697
"651",62.3,53.6,68,51.1,746
"652",47.9,36.9,69.1,37.9,693
"653",50.2,39.9,66,37.9,821
"654",58,52.6,69.1,37.9,823
"655",68.5,62.7,72,53.1,790
"656",71.8,64.5,82,64.9,817
"657",73.9,58.8,82,63,774
"658",60.4,46,75.9,48.9,712
"659",54.8,47.2,71.1,48.9,717
"660",47.7,33.9,55.9,43,760
"661",46.6,32.2,60.1,37,773
"662",55,43.7,73,37,785
"663",53.7,40.3,73,41,770
"664",46,36.8,59,36,736
"665",47.8,42.1,54,36,699
"666",47.6,42.6,51.1,44.1,730
"667",48.9,43.4,62.1,37.9,802
"668",65.8,58.1,70,59,831
"669",54.5,49.3,71.1,50,786
"670",47.9,41.4,57.9,37.9,867
"671",65.3,55.7,75,41,910
"672",62.3,57.5,75,57,749
"673",56,50.5,66.9,48,783
"674",52.8,44.1,66.9,39.9,783
"675",54.7,44.3,68,43,821
"676",56.1,46.5,69.1,42.1,753
"677",53.8,42.7,69.1,42.1,738
"678",55.7,45.4,66,43,644
"679",49.5,35.4,63,41,680
"680",49.4,33.8,63,41,723
"681",49.4,36.1,57,43,797
"682",41.8,31.4,52,30.9,780
"683",44.6,30.4,55.9,31.1,660
"684",48.4,35.5,60.1,35.1,670
"685",46,42.3,60.1,37.9,712
"686",48.1,41.7,60.1,37.9,770
"687",54.6,45.8,72,39,811
"688",62,49.2,72,44.1,794
"689",37.9,24.8,48,34,677
"690",29.2,15.9,39,23,663
"691",30.1,17.2,41,21.9,683
"692",32.8,25.5,41,21.9,722
"693",39.8,35.6,43,24.3,699
"694",40.3,36.5,44.6,37,534
"695",37.3,32.6,43,35.1,689
"696",37.8,32.2,46.9,30.9,719
"697",37.8,35,46.9,31.1,693
"698",44.1,40.5,50,32,693
"699",49.7,42.7,57,41,698
"700",40.8,34.8,57,34,697
"701",37.5,31.8,45,34,822
"702",37.4,30,41,35.1,835
"703",33.3,23.2,39.9,30,758
"704",31.5,26.8,34,28.9,595
"705",31.9,30.2,33.8,26.6,678
"706",32.9,30.3,41,25,688
"707",26.2,18.3,41,24.1,660
"708",21.3,12.7,27,17.1,606
"709",22.9,15.3,25,19,668
"710",20.1,12.5,25,18,612
"711",26,23.1,32,18,512
"712",25.2,21,33.8,14,629
"713",15,7,32,7,574
"714",9.6,-0.3,21.9,1.9,610
"715",3.9,-6.7,19,-2,580
"716",11.7,2.5,19,0,695
"717",20.4,16.3,21.9,7,614
"718",11.3,4.4,21.9,-2,526
"719",-0.6,-10.3,18,-13,660
"720",19.6,7.6,28,12.9,693
"721",26,18.7,34,14,728
"722",34.1,25.7,37,19,702
"723",30.6,25.2,37,24.1,728
"724",34.9,31.3,37.9,27.1,604
"725",33.3,30.4,37.9,32,488
"726",45.1,39.2,54,32,647
"727",28,18.5,37.9,25,663
"728",29.6,22,45,19,722
"729",33.6,25.3,45,19.2,647
"730",29.3,17.1,35.1,24.1,742
"731",35.5,21.4,39.9,24.1,704
"733",34,27.9,39.9,17.1,613
"734",38.2,36.9,39.9,25.2,718
"735",18.2,9,39,9,612
"736",9.3,-1.5,19,6.1,611
"737",4.4,-6.4,12.9,0,601
"738",6.5,-4.8,18,0,618
"739",9.2,-4.2,18,0,591
"740",21.5,10.5,28,3,713
"741",37.5,32.2,51.8,27,705
"742",31.6,26.3,51.1,25,663
"743",26.1,23.2,43,21,644
"744",19.9,9.7,28,16,800
"745",28.9,19.3,35.1,16,685
"746",26,17.5,36,19.9,656
"747",32.6,28.2,36,19.9,652
"748",37.2,36.2,39,30.2,705
"749",34.7,32.9,39,33.1,707
"750",35.8,33.4,42.8,30,738
"751",39,37.6,42.1,30.2,783
"752",48.2,44.3,59,37.9,786
"753",42.8,39.6,59,37.9,742
"754",39.4,36.1,46,37,789
"755",36.6,32.7,42.1,34,736
"756",37.2,34.3,42.1,35.1,748
"757",33.2,29.6,42.1,30,675
"758",27.8,20.6,34,24.1,784
"759",26.7,20.2,30.9,24.1,731
"760",26.8,16.5,28.9,24.1,634
"761",22.1,9.7,30,15.1,756
"762",36,29.3,39,15.1,734
"763",34.6,25.7,39,30,847
"764",20.6,6.9,37.9,14,671
"765",19.1,3.5,28,14,670
"766",21.6,5.5,33.1,10,638
"767",32.7,17.2,37.9,12,695
"768",33.5,26.3,55,21,762
"769",43.8,43.1,50,41,693
"770",30.7,23.1,50,25,666
"771",19,4.2,32,12.9,668
"772",25.7,13.5,39.9,12.9,745
"773",40.9,33.2,48.9,34,704
"774",39.3,28.8,48.9,34,678
"775",34.6,19.9,46.9,25,718
"776",39.7,26.4,50,25.2,713
"777",33.2,17.2,50,26.1,673
"778",33.4,12.8,41,27,671
"779",43.2,28.4,66.9,27,832
"780",57.5,35.4,70,44.1,748
"781",51.1,33.6,70,35.1,674
"782",53,39.8,70,35.1,711
"783",60.1,49.8,70,41,679
"784",57.7,51.9,68,48.9,703
"785",51.6,44.2,68,37.9,655
"786",39.4,36.7,39.9,37.9,660
"787",29.3,21.6,39.9,23,599
"788",32.3,17.2,48.9,21,576
"789",41.1,27.7,54,21.2,633
"790",51.3,44.6,60.1,45,631
"791",47.1,43.8,60.1,32,741
"792",32,20.8,34,28.9,629
"793",27.5,7.5,35.1,21,673
"794",33.2,22.3,42.1,21.9,633
"795",41.4,28.8,60.1,28.2,662
"796",54.8,46.9,61,52,683
"797",55.1,40.9,64.9,44.1,682
"798",46.3,20.1,64.9,41,667
"799",39,19.4,53.1,28.9,676
"800",31.8,7.7,42.1,26.1,666
"801",24,-5,37,18,659
"802",26.5,3,36,18,553
"803",29.5,22.1,36,18,541
"804",25.2,17.3,30.9,19,474
"805",23.5,7,33.1,16,607
"806",29,10.9,42.1,16,668
"807",38.2,30.1,50,19.2,709
"808",42.3,32,50,36,674
"809",40.8,29.5,53.1,28.9,605
"810",48.6,38.3,54,29.1,696
"811",43.7,29,54,35.1,650
"812",33.5,19.3,37.9,28.9,647
"813",36.8,20.4,50,28,666
"814",58.3,39.3,82,29.1,779
"815",42.7,37.9,46,41,695
"816",51.3,47.2,62.1,41,702
"817",50.4,46.8,62.1,45,722
"818",43.8,36.6,52,41,673
"819",40.9,34.7,50,35.1,669
"820",43.3,39.1,48.9,35.1,691
"821",39.3,35.8,45,37,777
"822",44.6,26.3,59,34,831
"823",49.7,27.1,61,34,690
"824",50.4,39.7,61,42.1,697
"825",48.9,43.3,55.9,46,712
"826",44.8,39.3,55.9,39.9,633
"827",42.9,33.8,50,37.4,668
"828",43.8,22.4,54,37,705
"829",49.9,27.1,68,37,696
"830",64.1,44.1,75.9,57,761
"831",68.8,53.2,78.1,46.9,683
"832",46.8,39.6,53.1,42.1,703
"833",47.7,35.7,59,36,726
"834",49.7,33.7,59,42.1,665
"835",54.1,41.1,66,46.9,773
"836",69.7,54.7,82,46.9,817
"837",68.1,52.5,82,59,687
"838",58.8,35.5,73,44.1,752
"839",55.4,39.2,75.9,41,735
"840",64.7,52.7,75.9,41,758
"841",56.5,46.6,73,45,713
"842",50.4,35.4,57.9,44.1,815
"843",49.7,29.8,60.1,42.1,701
"844",54.5,26.3,72,37,703
"845",55.3,34.4,73,37,736
"846",63.7,43.5,79,39.9,757
"847",69.5,54.1,79,52,758
"848",54.3,48.3,73.9,44.1,716
"849",48.4,38.2,62.1,39.9,832
"850",45.5,36.9,55,39.2,616
"851",43.6,41.3,46.9,39.9,657
"852",49.6,43.5,57,43,863
"853",45.8,37.8,57,41,689
"854",47.6,33.4,55.9,35.1,739
"855",48.7,34.5,55.9,35.1,741
"856",49.1,37.3,61,41,799
"857",51,36.2,61,41,713
"858",48.3,24.6,59,36,630
"859",46.1,25.8,59,34,705
"860",48.1,33.2,61,34,707
"861",55,38.7,66.9,42.1,663
"862",54.8,46.7,66.9,44.1,737
"863",58.6,41.2,73,45,849
"864",62.1,44,82,45,724
"865",62.4,43.9,82,46.9,712
"866",62.5,42.9,82,50,871
"867",74.1,57.7,87.1,50,748
"868",78.3,58.2,87.1,61,835
"869",74,57.7,84,62.1,775
"870",48,40.7,73.9,43,776
"871",51.4,44.6,64,43,664
"872",60.8,52.9,64.9,48,791
"873",57.5,42.6,73,48,795
"874",60.7,53.3,73,48,739
"875",56.9,51.7,62.1,53.1,762
"876",58.8,50.7,69.1,53.1,763
"877",60.2,51.4,71.1,52,767
"878",61.7,52.8,78.1,52,800
"879",67.6,55,78.1,52,705
"880",68.7,46.6,77,55.9,768
"881",64.2,44.3,77,54,814
"882",63.8,43.5,73.9,52,739
"883",66.4,40.6,81,51.1,895
"884",70.5,41.5,86,51.1,841
"885",73.4,48.6,86,53.1,823
"886",80.1,58.5,91.9,57,820
"887",70,55.7,91.9,62.1,737
"888",64.5,44.5,75.9,54,826
"889",66.7,43.7,77,54,787
"890",69.1,42.9,82.9,53.1,769
"891",74.3,52.7,87.1,53.1,816
"892",75.6,53.9,90,64,785
"893",81.8,55.9,93,64,813
"894",85,60.5,95,73,742
"895",79.9,62.5,95,68,808
"896",77.3,64.4,91.9,68,769
"897",76.2,64.4,91.9,68,823
"898",76.8,59.9,91,66.9,835
"899",78,66.7,87.1,66.9,827
"900",74.4,63.6,87.1,69.1,786
"901",70.2,54.4,80.1,63,745
"902",67.2,52.8,80.1,57.9,802
"903",67.7,53.1,80.1,55,786
"904",78.5,63.5,88,55,818
"905",76.9,62.2,88,66.9,778
"906",69.6,51.5,82.9,61,819
"907",64,46.6,75,54,796
"908",64,46.1,75,54,787
"909",64.6,44.4,78.1,50,772
"910",67.6,50.8,80.1,50,707
"911",74.4,63.8,81,57.9,776
"912",73,65.3,84,64,778
"913",75.1,60.1,84,66,934
"914",74.4,56.3,89.1,62.1,780
"915",73,62.2,89.1,62.1,864
"916",72.3,61.2,82.9,64,796
"917",76.2,61.3,89.1,64,859
"918",80.7,64,93,64.9,781
"919",80.9,66,93,69.1,758
"920",70.5,55.3,89.1,62.1,759
"921",73.4,51.8,86,62.1,823
"922",77,66.1,86,63,779
"923",76.4,68.3,84.9,66.9,769
"924",75.4,70,84.9,68,691
"925",78.2,69.2,82.9,72,820
"926",70.9,59.7,82.9,64.9,798
"927",69.7,58.2,81,60.1,889
"928",71.8,61.5,81,60.1,812
"929",67.4,56.2,79,55.9,847
"930",73.7,59.2,89.1,55.9,792
"931",80.5,68.1,89.1,60.1,769
"932",76.7,69,88,69.1,761
"933",79.7,69.7,89.1,70,758
"934",77.4,69.7,89.1,72,755
"935",78.8,67.5,90,70,842
"936",70.6,60.1,73,66,782
"937",71.2,57.7,82,61,850
"938",74.9,62.1,84.9,64.9,752
"939",77.9,68,84.9,64.9,790
"940",73.6,60.1,82,69.1,851
"941",72,53.6,79,64,800
"942",73.3,57.5,84,62.1,818
"943",75.7,57.2,86,62.1,794
"944",76.5,61.2,86,66.9,961
"945",76.7,63,87.1,66,774
"946",74.7,66.6,87.1,66,849
"947",63.1,54,84,55.9,924
"948",67.7,53.3,80.1,55.9,928
"949",70.7,56.7,80.1,60.1,865
"950",69.5,57,77,63,773
"951",70.2,50.4,84,57.9,768
"952",72.9,55.9,84,57.9,769
"953",73.8,57.8,84,61,790
"954",71.3,61,84,62.1,765
"955",68.4,56.4,78.1,60.1,813
"956",68.8,53.3,80.1,57,730
"957",72.4,56.9,82.9,57,815
"958",75.4,63.8,84,62.1,795
"959",75,64.2,88,66.9,795
"960",77.3,68.8,88,66.9,768
"961",74.2,61.3,82,66.9,859
"962",74.2,58,86,63,892
"963",75.1,59.5,90,63,776
"964",78.1,68.7,90,63,754
"965",75.9,63.6,87.1,71.1,780
"966",69.6,49.6,82,60.1,747
"967",66.7,53.2,79,60.1,801
"968",63.6,47.9,75,52,772
"969",66.9,50.2,78.1,52,779
"970",68.4,54.8,78.1,55.9,756
"971",69.8,60.1,80.1,62.1,688
"972",67.7,62.2,80.1,61,724
"973",70.3,58.5,82,60.1,788
"974",69.3,56.8,82,60.1,736
"975",64.2,49.1,73,57.9,920
"976",62.3,46,75,50,772
"977",68.1,54.6,84,50,757
"978",73.3,56.8,84,57,716
"979",63.2,48.4,82,54,704
"980",57.8,43.9,70,48.9,648
"981",59.8,45.3,71.1,48.9,728
"982",62.4,49.1,71.1,52,702
"983",63.5,47.7,72,55.9,736
"984",60.8,45.7,72,50,739
"985",62.2,47.9,75,50,691
"986",65,51.8,77,52,726
"987",65.8,57.5,77,54,706
"988",68.4,60.5,81,57.9,734
"989",73.4,59.4,87.1,59,808
"990",76.9,60.3,88,62.1,826
"991",76.6,61.8,88,64.9,812
"992",67.7,54.3,86,57.9,772
"993",69.9,62.1,79,57.9,708
"994",74.8,63.9,91.9,62.1,827
"995",83.4,65.4,93.9,62.1,807
"996",83.7,66.4,93.9,71.1,798
"997",82.7,64.7,95,71.1,830
"998",81.1,62.8,95,70,811
"999",79.4,58.2,93,66.9,821
"1000",80,58.5,91.9,66.9,749
"1001",69.9,53.9,91.9,63,726
"1002",62,43.5,73.9,53.1,717
"1003",64.1,45.3,73.9,60.1,810
"1004",61.1,43.7,70,55.9,745
"1005",59.1,40.5,72,48,852
"1006",69.3,47.2,82.9,48,752
"1007",72.8,57.1,82.9,57.9,738
"1008",71.4,61,78.1,64.9,742
"1009",64.6,47.9,77,54,747
"1010",64.2,59,77,54,748
"1011",69.5,61.1,79,60.1,712
"1012",64.6,53.3,79,54,718
"1013",66.1,51.6,81,52,746
"1014",61.6,54.1,64.9,57.9,703
"1015",58.8,55.8,63,57,617
"1016",57.8,53.1,62.1,55.9,765
"1017",61.4,54.1,73,55,768
"1018",63.6,59.5,73,55,647
"1019",60.2,53.7,68,51.8,639
"1020",51.7,39,68,43,763
"1021",57,38.8,70,43,719
"1022",59.4,41.3,71.1,46.9,774
"1023",61.4,37,71.1,46.9,773
"1024",61.4,44.1,78.1,51.1,849
"1025",67.5,51,78.1,51.1,814
"1026",65.6,56.1,72,51.8,739
"1027",52.3,49,54,51.1,740
"1028",48.4,43.6,54,46,689
"1029",44.1,32.5,53.1,37.9,714
"1030",46.5,36.4,60.1,36,754
"1031",45,32.9,60.1,36,819
"1032",38.5,29.9,53.1,36,717
"1033",39.9,26.6,46,33.1,696
"1034",44.8,29.6,50,34,708
"1035",37.8,21.9,50,34,757
"1036",38.7,28.6,44.1,34,824
"1037",46.6,43.8,51.1,36,722
"1038",44.4,37.1,51.1,37.9,789
"1039",45.7,39.9,48.2,44.1,756
"1040",49.5,47,52,42.1,773
"1041",41,30.6,52,32,717
"1042",40,29,45,33.1,678
"1043",36.6,25.5,46,28.9,758
"1044",38.8,25.6,46,29.1,656
"1045",24,9.5,33.1,17.6,678
"1046",29.5,16.7,36,18,688
"1047",37.6,29.7,39.9,26.2,666
"1048",36.4,32.5,39.9,30.9,718
"1049",38.9,32.5,48.9,30,700
"1050",47.6,39.5,52,30.2,709
"1051",36.2,26.8,52,33.1,765
"1052",38.4,30.4,45,33.1,741
"1053",42.8,39.5,48.2,35.1,698
"1054",34.6,22.3,48,30,690
"1055",38.1,24.8,52,30,762
"1056",42.9,27.7,52,30.2,673
"1057",28.7,14.7,44.1,21.9,656
"1058",36.3,20.1,46,23,543
"1059",44,29.9,63,32,683
"1060",48.9,35.3,63,32,714
"1061",37.5,24.2,55,27,665
"1062",44.2,32.6,55.9,27.1,774
"1063",55.3,34.6,61,50,783
"1064",43.3,25.7,61,34,771
"1065",46.3,28.8,54,34,751
"1066",41.2,26.3,54,28,918
"1067",42.1,28.4,54,28.2,758
"1068",42.8,29.7,57.9,28.9,676
"1069",55.4,39.9,64.9,46.9,809
"1070",41.4,27.2,64.9,30,710
"1071",30.6,12.9,44.1,27,712
"1072",25.1,12.7,35.1,19,625
"1073",24.7,9,37,18,735
"1074",29.8,19.5,37,18,659
"1075",25.9,15.4,35.1,19.9,664
"1076",30.6,20.8,39,19.9,740
"1077",24.1,13.6,39,17.1,684
"1078",26.5,14.9,37.9,18,700
"1079",24.1,13,37.9,16,718
"1080",25.7,15.1,34,17.1,768
"1081",38.1,23.3,46,21,772
"1082",35.5,30.9,46,27,729
"1083",42.4,35.2,46,29.1,727
"1084",43.4,32.3,50,39,764
"1085",34,17.3,50,27,704
"1086",34.9,24.2,39.9,27,747
"1087",37.8,29.6,39.9,32,784
"1088",30.6,21,39,24.1,714
"1089",21.1,12.4,33.1,19,504
"1090",16,7.1,21.9,10,394
"1091",2.5,-8.6,21,-2.9,526
"1092",1.1,-9.2,7,-4,523
"1093",6.2,-2.9,15.1,-4,601
"1094",12.2,5.9,15.1,0,574
"1095",9.7,0.8,15.8,3,621
"1096",0.4,-10,1.9,-0.9,541
"1097",-2,-12.9,12.9,-9,962
"1098",-2.4,-12,7,-9,562
"1099",11.4,1.8,17.1,-7.1,576
"1100",7,-4.3,17.1,0,602
"1101",4.6,-6.2,12,-0.9,664
"1102",5.3,-6.9,17.1,-2,586
"1103",16.9,5.6,30,-0.9,533
"1104",33.6,28.3,37,30,621
"1105",30.9,26.9,37,26.1,652
"1106",36.9,34.6,51.8,28,720
"1107",55.5,51.3,59,30.2,701
"1108",23.4,15.7,39,19,707
"1109",12.9,-1.9,23,6.1,617
"1110",11.8,-0.8,21,5,564
"1111",19,13.9,24.1,5,531
"1112",15.5,8.7,25,8.6,614
"1113",13.2,5.8,26.1,3.9,649
"1114",21.2,11,32,5,626
"1115",32.2,20.2,39.9,17.1,709
"1116",39.2,28.6,45,28.2,731
"1117",40.2,36.8,45,35.1,718
"1118",47.2,44.6,54,36,724
"1119",35.5,30,54,30,719
"1120",28.6,21.3,39,27,613
"1121",31.2,23.6,43,24.1,641
"1122",41,31.1,51.1,24.3,763
"1123",47.2,30,51.1,33.1,754
"1124",35.3,26.9,50,28,671
"1125",27.3,18.8,33.1,21.2,652
"1126",21,9.9,30,15.1,637
"1127",34.6,20.4,42.1,16,708
"1128",27.8,13.9,42.1,12.9,741
"1129",10.7,-6,19,5,674
"1130",26.2,8.1,41,5,630
"1131",25.8,17.8,41,12,513
"1132",5.9,-4.4,12,-2,543
"1133",11.9,4.6,21,-2,588
"1134",16.7,9.7,21,3,544
"1135",13.2,4.4,21,7,557
"1136",23.6,19.6,28,7,505
"1137",18.8,11.1,28,14,534
"1138",19.5,13.4,21.9,15.1,537
"1139",15.2,2.5,27,3.9,572
"1140",20,8.8,35.1,3.9,645
"1141",32.1,25.1,44.1,23,661
"1142",40.8,39.1,48,26.2,698
"1143",35.7,25,48,28.9,664
"1144",24.7,14.6,39,17.1,605
"1145",27.1,21.9,37.9,12,587
"1146",42.3,37.9,57.9,36,624
"1147",58.8,55.4,66,37.9,645
"1148",32.1,24.4,41,27,639
"1149",33.3,24.5,39.9,28.9,677
"1150",39.8,35.6,44.1,29.1,671
"1151",36.2,30.1,44.1,33.1,681
"1152",40.5,30.4,50,33.1,657
"1153",40.4,25.8,53.1,28,625
"1154",48.2,31.6,62.1,28.2,691
"1155",51.1,38.3,62.1,37,646
"1156",39.4,33,59,37,830
"1157",37.5,23.2,48,30,692
"1158",37.8,20.2,48,30.2,664
"1159",37.7,20.4,46,32,649
"1160",36.8,19.9,46,32,665
"1161",35.1,30.6,41,32,653
"1162",30.9,22.2,41,26.1,656
"1163",27.9,14.3,34,24.1,660
"1164",29.8,15.4,41,23,745
"1165",32.5,17.3,41,23,684
"1166",34.3,20,41,23,619
"1167",36.7,21.6,46,28,661
"1168",31.9,20.1,46,27,638
"1169",30.1,14.4,48,19,665
"1170",39.6,24.6,50,22.1,691
"1171",32.4,21.4,50,28,703
"1172",37.2,21.8,46,29.1,777
"1173",39.9,19.3,57,27,689
"1174",40.7,24.8,57,27.1,660
"1175",33.1,21.9,46,28.9,712
"1176",33.3,20,39.9,28.9,689
"1177",34.3,17.7,50,21.9,670
"1178",35.6,21.1,50,22.1,752
"1179",35.6,21.6,43,25.2,649
"1180",33.8,16.3,41,27,677
"1181",39.3,20.6,53.1,27.1,696
"1182",48.9,44,53.1,31.1,674
"1183",44.7,35.3,54,39,689
"1184",45,38.4,54,39,629
"1185",38.8,27.2,50,33.1,704
"1186",44,31.1,57.9,33.1,690
"1187",32.3,15.1,57.9,24.1,736
"1188",31.6,15.4,44.1,21,674
"1189",38.9,32.4,44.1,21.2,605
"1190",31.8,23.9,39.9,26.1,701
"1191",31.6,16,42.1,23,672
"1192",35.1,25,42.1,23.2,695
"1193",28.2,8,39,19.9,635
"1194",30.7,11.5,39,19.9,618
"1195",32.8,26.6,39,21,661
"1196",35.7,24,46,28,714
"1197",47.8,30.8,66,28.2,769
"1198",55.6,41.2,73,39,751
"1199",43.4,37.1,48,39.9,781
"1200",38.8,35.9,41,36,689
"1201",35.2,32.1,37,33.8,603
"1202",30.5,24.6,35.1,26.6,733
"1203",34.7,21.1,43,27.1,699
"1204",34.8,25.4,43,29.1,627
"1205",39.3,29,55,30.2,724
"1206",46.6,21.6,61,31.1,803
"1207",47.4,19.2,61,36,677
"1208",50.1,22,62.1,39,698
"1209",50.8,27.9,63,42.1,716
"1210",54.6,37.7,64.9,43,713
"1211",49.1,34.4,64.9,43,750
"1212",48.4,28.8,66,36,733
"1213",53.2,30.9,66,36,772
"1214",42.4,29.2,57.9,35.1,679
"1215",43.3,21,59,30.9,725
"1216",56.2,19.4,80.1,31.1,790
"1217",72.2,37.6,84.9,60.1,1011
"1218",76.9,51,86,60.1,789
"1219",64.3,59.2,86,57.9,742
"1220",65.4,53.7,73.9,54,814
"1221",69.7,44.1,82,57,853
"1222",62.3,42.4,82,53.1,716
"1223",59.1,40.1,75,46,805
"1224",68.5,40,81,46,805
"1225",69.7,48.1,81,57,792
"1226",66,53.3,81,57.9,779
"1227",51.7,42.3,73,46,729
"1228",46.4,41.8,52,44.1,699
"1229",52.2,47.5,66.9,44.1,690
"1230",62.1,54.7,82.9,45,788
"1231",63.8,57.4,82.9,53.1,743
"1232",61.8,43.4,79,46.9,759
"1233",63.2,46.3,79,46.9,795
"1234",57,44.1,69.1,52,800
"1235",60.1,55.9,69.1,52,759
"1236",51.2,45.6,69.1,44.1,764
"1237",52.8,48.4,64,44.1,714
"1238",59,54.9,66.9,48.9,797
"1239",63.8,52,80.1,52,781
"1240",71.3,52.5,87.1,52,820
"1241",77.6,54.8,89.1,57.9,805
"1242",78.9,62.1,90,66.9,854
"1243",82.8,61.4,97,70,882
"1244",82.7,61.3,97,70,888
"1245",76.6,59.8,95,66,875
"1246",75.3,63.5,87.1,66,847
"1247",76.9,66,89.1,66.9,841
"1248",70.8,59.1,89.1,60.1,1020
"1249",59.5,50.8,75.9,52,820
"1250",66.6,53.6,78.1,52,835
"1251",66.5,47.9,80.1,55,790
"1252",67,47.8,80.1,55,752
"1253",60.9,46.5,79,48,815
"1254",71.4,56.1,81,48,767
"1255",64.2,53.3,81,60.1,774
"1256",66.1,58.5,82,57,816
"1257",64.5,61,82,57,731
"1258",64,60.2,71.1,60.1,748
"1259",69.3,63.8,80.1,62.1,794
"1260",74.7,60.5,81,62.1,751
"1261",73,50.3,81,64,758
"1262",74.4,55,89.1,64,842
"1263",80.8,67.8,91.9,64,826
"1264",85.9,69.8,93,69.1,828
"1265",86.5,70.3,93.9,73.4,846
"1266",70.9,65.5,95,63,795
"1267",69,62.2,81,63,891
"1268",65.8,61.5,77,64,667
"1269",62.4,58.4,66.9,59,723
"1270",68.1,57,81,60.1,839
"1271",72.7,59.1,81,62.1,870
"1272",68.9,59.1,80.1,61,854
"1273",73.3,62.4,84,61,795
"1274",72.8,66.4,84,66.9,827
"1275",76.2,64.6,88,68,822
"1276",82.1,68.8,96.1,68,780
"1277",87.1,74.7,96.1,73,867
"1278",85.1,72,93.9,75.9,983
"1279",77,63.2,93.9,69.1,860
"1280",77.7,61.3,89.1,63,826
"1281",83.4,71,93,63,829
"1282",81.4,70.9,93,75,841
"1283",74,58.2,91.9,69.1,890
"1284",70.6,48.1,82,59,831
"1285",74.8,51.7,88,59,825
"1286",79.4,58.7,91,63,802
"1287",82.1,61.8,91,66.9,810
"1288",77.2,54,87.1,66.9,737
"1289",78.6,58.7,87.1,66.9,798
"1290",81.9,61.1,95,70,819
"1291",78.3,66.5,95,72,788
"1292",80.2,68.6,91,72,812
"1293",82.3,70.6,91,72,786
"1294",76.6,57.3,93,70,745
"1295",72.1,54,81,63,840
"1296",75.8,55.4,87.1,63,778
"1297",75.7,63.8,87.1,66.9,823
"1298",71.5,65.9,79,69.1,800
"1299",70.7,65.7,79,68,795
"1300",72.3,62.4,82,64.9,846
"1301",75.1,62.8,88,64.9,798
"1302",78.8,58.3,90,66,808
"1303",76.6,59.2,90,66.9,801
"1304",70.2,54.4,81,62.1,800
"1305",71.2,52.4,82,61,808
"1306",71.9,55.2,82.9,61,776
"1307",72.5,58.5,82.9,62.1,782
"1308",72.9,60.8,82,62.1,830
"1309",73.3,58.9,84.9,63,942
"1310",76.8,61.9,84.9,63,854
"1311",77.1,60,89.1,66.9,891
"1312",82,63.3,97,66.9,904
"1313",84.7,64.3,97,71.1,860
"1314",77.6,67,93.9,69.1,803
"1315",75.3,67.5,82.9,69.1,785
"1316",74,65,84.9,69.1,792
"1317",77.9,65,89.1,69.1,769
"1318",76.1,67.1,89.1,69.1,858
"1319",76.9,61.8,88,68,860
"1320",78.7,60.4,88,68,843
"1321",77.1,61.1,89.1,66,824
"1322",79.2,61.3,89.1,66,829
"1323",79.8,65.2,87.1,71.1,799
"1324",77.3,68,86,72,836
"1325",74.9,67.1,86,68,810
"1326",75.3,67.2,84.9,68,912
"1327",75.6,65.8,86,68,793
"1328",75.1,66.6,86,68,748
"1329",71.7,66,77,69.1,722
"1330",69.4,54.1,79,57.9,850
"1331",69.9,51.6,80.1,57.9,728
"1332",68.4,55.6,80.1,60.1,790
"1333",70.9,65.6,86,64,837
"1334",80.8,72.4,93,66,792
"1335",85.4,70.9,93,72,825
"1336",82.2,70.6,93,71.1,802
"1337",71.6,65.3,91,66,751
"1338",67.7,56.6,75.9,61,821
"1339",69.9,59,84.9,60.1,833
"1340",76.4,69.3,86,61,981
"1341",79.8,69.3,91,70,832
"1342",77.1,69.4,87.1,69.8,776
"1343",79.3,69.5,91.9,70,820
"1344",82.5,68.1,91.9,71.1,717
"1345",68.5,63,75,64,741
"1346",67.1,58.8,70,63,730
"1347",66.7,52.3,69.1,63,790
"1348",64.3,51.8,69.1,60.1,665
"1349",64.9,55.2,73.9,55.9,716
"1350",66.9,56.5,79,55.9,692
"1351",70.8,56.9,82,57,714
"1352",69,56.6,82,60.1,687
"1353",73.1,60.2,87.1,60.1,869
"1354",73.5,61.3,87.1,64,809
"1355",76.1,65.3,89.1,64,819
"1356",79,64.3,90,70,786
"1357",73.3,63.9,82,66.2,737
"1358",69.5,62.1,75.9,66,762
"1359",75.3,67.1,93,66,829
"1360",79,60.7,93,64,825
"1361",58.6,42.8,64,51.1,799
"1362",59.7,48.7,71.1,50,735
"1363",65,57.3,73.9,57,796
"1364",72.9,64.5,84,57,751
"1365",60.9,49.2,66.9,50,752
"1366",58.7,43.3,70,48,708
"1367",58.3,44.5,70,48,793
"1368",50.4,38.7,61,42.1,732
"1369",56.6,49.4,62.1,42.1,741
"1370",60.8,55.7,72,54,918
"1371",62.1,57.8,72,57,717
"1372",69.7,60.3,88,57.9,676
"1373",65.9,53.6,88,52,698
"1374",57.3,51.2,64,52,654
"1375",63.6,61,70,54,726
"1376",57.9,53.4,70,57,718
"1377",69.4,63.5,84.9,57,743
"1378",76.3,65.2,84.9,63,746
"1379",72.8,64.7,84.9,68,724
"1380",50.3,38.1,75.9,43,679
"1381",40.5,30.9,51.1,36,707
"1382",40.9,33.3,53.1,32,744
"1383",46.4,38.4,54,32,702
"1384",43.8,34.4,54,37,705
"1385",43.4,29.2,59,34,667
"1386",47.7,30.9,59,34,690
"1387",45,26.5,57.9,34,725
"1388",49.4,35.3,57.9,34,766
"1389",47.6,37,54,37.9,806
"1390",37.4,20.4,51.1,28,644
"1391",48,29.2,64,28.2,716
"1392",49.2,32,64,39,736
"1393",43.7,35.3,54,37,805
"1394",43.9,34.3,53.1,37,721
"1395",48.4,38.1,53.1,37,830
"1396",49.1,40.1,54,44.1,788
"1397",47.2,42.5,54,43,717
"1398",46.9,38.7,55.9,39.9,723
"1399",51.5,42.9,64,39.9,766
"1400",53.5,46,64,45,885
"1401",50.5,37.3,61,46,939
"1402",44.1,34.9,52,37,786
"1403",42.2,31.8,50,34,784
"1404",48,41.8,51.8,45,685
"1405",48.1,42.1,52,44.1,706
"1406",47.7,43.2,51.1,44.1,763
"1407",38.3,27.9,44.1,35.6,685
"1408",35.2,24.2,41,33.1,676
"1409",34.1,27,41,28.9,718
"1410",25,12.9,37,19.9,651
"1411",32.5,19.8,41,19.9,648
"1412",33,23.5,41,28,687
"1413",24.6,11.5,34,19,609
"1414",24.7,12.8,36,17.1,639
"1415",31,25.9,36,17.1,692
"1416",34.1,28.7,39.9,28.9,733
"1417",33.8,29.8,36,32,670
"1418",32.8,24.7,37,30,630
"1419",27.7,22.2,34,23,639
"1420",31.4,21.9,34,28.9,699
"1421",32.2,23.1,36,30,741
"1422",34.1,24.1,39.9,30.9,542
"1423",39.7,32.5,51.1,31.1,750
"1424",44.9,40.8,51.1,34,697
"1425",38.4,34,46.9,33.1,574
"1426",30.1,26.7,37,26.6,561
"1427",23.6,16.7,33.1,21,637
"1428",21.7,15.1,26.1,17.1,715
"1429",29.9,23.6,37.9,17.1,675
"1430",33.8,27.8,42.1,27,752
"1431",37.7,34.7,42.1,28.2,818
"1432",41.4,38.6,44.1,36,711
"1433",34.4,29.4,44.1,30.9,771
"1434",30.5,22.1,35.1,28.9,724
"1435",28.3,19.5,32,25,712
"1436",30.7,21.7,33.1,25,719
"1437",20.7,11.2,33.1,16,747
"1438",24.3,13.2,32,16,739
"1439",24.3,17,35.1,17.1,691
"1440",23.2,17.9,35.1,16,718
"1441",29.6,23.7,37.9,16,671
"1442",33.9,27.7,41,25,759
"1443",32.6,26.4,46,24.1,712
"1444",38.8,38.2,46,24.3,793
"1445",35.2,31.4,46,26.1,744
"1446",35.1,30.4,48,25,751
"1447",36.6,24.7,48.9,26.2,712
"1448",32.9,23.4,42.1,25,717
"1449",39.1,30.3,48.9,25.2,740
"1450",43.7,40.2,48.9,33.1,788
"1451",34.9,31.8,46,30.9,802
"1452",29.9,24.1,37.9,28,760
"1453",32.8,26.1,37.9,28,637
"1454",28.8,17.8,37.9,23,610
"1455",33.7,25.8,45,24.1,448
"1456",34.4,28.7,46.9,26.1,630
"1457",42,35.6,50,26.2,628
"1458",41.9,38.2,53.1,30,725
"1459",28.8,26.1,30.2,26.1,696
"1460",25.5,19.1,36,19,671
"1461",34.3,31.6,39,19.9,648
"1462",30.7,28.2,39,26.1,1075
"1463",27.6,24.5,34,26.1,655
"1464",29.2,22.9,37.9,24.1,752
"1465",37,28.1,48,24.3,769
"1466",38.9,32,52,31.1,792
"1467",37.9,31.7,52,30,664
"1468",43.6,38.7,53.6,37,676
"1469",41.4,35.4,53.1,36,701
"1470",23.2,11.6,45,19,631
"1471",17.9,8.7,25,14,686
"1472",23.4,17.4,30,14,784
"1473",30.2,23.8,32,17.1,673
"1474",29.7,24,32,26.1,573
"1475",25.4,20.4,30.9,23,635
"1476",25.5,21.8,28,23,696
"1477",31.2,24.9,34,24.1,700
"1478",30.3,24,35.1,28,653
"1479",29.7,23.5,35.1,27,668
"1480",26.4,23.3,30.9,21,521
"1481",11.9,2.8,28,6.1,493
"1482",9.4,0.2,17.1,3,556
"1483",18.7,8.7,32,3,626
"1484",29.5,27.9,34,12.9,662
"1485",16.6,12.3,34,9,607
"1486",1.3,-5.5,21.9,-6,586
"1487",2.1,-4.7,12,-7.1,532
"1488",3.8,-2.4,12,-7.1,524
"1489",18.4,12.9,34,-2.9,521
"1490",5.8,-0.8,18,-2,494
"1492",-15,-23,-4,-22,459
"1493",6.9,1.6,21,-4,774
"1494",25.6,21,42.1,1.9,722
"1495",42.3,40.1,46.4,37,596
"1496",47.3,44.2,51.1,37.9,736
"1497",29.5,24.3,51.1,24.1,653
"1498",32.8,31.4,36,25,636
"1499",35.6,34,44.1,28.9,670
"1500",11.4,2.5,28.9,3.9,642
"1501",11.8,2.2,24.1,3.9,756
"1502",23.4,15.9,28,19.9,638
"1503",28,25.3,30.9,21.9,626
"1504",32,29.3,34,26.6,665
"1505",18.5,14.6,34,10,643
"1506",36.1,27.2,50,12,742
"1507",22.8,15.3,50,8.1,741
"1508",18.6,11.4,32,9,677
"1509",25.3,20.4,28.9,12.9,618
"1510",25.1,20.6,30.9,19.9,590
"1511",21.8,12.9,35.1,12,612
"1512",31.1,25.9,37.9,28,635
"1513",30.9,21.3,37.9,25,696
"1514",28.6,19,41,19,712
"1515",35.6,29,41,19.2,647
"1516",37.4,30.7,53.1,21,547
"1517",12.3,0.5,21,6.1,597
"1518",16.9,8,23,6.1,609
"1519",24.6,17.4,30,12.9,649
"1520",18,8.1,27,10.9,595
"1521",26.7,16,34,10.9,755
"1522",29.1,21.4,34,23,664
"1523",22.2,10.7,33.1,16,551
"1524",5.2,-6.4,25,-2.9,544
"1525",11.9,0.4,21,-2.9,542
"1526",16.3,3.7,30,8.1,629
"1527",22.7,10.7,30,9,610
"1528",28,20.3,39,14,718
"1529",33.5,27.4,41,21,617
"1530",36.6,32.2,43,26.2,612
"1531",32,19.2,41,27,700
"1532",35.2,23.5,48.9,24.1,627
"1533",44.9,36.8,57.9,24.3,688
"1534",55.3,48.4,62.1,39.9,676
"1535",38,33,44.1,35.1,735
"1536",34.4,21.4,41,28,766
"1537",34.8,21.9,43,28,612
"1538",35.4,23.7,43,27,651
"1539",38.7,24,48.9,27.1,644
"1540",41.7,33.2,48.9,30.2,693
"1541",39.8,34.8,44.1,35.6,689
"1542",40.2,29.8,46,34,709
"1543",36.5,24.9,53.1,25,690
"1544",45.5,31.8,53.1,25.2,648
"1545",36,25.6,50,33.1,639
"1546",34.9,13.9,48,23,672
"1547",41.8,17.3,59,23,698
"1548",53.2,38.7,64.9,46.9,683
"1549",46.7,32,64.9,37.9,675
"1550",39.7,32.1,57,34,663
"1551",30.7,14.6,45,23,636
"1552",35,20.2,48.9,23,793
"1553",44.7,30.6,55,26.2,657
"1554",45.5,28.4,57.9,37,680
"1555",46,38.1,57.9,37,663
"1556",43.5,39.2,57,39,705
"1557",51.7,44.3,66,39,743
"1558",56.3,49.4,66.9,39,703
"1559",61.2,46.7,73,51.1,744
"1560",59.8,36.2,73,48,693
"1561",40.5,30.7,66,34,659
"1562",42.2,34.2,55.9,34,746
"1563",47.9,35.4,55.9,37,780
"1564",42.4,24.9,52,35.1,754
"1565",36.8,29.9,52,32,536
"1566",37.8,28.5,52,30.9,724
"1567",56,41.8,72,48,708
"1568",55,46.1,77,44.1,692
"1569",58.5,50.3,77,44.1,628
"1570",44.9,34.2,64.9,41,650
"1571",49.5,20.7,64,36,730
"1572",58.3,25.3,77,36,645
"1573",68.1,42,80.1,44.1,736
"1574",59.1,48.8,80.1,48.9,743
"1575",52.7,38.4,64.9,42.1,702
"1576",56.7,37.4,66.9,42.1,767
"1577",55.6,38,66.9,46,762
"1578",42.4,29.9,63,32,629
"1579",39.1,27.2,52,30.9,606
"1580",45.1,38,52,31.1,717
"1581",44.4,42.6,51.1,37.9,729
"1582",50,47.3,57.9,39,815
"1583",44.3,42.4,57.9,41,698
"1584",47.5,40.2,55,39.9,791
"1585",49.5,38.1,63,37.9,699
"1586",58.3,40.8,73,37.9,779
"1587",59.3,47.7,73,46,792
"1588",46.4,40,50,44.1,700
"1589",50.1,38.7,66,43,759
"1590",61.3,55.5,68,46,737
"1591",49.6,38.2,66.9,44.1,798
"1592",47.6,36.5,57.9,44.1,696
"1593",46.2,37.5,53.1,42.1,631
"1594",49.7,37.7,61,42.1,790
"1595",54.3,37.1,71.1,41,720
"1596",62.3,42.5,75,41,764
"1597",66.3,54.8,77,50,740
"1598",57.9,50,77,46,775
"1599",55.7,47.4,80.1,44.1,757
"1600",62.7,56.2,80.1,44.1,774
"1601",53.3,43.1,73.9,46,810
"1602",48.5,39.3,57,45,728
"1603",61.4,50.1,82,50,772
"1604",70.1,55.4,82,48.9,772
"1605",62.3,51.8,73.9,54,847
"1606",73.6,62.7,81,54,875
"1607",70,57.6,81,63,827
"1608",61.2,51.4,73.9,53.1,746
"1609",64.5,60.1,73,53.1,747
"1610",59.5,54.6,75,52,738
"1611",66,57,78.1,52,746
"1612",70.5,57.9,81,60.1,831
"1613",71,60.3,81,61,922
"1614",60.1,46.6,80.1,52,734
"1615",57.8,38.2,70,48.9,706
"1616",64.2,49.1,82,48.9,772
"1617",74.4,63.8,82.9,55.9,790
"1618",65.5,58.6,82.9,57,741
"1619",66.2,57,78.1,55,823
"1620",67,52.3,78.1,55,888
"1621",68.8,57.7,75.9,57,805
"1622",66.7,52.8,75,60.1,798
"1623",68.8,43.8,82,57,776
"1624",67.4,48.1,82,57,715
"1625",57.9,47.6,71.1,51.1,701
"1626",64.8,43.6,80.1,51.1,806
"1627",66.5,56.9,80.1,52,832
"1628",57,55,70,54,721
"1629",59,52.6,66.9,54,752
"1630",63.9,55.9,78.1,54,716
"1631",66.6,56.3,78.1,54,808
"1632",60,56.4,69.1,55.4,733
"1633",62.8,48.8,72,52,779
"1634",66.5,52.9,79,52,825
"1635",73.1,62.8,81,57.9,809
"1636",71.3,67.1,81,63,810
"1637",72,59.1,84.9,62.1,784
"1638",78.2,60.6,89.1,62.1,798
"1639",77.2,65.5,89.1,68,750
"1640",75.7,66,90,68,847
"1641",78.4,66.9,90,69.1,864
"1642",77.7,65.1,91,69.1,804
"1643",77.1,67.5,91,69.1,909
"1644",83.9,70,91.9,69.1,769
"1645",77.6,68.7,91.9,69.1,807
"1646",78.1,67.7,91,69.1,799
"1647",81.4,69.1,91,70,891
"1648",77.7,68.5,91,72,816
"1649",70.2,58.1,82.9,64.9,775
"1650",70.8,53.2,82.9,60.1,833
"1651",74.2,57.5,88,60.1,743
"1652",83.4,66.1,93.9,61,837
"1653",77.5,61.6,93.9,70,765
"1654",71.8,55.7,87.1,59,788
"1655",81.9,63.2,93.9,59,893
"1656",79.4,62.5,93.9,70,790
"1657",81,65.1,91.9,70,822
"1658",77.2,67.3,91.9,71.1,755
"1659",80.5,70.7,91.9,71.1,803
"1660",77.4,71.2,91.9,71.1,760
"1661",85.5,75.7,93,73.9,802
"1662",85,73.7,95,73,827
"1663",73.6,66.4,78.1,68,774
"1664",70.3,54.2,79,64.9,790
"1665",69.9,54.3,80.1,62.1,787
"1666",71.2,53.3,81,62.1,745
"1667",73.3,51.3,84.9,62.1,800
"1668",75.6,59,84.9,63,816
"1669",79.7,62.4,89.1,66.9,826
"1670",81.1,64.7,89.1,71.1,832
"1671",77.3,67.1,89.1,70,815
"1672",73.2,61.2,82,66.9,777
"1673",68.6,55.6,78.1,59,713
"1674",68.5,54.9,80.1,57,918
"1675",72,57.1,82.9,57,882
"1676",75.4,55.9,89.1,61,869
"1677",78.7,61.5,89.1,63,842
"1678",78.8,63.3,90,70,809
"1679",76.1,63.5,90,66.9,783
"1680",76.7,61.6,88,66,779
"1681",79.1,59.6,88,66,820
"1682",72.7,52,87.1,62.1,796
"1683",74.2,55.9,86,62.1,800
"1684",74.4,59.7,86,66.9,802
"1685",76,69,84,68,709
"1686",75.2,68.3,86,70,762
"1687",71.9,64.8,86,66,793
"1688",70.1,60.4,82.9,63,813
"1689",71.8,60.1,84,63,774
"1690",73.3,65.8,84,64,811
"1691",73.5,67.1,82,66.9,759
"1692",75.6,66,84.9,68,787
"1693",74.3,69.8,84.9,68,732
"1694",73.1,66.9,82.9,64.9,722
"1695",71.4,60.1,82.9,64,754
"1696",67.6,52.8,75.9,57.9,781
"1697",66.8,52.5,75,57.9,818
"1698",68.6,52.9,78.1,60.1,766
"1699",70.2,63.1,78.1,61,730
"1700",71.6,62.9,79,64.9,732
"1701",68.2,52.1,79,59,752
"1702",69.8,56.3,84,57.9,773
"1703",69.6,52.7,84,57.9,766
"1704",66.9,51.9,75,59,775
"1705",66.9,60.3,75,62.1,890
"1706",70,61.5,82,61,777
"1707",72.3,65.1,82,61,680
"1708",67.6,57,80.1,59,683
"1709",63.9,52.2,73.9,55.9,649
"1710",67.3,57.7,73.9,55.9,772
"1711",66.3,55.9,78.1,55.9,737
"1712",65.1,55.4,78.1,55.9,720
"1713",66.5,58.5,75.9,62.1,778
"1714",78,66.5,90,62.1,720
"1715",80.5,70.4,90,71.1,750
"1716",71.9,66.8,89.1,63,784
"1717",72.7,65.4,78.1,64.9,817
"1718",66.7,55.1,80.1,55.9,764
"1719",70.6,62.7,80.1,55.9,784
"1720",71.2,66.8,78.1,63,806
"1721",69.3,63.2,78.1,64,781
"1722",70.9,61,82,62.1,756
"1723",72.2,58.8,82.9,62.1,789
"1724",74.1,64.4,84,63,816
"1725",75.1,67,84,68,757
"1726",72.2,67.5,78.1,69.1,656
"1727",66.7,57.7,77,59,766
"1728",66.9,54.5,79,57.9,757
"1729",70.3,55.9,79,57.9,713
"1730",65.5,45.8,79,55.9,709
"1731",63.3,49.2,72,55.9,668
"1732",61.3,59.1,69.1,54,700
"1733",60.9,57.9,66,53.1,713
"1734",71.2,65.9,84.9,60.1,753
"1735",78.6,67.3,86,64.9,880
"1736",65.9,61.9,82.9,57.2,730
"1737",60.7,56.3,69.1,57,730
"1738",51.8,45.1,57,46,715
"1739",54.6,46.3,63,45,723
"1740",58.6,47.2,66.9,48,670
"1741",58.6,43,69.1,48,746
"1742",57.1,43.2,70,46,712
"1743",59.8,44.3,70,46,734
"1744",61.6,52.1,70,50,647
"1745",59.7,55.2,69.1,42.1,728
"1746",42.7,26.6,66.9,35.1,733
"1747",45.4,31.9,54,36,697
"1748",44.7,31.8,54,37,686
"1749",50,40.6,62.6,41,744
"1750",48.8,37,62.1,41,741
"1751",46,36.4,54,41,676
"1752",46.8,38.5,59,37.9,704
"1753",53.4,40.4,68,37.9,717
"1754",56.3,47.6,68,44.1,720
"1755",56.2,50.9,66.9,48.2,712
"1756",50,38.8,66.9,46,660
"1757",47.5,33.7,57.9,39,700
"1758",47.1,39,57.9,39.9,716
"1759",44.5,34.1,50,42.1,751
"1760",42.1,37.6,48.2,36,559
"1761",48.6,42,57.9,36,701
"1762",47.1,41.2,57.9,41,659
"1763",40.3,36.3,48.9,35.1,635
"1764",36.5,32.4,45,32,578
"1765",33.4,31.7,41,30,589
"1766",30.9,23.6,44.1,23,857
"1767",38,31.3,44.1,23.2,664
"1768",38.8,28.3,53.1,30,721
"1769",47.6,34.7,53.1,30.2,672
"1770",37.7,25.3,51.1,32,636
"1771",38.6,24.7,55,30,661
"1772",28.3,18.7,37,21.9,663
"1773",23,8.1,32,16,680
"1774",33.6,16.8,46,16,710
"1775",40.6,30.9,46,27.1,652
"1776",28.1,24.6,43,19.9,494
"1777",13.4,1.9,33.1,7,547
"1778",15.7,3.7,25,7,578
"1779",27.1,19.9,30,10.9,578
"1780",27.1,20.2,37.9,21.9,757
"1781",32.8,26.6,42.1,21.9,664
"1782",32.9,26.6,42.1,26.1,701
"1783",36.7,33.5,39.9,27.1,683
"1784",37.2,32,41,34,686
"1785",40.8,37.3,46.9,35.1,729
"1786",46.5,41.9,54,37.9,662
"1787",36,26.8,54,28.9,727
"1788",31,25,39.9,24.1,702
"1789",38,30.2,50,24.3,698
"1790",44.5,36.3,53.1,32,694
"1791",41.2,34.3,53.1,32,678
"1792",44.4,39.6,55,33.1,637
"1793",33.8,25.2,36,30.9,508
"1794",35.7,32.8,39.9,31.1,649
"1795",37.3,34.2,39.9,33.1,663
"1796",39.3,37.6,41,34,723
"1797",31.7,26.5,41,28.9,709
"1798",32.4,26.2,39.9,28.9,690
"1799",36.7,28.1,43,29.1,746
"1800",35.7,27.9,45,27,700
"1801",38.5,29.6,45,29.1,736
"1802",30.7,23.8,42.1,25,700
"1803",38.5,30.7,46.9,25.2,671
"1804",45.8,43.3,46.9,34,705
"1805",22,13.2,46.9,14,675
"1806",17.9,7.4,24.1,12.9,606
"1807",28,18.2,45,12.9,656
"1808",39.7,27.5,45,36,731
"1809",32.8,28,45,27,682
"1810",23.5,15.2,35.1,19,655
"1811",26,20.1,30.2,24.1,624
"1812",24.9,18.7,30,19,670
"1813",19.9,7.4,28.9,10,653
"1814",22.9,8.8,35.1,14,683
"1815",29.9,24.6,41,15.1,726
"1816",37.5,28.5,46.9,23.2,747
"1817",39.7,30.6,52,33.1,680
"1818",42,31.8,52,33.1,689
"1819",39.8,35,55,30,624
"1820",47.5,39.7,57,30.2,511
"1821",55.6,48,61,37,609
"1822",36.9,31.7,61,32,693
"1823",34.1,30,44.1,27,639
"1824",51.9,49,57.2,44.1,689
"1825",38.4,34.7,53.1,28.4,616
"1826",26.3,20.8,30,24.1,549
